{
"metadata": {
    "version": {
        "essentia": "2.1-beta5-dev"
    }
},
"lowLevel": {
    "average_loudness": 0.99068403244,
    "barkbands_kurtosis": {
        "mean": 30.6154022217,
        "stdev": 33.6322288513
    },
    "barkbands_skewness": {
        "mean": 3.94707798958,
        "stdev": 1.92246365547
    },
    "barkbands_spread": {
        "mean": 3.68331551552,
        "stdev": 3.19340872765
    },
    "dissonance": {
        "mean": 0.200557246804,
        "stdev": 0.0764180496335
    },
    "hfc": {
        "mean": 38.2181854248,
        "stdev": 29.7141017914
    },
    "pitch": {
        "mean": 173.533218384,
        "stdev": 67.4328613281
    },
    "pitch_instantaneous_confidence": {
        "mean": 0.390394240618,
        "stdev": 0.135706484318
    },
    "pitch_salience": {
        "mean": 0.557667911053,
        "stdev": 0.119203276932
    },
    "silence_rate_20dB": {
        "mean": 0.886178851128,
        "stdev": 0.31759428978
    },
    "silence_rate_30dB": {
        "mean": 0.333333343267,
        "stdev": 0.471404403448
    },
    "silence_rate_60dB": {
        "mean": 0,
        "stdev": 0
    },
    "spectral_centroid": {
        "mean": 225.660446167,
        "stdev": 79.9031906128
    },
    "spectral_complexity": {
        "mean": 8.43902397156,
        "stdev": 3.13684248924
    },
    "spectral_crest": {
        "mean": 14.5602254868,
        "stdev": 4.13323163986
    },
    "spectral_decrease": {
        "mean": -9.05195136625e-08,
        "stdev": 7.17473227496e-08
    },
    "spectral_energy": {
        "mean": 0.174786984921,
        "stdev": 0.138342678547
    },
    "spectral_energyband_high": {
        "mean": 0.000285371439531,
        "stdev": 0.00044491502922
    },
    "spectral_energyband_low": {
        "mean": 0.0758270546794,
        "stdev": 0.0679443255067
    },
    "spectral_energyband_middle_high": {
        "mean": 0.00273495167494,
        "stdev": 0.00253322371282
    },
    "spectral_energyband_middle_low": {
        "mean": 0.145023033023,
        "stdev": 0.129374921322
    },
    "spectral_flatness_db": {
        "mean": 0.284308969975,
        "stdev": 0.086488969624
    },
    "spectral_flux": {
        "mean": 0.172375649214,
        "stdev": 0.109918646514
    },
    "spectral_kurtosis": {
        "mean": 38.2084999084,
        "stdev": 53.649848938
    },
    "spectral_rms": {
        "mean": 0.0169010702521,
        "stdev": 0.00742085138336
    },
    "spectral_rolloff": {
        "mean": 264.350708008,
        "stdev": 108.912307739
    },
    "spectral_skewness": {
        "mean": 4.74112176895,
        "stdev": 3.36192035675
    },
    "spectral_spread": {
        "mean": 12802264,
        "stdev": 9652035
    },
    "spectral_strongpeak": {
        "mean": 0.909996569157,
        "stdev": 0.617463707924
    },
    "zerocrossingrate": {
        "mean": 0.0149263208732,
        "stdev": 0.00960755627602
    },
    "barkbands": {
        "mean": [0.000644724990707, 0.00272657745518, 0.0237939655781, 0.0898935422301, 0.0333190523088, 0.0099013093859, 0.00557059561834, 0.00363729032688, 0.0018403287977, 0.00105704960879, 0.000805492629297, 0.000462863128632, 0.000375106144929, 0.000179356677108, 0.000157343718456, 3.90777167922e-05, 2.94120090985e-05, 9.23223160498e-06, 3.80478377338e-05, 2.8926117011e-05, 5.765482274e-05, 5.65710324736e-05, 2.9731543691e-05, 2.27546333917e-05, 4.46936428489e-05, 4.33473214798e-05, 2.0460518499e-05],
        "stdev": [0.00135138374753, 0.00407940614969, 0.0201437436044, 0.0992872938514, 0.0437466353178, 0.0126789286733, 0.00791640393436, 0.00472484668717, 0.00206513470039, 0.00140952784568, 0.00145946955308, 0.000590859330259, 0.000439319119323, 0.000220120986341, 0.000259587948676, 4.3126703531e-05, 6.29812129773e-05, 1.52626653289e-05, 6.40685975668e-05, 4.70981831313e-05, 0.00010012799612, 8.75250407262e-05, 4.99983034388e-05, 3.59466248483e-05, 7.17729490134e-05, 7.63602147344e-05, 4.39154173364e-05]
    },
    "mfcc": {
        "mean": [-652.824523926, 198.421417236, 53.7777175903, 12.3164319992, -0.0501004047692, 20.0057277679, 0.460696399212, -8.85327625275, -0.0463445074856, -3.46853303909, -2.66361021996, -8.5257730484, -3.8271420002],
        "stdev": [80.0350494385, 66.3368988037, 19.097202301, 26.8173847198, 14.1610469818, 7.79318189621, 10.246254921, 9.52588272095, 7.59444379807, 9.35908603668, 9.10742282867, 10.090344429, 9.0500535965]
    },
    "sccoeffs": {
        "mean": [-0.47993054986, -0.72449952364, -0.694328069687, -0.741320729256, -0.805391967297, -0.836542606354],
        "stdev": [0.147549018264, 0.0860855206847, 0.102110080421, 0.0592801906168, 0.0391206108034, 0.0290648601949]
    },
    "scvalleys": {
        "mean": [-3.55593848228, -4.39351081848, -5.9080529213, -6.97278690338, -8.45067882538, -8.82324314117],
        "stdev": [0.572241485119, 0.823373138905, 0.77349793911, 0.738120794296, 1.14347040653, 1.37613463402]
    }
},
"rhythm": {
    "bpm": 191.406234741,
    "confidence": 0,
    "first_peak_bpm": {
        "mean": 191,
        "stdev": 0
    },
    "first_peak_spread": {
        "mean": 0,
        "stdev": 0
    },
    "first_peak_weight": {
        "mean": 0.333333343267,
        "stdev": 0
    },
    "onset_rate": 5.6518535614,
    "second_peak_bpm": {
        "mean": 215,
        "stdev": 0
    },
    "second_peak_spread": {
        "mean": 0,
        "stdev": 0
    },
    "second_peak_weight": {
        "mean": 0.333333343267,
        "stdev": 0
    }
},
"sfx": {
    "inharmonicity": {
        "mean": 0.0297712646425,
        "stdev": 0.0325877405703
    },
    "oddtoevenharmonicenergyratio": {
        "mean": 2.15334153175,
        "stdev": 12.1248941422
    },
    "pitch_after_max_to_before_max_energy_ratio": 0.608652055264,
    "pitch_centroid": 65.5316390991,
    "pitch_max_to_total": 0.756097555161,
    "pitch_min_to_total": 0.178861781955,
    "tristimulus": {
        "mean": [0.536177575588, 0.297861009836, 0.165961310267],
        "stdev": [0.253748506308, 0.214608862996, 0.122427746654]
    }
},
"tonal": {
    "chords_changes_rate": 0.09375,
    "chords_number_rate": 0.0625,
    "chords_strength": {
        "mean": 0.311970382929,
        "stdev": 0.0222446359694
    },
    "key_strength": 0.650466382504,
    "tuning_diatonic_strength": 0.343068450689,
    "tuning_equal_tempered_deviation": 0.0875461772084,
    "tuning_frequency": 437.213165283,
    "tuning_nontempered_energy_ratio": 0.653176307678,
    "hpcp": {
        "mean": [0.317031621933, 0.167892813683, 0.100194856524, 0.228428825736, 0.203721523285, 0.0980998575687, 0.149457678199, 0.112599469721, 0.0326720587909, 0.0277993604541, 0.0190282743424, 0.0062333708629, 0.00190408795606, 0.00833635125309, 0.0421368554235, 0.0591241493821, 0.0492273643613, 0.0532193146646, 0.0621291063726, 0.0409632325172, 0.170596912503, 0.305092662573, 0.151907473803, 0.036005590111, 0.0474142991006, 0.0232816487551, 0.00455381674692, 0.00524015864357, 0.0031453971751, 0.0105420257896, 0.0297964289784, 0.0252407696098, 0.0921094566584, 0.166613593698, 0.101308062673, 0.20362201333],
        "stdev": [0.38989430666, 0.224572151899, 0.197393760085, 0.395262211561, 0.354728162289, 0.199367627501, 0.323847800493, 0.228502050042, 0.0554456934333, 0.0411895960569, 0.0307110622525, 0.0155140943825, 0.00679300818592, 0.0272280760109, 0.132732793689, 0.172942906618, 0.149673119187, 0.186416700482, 0.203955128789, 0.128607735038, 0.242514237761, 0.43828740716, 0.210310161114, 0.0743807554245, 0.098451256752, 0.044902831316, 0.00645521469414, 0.00960624963045, 0.00542545644566, 0.033366099, 0.0712255388498, 0.0480038151145, 0.179820358753, 0.325636535883, 0.166220650077, 0.280896931887]
    },
    "chords_histogram": [0, 0, 0, 0, 0, 0, 0, 0, 0, 0, 0, 0, 0, 0, 0, 0, 0, 0, 0, 0, 0, 40.625, 59.375, 0],