{
"metadata": {
    "version": {
        "essentia": "2.1-beta5-dev"
    }
},
"lowLevel": {
    "average_loudness": 0.99068403244,
    "barkbands_kurtosis": {
        "mean": 13.5149269104,
        "stdev": 17.0953941345
    },
    "barkbands_skewness": {
        "mean": 2.16671347618,
        "stdev": 1.74306690693
    },
    "barkbands_spread": {
        "mean": 5.98438358307,
        "stdev": 6.18572044373
    },
    "dissonance": {
        "mean": 0.140960484743,
        "stdev": 0.110156387091
    },
    "hfc": {
        "mean": 64.4892196655,
        "stdev": 51.8032455444
    },
    "pitch": {
        "mean": 234.869049072,
        "stdev": 73.9984130859
    },
    "pitch_instantaneous_confidence": {
        "mean": 0.533239781857,
        "stdev": 0.247584119439
    },
    "pitch_salience": {
        "mean": 0.572095930576,
        "stdev": 0.0700177252293
    },
    "silence_rate_20dB": {
        "mean": 0.892473101616,
        "stdev": 0.309782147408
    },
    "silence_rate_30dB": {
        "mean": 0.333333343267,
        "stdev": 0.471404492855
    },
    "silence_rate_60dB": {
        "mean": 0.0430107526481,
        "stdev": 0.202881291509
    },
    "spectral_centroid": {
        "mean": 316.694458008,
        "stdev": 140.985244751
    },
    "spectral_complexity": {
        "mean": 8.27956962585,
        "stdev": 4.19001865387
    },
    "spectral_crest": {
        "mean": 9.97908115387,
        "stdev": 2.28382396698
    },
    "spectral_decrease": {
        "mean": -9.47830116615e-08,
        "stdev": 6.0558562609e-08
    },
    "spectral_energy": {
        "mean": 0.185239076614,
        "stdev": 0.119125708938
    },
    "spectral_energyband_high": {
        "mean": 0.000678254407831,
        "stdev": 0.0010830683168
    },
    "spectral_energyband_low": {
        "mean": 0.0485762283206,
        "stdev": 0.0242489129305
    },
    "spectral_energyband_middle_high": {
        "mean": 0.00400815391913,
        "stdev": 0.00458694761619
    },
    "spectral_energyband_middle_low": {
        "mean": 0.145791783929,
        "stdev": 0.106643386185
    },
    "spectral_flatness_db": {
        "mean": 0.277021080256,
        "stdev": 0.113402068615
    },
    "spectral_flux": {
        "mean": 0.0971196889877,
        "stdev": 0.0736266225576
    },
    "spectral_kurtosis": {
        "mean": 40.9065742493,
        "stdev": 49.8673934937
    },
    "spectral_rms": {
        "mean": 0.0175308398902,
        "stdev": 0.00733207399026
    },
    "spectral_rolloff": {
        "mean": 418.160919189,
        "stdev": 170.821746826
    },
    "spectral_skewness": {
        "mean": 4.91905117035,
        "stdev": 3.52066278458
    },
    "spectral_spread": {
        "mean": 13667578,
        "stdev": 10651003
    },
    "spectral_strongpeak": {
        "mean": 1.12577390671,
        "stdev": 0.795575320721
    },
    "zerocrossingrate": {
        "mean": 0.0250651035458,
        "stdev": 0.0187344457954
    },
    "barkbands": {
        "mean": [0.000689390057232, 0.00751496432349, 0.0272703804076, 0.0195510871708, 0.050184186548, 0.0245227832347, 0.00544169452041, 0.0430104956031, 0.00113823858555, 0.00200369069353, 0.000663376878947, 0.000523567083292, 0.000370246794773, 0.00108567415737, 0.000180246308446, 0.000243273039814, 2.23958049901e-05, 2.11745045817e-05, 9.65665749391e-05, 5.00388960063e-05, 0.000112972746138, 0.000149742103531, 5.58486244699e-05, 6.43209641567e-05, 0.000118452255265, 0.000106038241938, 4.33954010077e-05],
        "stdev": [0.00123734702356, 0.00459957960993, 0.0136153222993, 0.0126120429486, 0.0413872823119, 0.0276632066816, 0.00598521064967, 0.0397647954524, 0.00226058694534, 0.00250173918903, 0.000895254837815, 0.000510802550707, 0.000404223275837, 0.00146852980834, 0.000257152802078, 0.000364746229025, 3.55047013727e-05, 3.43338906532e-05, 0.000218814660911, 7.68671307014e-05, 0.000183232536074, 0.000269545591436, 8.4550549218e-05, 0.000102396108559, 0.00020921912801, 0.000204215015401, 9.12417162908e-05]
    },
    "mfcc": {
        "mean": [-646.802001953, 200.659423828, 54.6668357849, 10.1059350967, 5.9036154747, 17.3411693573, -6.92908763885, -14.7336416245, 1.63847219944, 4.77452993393, 4.33967494965, -6.89005279541, -0.431849360466],
        "stdev": [122.333580017, 71.3516998291, 22.0520763397, 25.8604068756, 12.9616785049, 10.6644830704, 13.8498048782, 13.1021900177, 9.40013027191, 8.97067070007, 8.332447052, 7.02170038223, 6.74222660065]
    },
    "sccoeffs": {
        "mean": [-0.589629709721, -0.556389391422, -0.689960837364, -0.69511526823, -0.806285023689, -0.839326739311],
        "stdev": [0.100536368787, 0.188065990806, 0.101392656565, 0.103247523308, 0.0408487319946, 0.0379757583141]
    },
    "scvalleys": {
        "mean": [-3.27231693268, -4.5991063118, -6.21208524704, -7.21177625656, -8.55321121216, -8.82039737701],
        "stdev": [0.67866319418, 0.869708299637, 0.907637298107, 1.00892591476, 1.58255934715, 1.79744410515]
    }
},
"rhythm": {
    "bpm": 135.999176025,
    "confidence": 0,
    "first_peak_bpm": {
        "mean": 136,
        "stdev": 0
    },
    "first_peak_spread": {
        "mean": 0,
        "stdev": 0
    },
    "first_peak_weight": {
        "mean": 1,
        "stdev": 0
    },
    "onset_rate": 4.6847114563,
    "second_peak_bpm": {
        "mean": 0,
        "stdev": 0
    },
    "second_peak_spread": {
        "mean": 0,
        "stdev": 0
    },
    "second_peak_weight": {
        "mean": 0,
        "stdev": 0
    }
},
"sfx": {
    "inharmonicity": {
        "mean": 0.0268416423351,
        "stdev": 0.0338388979435
    },
    "oddtoevenharmonicenergyratio": {
        "mean": 24.8927745819,
        "stdev": 145.59677124
    },
    "pitch_after_max_to_before_max_energy_ratio": 0.503964722157,
    "pitch_centroid": 42.9684524536,
    "pitch_max_to_total": 0.559139788151,
    "pitch_min_to_total": 0.849462389946,
    "tristimulus": {
        "mean": [0.416441440582, 0.401630103588, 0.181928515434],
        "stdev": [0.227200254798, 0.187881663442, 0.173353567719]
    }
},
"tonal": {
    "chords_changes_rate": 0,
    "chords_number_rate": 0.0416666679084,
    "chords_strength": {
        "mean": 0.323293685913,
        "stdev": 0.0141101628542
    },
    "key_strength": 0.462332934141,
    "tuning_diatonic_strength": 0.391509979963,
    "tuning_equal_tempered_deviation": 0.0807815641165,
    "tuning_frequency": 439.745910645,
    "tuning_nontempered_energy_ratio": 0.658920824528,
    "hpcp": {
        "mean": [0.00282634631731, 0.00170095590875, 0.00475194118917, 0.00680807838216, 0.00317776505835, 0.00212060939521, 0.0171371232718, 0.0365773998201, 0.256656318903, 0.478519529104, 0.252217918634, 0.0130712324753, 0.00647283159196, 0.0307744275779, 0.161877498031, 0.195514634252, 0.0815273746848, 0.0246380288154, 0.00595913082361, 0.00452846707776, 0.0203365255147, 0.0253973007202, 0.03483434394, 0.142666444182, 0.207899048924, 0.140551328659, 0.229719042778, 0.341416329145, 0.166026860476, 0.0181063525379, 0.0321815311909, 0.0410512723029, 0.0656708031893, 0.0651428848505, 0.0214381888509, 0.00212526204996],
        "stdev": [0.00544372899458, 0.00276009878144, 0.016929121688, 0.0247992258519, 0.00908871460706, 0.00480744242668, 0.0633145347238, 0.1347001791, 0.24653890729, 0.481096237898, 0.250707298517, 0.0318635962903, 0.014652710408, 0.05365704, 0.279703915119, 0.365638434887, 0.162272140384, 0.10913362354, 0.0183395855129, 0.0140156466514, 0.0619415454566, 0.0626092925668, 0.06426204741, 0.19411227107, 0.238335326314, 0.24415512383, 0.268172711134, 0.406792402267, 0.2187782377, 0.0176105313003, 0.0423218980432, 0.120098978281, 0.222488969564, 0.224245071411, 0.0939916819334, 0.00424910755828]
    },
    "chords_histogram": [0, 0, 0, 0, 0, 0, 0, 0, 0, 0, 0, 0, 0, 0, 0, 0, 0, 100, 0, 0, 0, 0, 0, 0],