{
"metadata": {
    "version": {
        "essentia": "2.1-beta5-dev"
    }
},
"lowLevel": {
    "average_loudness": 0.99068403244,
    "barkbands_kurtosis": {
        "mean": 29.7109622955,
        "stdev": 25.2565574646
    },
    "barkbands_skewness": {
        "mean": 3.51374053955,
        "stdev": 2.04087162018
    },
    "barkbands_spread": {
        "mean": 3.63395237923,
        "stdev": 2.71165990829
    },
    "dissonance": {
        "mean": 0.144816085696,
        "stdev": 0.0724189728498
    },
    "hfc": {
        "mean": 49.954624176,
        "stdev": 40.1931648254
    },
    "pitch": {
        "mean": 211.298583984,
        "stdev": 50.4368362427
    },
    "pitch_instantaneous_confidence": {
        "mean": 0.544140696526,
        "stdev": 0.121617212892
    },
    "pitch_salience": {
        "mean": 0.581800222397,
        "stdev": 0.0675358101726
    },
    "silence_rate_20dB": {
        "mean": 0.914529919624,
        "stdev": 0.27957996726
    },
    "silence_rate_30dB": {
        "mean": 0.239316239953,
        "stdev": 0.426666051149
    },
    "silence_rate_60dB": {
        "mean": 0,
        "stdev": 0
    },
    "spectral_centroid": {
        "mean": 242.833526611,
        "stdev": 85.9976043701
    },
    "spectral_complexity": {
        "mean": 8.18803405762,
        "stdev": 4.54217147827
    },
    "spectral_crest": {
        "mean": 12.2567396164,
        "stdev": 3.01782131195
    },
    "spectral_decrease": {
        "mean": -9.38661699479e-08,
        "stdev": 4.89736180498e-08
    },
    "spectral_energy": {
        "mean": 0.182185664773,
        "stdev": 0.0960460826755
    },
    "spectral_energyband_high": {
        "mean": 0.00101746642031,
        "stdev": 0.00156326242723
    },
    "spectral_energyband_low": {
        "mean": 0.055734269321,
        "stdev": 0.0270437058061
    },
    "spectral_energyband_middle_high": {
        "mean": 0.00210396735929,
        "stdev": 0.00200684112497
    },
    "spectral_energyband_middle_low": {
        "mean": 0.142894610763,
        "stdev": 0.0837447941303
    },
    "spectral_flatness_db": {
        "mean": 0.302331417799,
        "stdev": 0.11182821542
    },
    "spectral_flux": {
        "mean": 0.0821363851428,
        "stdev": 0.0643880218267
    },
    "spectral_kurtosis": {
        "mean": 34.8954620361,
        "stdev": 49.5085144043
    },
    "spectral_rms": {
        "mean": 0.0180605575442,
        "stdev": 0.00538088940084
    },
    "spectral_rolloff": {
        "mean": 286.741271973,
        "stdev": 94.4146194458
    },
    "spectral_skewness": {
        "mean": 4.48891019821,
        "stdev": 3.49353742599
    },
    "spectral_spread": {
        "mean": 15157643,
        "stdev": 10333936
    },
    "spectral_strongpeak": {
        "mean": 0.910331189632,
        "stdev": 0.690925419331
    },
    "zerocrossingrate": {
        "mean": 0.0204827729613,
        "stdev": 0.0144472736865
    },
    "barkbands": {
        "mean": [0.00062816136051, 0.00868310872465, 0.0272758807987, 0.0469353459775, 0.0708369538188, 0.00647186115384, 0.0102529665455, 0.00587125821039, 0.00144776760135, 0.00128741993103, 0.000373813207261, 0.000137047638418, 0.000157116810442, 0.000474266766105, 2.22662256419e-05, 8.69900977705e-05, 4.30684340245e-05, 2.33844457398e-05, 0.000110223940283, 7.64522483223e-05, 0.000160661482369, 0.000204632160603, 9.71984190983e-05, 9.00389641174e-05, 0.000199462054297, 0.00016606587451, 6.51313021081e-05],
        "stdev": [0.00147453951649, 0.00827744696289, 0.0146091515198, 0.0357593894005, 0.0531546324492, 0.00683155888692, 0.0100470809266, 0.00917285960168, 0.00302357273176, 0.00129017839208, 0.000723524251953, 0.000263896363322, 0.000195343178348, 0.000753797299694, 3.58104189218e-05, 0.000173666441697, 6.8883971835e-05, 3.72650538338e-05, 0.000148223436554, 0.000124794940348, 0.000245748844463, 0.000311370444251, 0.00014727623784, 0.000130085172714, 0.0003576327872, 0.000329624686856, 0.000139724026667]
    },
    "mfcc": {
        "mean": [-652.446716309, 186.436157227, 73.4387359619, 27.3212738037, 2.67824888229, 19.0388698578, 5.85342550278, -8.52741527557, -6.48477220535, -7.08039236069, -4.10569000244, -11.1931819916, -4.13923549652],
        "stdev": [122.316940308, 66.8774642944, 22.756772995, 22.5780162811, 14.1118679047, 13.347454071, 11.4181175232, 9.81749820709, 7.00515413284, 9.04354953766, 13.3665628433, 11.7293586731, 7.24458885193]
    },
    "sccoeffs": {
        "mean": [-0.549004077911, -0.512576639652, -0.625070869923, -0.711797714233, -0.809117674828, -0.831579983234],
        "stdev": [0.102380558848, 0.135943755507, 0.108349151909, 0.0943112969398, 0.0508705675602, 0.0394966676831]
    },
    "scvalleys": {
        "mean": [-3.05371713638, -5.58712053299, -6.68438625336, -7.62494325638, -8.32615280151, -8.5811958313],
        "stdev": [0.659060955048, 0.76778459549, 0.841498374939, 1.07772517204, 1.50655090809, 1.73023319244]
    }
},
"rhythm": {
    "bpm": 172.265609741,
    "confidence": 0,
    "first_peak_bpm": {
        "mean": 172,
        "stdev": 0
    },
    "first_peak_spread": {
        "mean": 0,
        "stdev": 0
    },
    "first_peak_weight": {
        "mean": 0.5,
        "stdev": 0
    },
    "onset_rate": 3.7242846489,
    "second_peak_bpm": {
        "mean": 178,
        "stdev": 0
    },
    "second_peak_spread": {
        "mean": 0,
        "stdev": 0
    },
    "second_peak_weight": {
        "mean": 0.5,
        "stdev": 0
    }
},
"sfx": {
    "inharmonicity": {
        "mean": 0.0167253874242,
        "stdev": 0.0256764832884
    },
    "oddtoevenharmonicenergyratio": {
        "mean": 1.94651210308,
        "stdev": 17.7125320435
    },
    "pitch_after_max_to_before_max_energy_ratio": 0.0256677661091,
    "pitch_centroid": 54.4813919067,
    "pitch_max_to_total": 0.991452991962,
    "pitch_min_to_total": 0.418803423643,
    "tristimulus": {
        "mean": [0.556502819061, 0.330184310675, 0.113312713802],
        "stdev": [0.135233804584, 0.0933969989419, 0.0868766829371]
    }
},
"tonal": {
    "chords_changes_rate": 0,
    "chords_number_rate": 0.0333333350718,
    "chords_strength": {
        "mean": 0.571301758289,
        "stdev": 0.0437360666692
    },
    "key_strength": 0.752998948097,
    "tuning_diatonic_strength": 0.54391849041,
    "tuning_equal_tempered_deviation": 0.067480944097,
    "tuning_frequency": 439.745910645,
    "tuning_nontempered_energy_ratio": 0.637947738171,
    "hpcp": {
        "mean": [0.000752796244342, 0.000421072239988, 0.000645233027171, 0.00282643130049, 0.00722119724378, 0.192140623927, 0.399676710367, 0.218914195895, 0.00691409688443, 0.000671920541208, 0.000554303987883, 0.000497753499076, 0.000370759400539, 0.000531812838744, 0.000750309263822, 0.00136478501372, 0.00642136670649, 0.0284818299115, 0.0313612371683, 0.0340199619532, 0.229407802224, 0.428545087576, 0.252349168062, 0.0536045767367, 0.0333073101938, 0.00739637995139, 0.00486034201458, 0.0126366717741, 0.00880248751491, 0.0184884741902, 0.0334769822657, 0.0230827592313, 0.189495146275, 0.337989836931, 0.167931362987, 0.0126845380291],
        "stdev": [0.00136018951889, 0.000359729834599, 0.0021679950878, 0.0100311171263, 0.0265437681228, 0.239536821842, 0.486014008522, 0.280878692865, 0.0184374731034, 0.000814593047835, 0.00104461004958, 0.00123087503016, 0.00100595632102, 0.00132033252157, 0.00189626647625, 0.00433730287477, 0.0178054533899, 0.0823392644525, 0.0999222099781, 0.0911473110318, 0.267915666103, 0.414400875568, 0.248403087258, 0.177494227886, 0.161683097482, 0.0375344902277, 0.00857345853001, 0.0211923569441, 0.0134354839101, 0.094851911068, 0.179478928447, 0.085439145565, 0.276415675879, 0.468607485294, 0.25045183301, 0.0449815355241]
    },
    "chords_histogram": [100, 0, 0, 0, 0, 0, 0, 0, 0, 0, 0, 0, 0, 0, 0, 0, 0, 0, 0, 0, 0, 0, 0, 0],