{
"metadata": {
    "version": {
        "essentia": "2.1-beta5-dev"
    }
},
"lowLevel": {
    "average_loudness": 0.99068403244,
    "barkbands_kurtosis": {
        "mean": 30.7970485687,
        "stdev": 28.1147251129
    },
    "barkbands_skewness": {
        "mean": 3.54664540291,
        "stdev": 1.89727830887
    },
    "barkbands_spread": {
        "mean": 4.25979614258,
        "stdev": 6.94894695282
    },
    "dissonance": {
        "mean": 0.166904315352,
        "stdev": 0.0956789851189
    },
    "hfc": {
        "mean": 39.252571106,
        "stdev": 24.2949714661
    },
    "pitch": {
        "mean": 175.168151855,
        "stdev": 47.6806945801
    },
    "pitch_instantaneous_confidence": {
        "mean": 0.423482120037,
        "stdev": 0.152787789702
    },
    "pitch_salience": {
        "mean": 0.576258540154,
        "stdev": 0.104457445443
    },
    "silence_rate_20dB": {
        "mean": 0.865979373455,
        "stdev": 0.340674430132
    },
    "silence_rate_30dB": {
        "mean": 0.185567006469,
        "stdev": 0.388757020235
    },
    "silence_rate_60dB": {
        "mean": 0,
        "stdev": 0
    },
    "spectral_centroid": {
        "mean": 224.790771484,
        "stdev": 207.147994995
    },
    "spectral_complexity": {
        "mean": 7.89690732956,
        "stdev": 3.97799301147
    },
    "spectral_crest": {
        "mean": 13.5044088364,
        "stdev": 3.79914617538
    },
    "spectral_decrease": {
        "mean": -1.1179754722e-07,
        "stdev": 7.2188960587e-08
    },
    "spectral_energy": {
        "mean": 0.21515250206,
        "stdev": 0.138286232948
    },
    "spectral_energyband_high": {
        "mean": 0.000627662811894,
        "stdev": 0.00103998847771
    },
    "spectral_energyband_low": {
        "mean": 0.122634723783,
        "stdev": 0.105391316116
    },
    "spectral_energyband_middle_high": {
        "mean": 0.002150607761,
        "stdev": 0.0021589663811
    },
    "spectral_energyband_middle_low": {
        "mean": 0.123568996787,
        "stdev": 0.0885207056999
    },
    "spectral_flatness_db": {
        "mean": 0.319696635008,
        "stdev": 0.11172503233
    },
    "spectral_flux": {
        "mean": 0.146324753761,
        "stdev": 0.0841545388103
    },
    "spectral_kurtosis": {
        "mean": 46.6738166809,
        "stdev": 59.2206954956
    },
    "spectral_rms": {
        "mean": 0.0193985700607,
        "stdev": 0.0065647684969
    },
    "spectral_rolloff": {
        "mean": 276.157775879,
        "stdev": 422.087585449
    },
    "spectral_skewness": {
        "mean": 5.27237701416,
        "stdev": 3.87057518959
    },
    "spectral_spread": {
        "mean": 13379757,
        "stdev": 11489739
    },
    "spectral_strongpeak": {
        "mean": 0.726870536804,
        "stdev": 0.658037245274
    },
    "zerocrossingrate": {
        "mean": 0.016067976132,
        "stdev": 0.0165906213224
    },
    "barkbands": {
        "mean": [0.00391460675746, 0.0310315676033, 0.0542020201683, 0.0773182660341, 0.0283546037972, 0.0115224635229, 0.00445366231725, 0.001201326726, 0.00029307656223, 0.000701497483533, 0.000647331646178, 0.000354831892764, 0.000169476508745, 0.000106055260403, 2.67275518127e-05, 2.92560198432e-05, 4.71849016321e-05, 2.1154201022e-05, 8.05296076578e-05, 7.79643523856e-05, 0.000111550354632, 0.000120108285046, 5.2086856158e-05, 5.28565069544e-05, 0.000107419051346, 0.000101913465187, 4.69398619316e-05],
        "stdev": [0.00783641915768, 0.0371421836317, 0.0507487952709, 0.0730137676001, 0.0322830155492, 0.0137749165297, 0.00444488041103, 0.00137228320818, 0.000377953430871, 0.000806685886346, 0.00139299302828, 0.000513586681336, 0.000255246413872, 0.000164027456776, 4.3210642616e-05, 5.65286791243e-05, 0.000128442639834, 3.74391311198e-05, 0.000141836528201, 0.000165773439221, 0.000190546561498, 0.000187432742678, 8.21325011202e-05, 9.49020468397e-05, 0.000192224688362, 0.000202659764909, 9.95581867755e-05]
    },
    "mfcc": {
        "mean": [-661.471374512, 200.644638062, 68.2759475708, 23.2735176086, 5.87646245956, 23.8730335236, 9.55219745636, -4.02318239212, -1.81553936005, -6.27638673782, -2.92345428467, -7.272605896, 0.75731664896],
        "stdev": [99.8997039795, 72.3435211182, 19.6438140869, 24.3246307373, 15.0283346176, 12.5233640671, 9.76175022125, 10.1684837341, 10.1091880798, 9.79463577271, 11.4145793915, 7.72549581528, 8.76301956177]
    },
    "sccoeffs": {
        "mean": [-0.503363251686, -0.630092978477, -0.722175657749, -0.745298326015, -0.803833544254, -0.841533124447],
        "stdev": [0.121852688491, 0.107846423984, 0.0955298915505, 0.0627266466618, 0.0476381443441, 0.0372070930898]
    },
    "scvalleys": {
        "mean": [-3.11177372932, -4.8489613533, -6.02594947815, -7.43387508392, -8.54267215729, -8.88816070557],
        "stdev": [0.73499161005, 0.607277691364, 0.466946810484, 0.804941296577, 1.56013393402, 1.77216029167]
    }
},
"rhythm": {
    "bpm": 0,
    "confidence": 0,
    "first_peak_bpm": {
        "mean": 0,
        "stdev": 0
    },
    "first_peak_spread": {
        "mean": 0,
        "stdev": 0
    },
    "first_peak_weight": {
        "mean": 0,
        "stdev": 0
    },
    "onset_rate": 8.13136386871,
    "second_peak_bpm": {
        "mean": 0,
        "stdev": 0
    },
    "second_peak_spread": {
        "mean": 0,
        "stdev": 0
    },
    "second_peak_weight": {
        "mean": 0,
        "stdev": 0
    }
},
"sfx": {
    "inharmonicity": {
        "mean": 0.0264486745,
        "stdev": 0.0331862829626
    },
    "oddtoevenharmonicenergyratio": {
        "mean": 26.0511016846,
        "stdev": 126.296142578
    },
    "pitch_after_max_to_before_max_energy_ratio": 37.2723388672,
    "pitch_centroid": 49.6558647156,
    "pitch_max_to_total": 0,
    "pitch_min_to_total": 0.577319562435,
    "tristimulus": {
        "mean": [0.514555513859, 0.330648481846, 0.154795959592],
        "stdev": [0.269231587648, 0.205444574356, 0.178168416023]
    }
},
"tonal": {
    "chords_changes_rate": 0.0399999991059,
    "chords_number_rate": 0.0799999982119,
    "chords_strength": {
        "mean": 0.572564601898,
        "stdev": 0.0183642394841
    },
    "key_strength": 0.441726863384,
    "tuning_diatonic_strength": 0.387602508068,
    "tuning_equal_tempered_deviation": 0.12947447598,
    "tuning_frequency": 436.708374023,
    "tuning_nontempered_energy_ratio": 0.824579000473,
    "hpcp": {
        "mean": [0.109192155302, 0.0830067172647, 0.0492193326354, 0.121355637908, 0.0981009453535, 0.0134338000789, 0.00214387010783, 0.00112104380969, 0.000945768784732, 0.000645485823043, 0.000696836097632, 0.00384182389826, 0.0142530640587, 0.0339217819273, 0.101202361286, 0.27833840251, 0.282830536366, 0.133614778519, 0.172762870789, 0.18800765276, 0.190634950995, 0.412596315145, 0.372735440731, 0.111361786723, 0.0298577528447, 0.00598431658, 0.00788845028728, 0.00682036438957, 0.00284292222932, 0.00777056859806, 0.0173076242208, 0.0118761388585, 0.0116202542558, 0.0446229837835, 0.0432412326336, 0.0491568222642],
        "stdev": [0.264878481627, 0.195270836353, 0.0961706414819, 0.324469536543, 0.258061110973, 0.0344965085387, 0.00735980225727, 0.00221734354272, 0.00234737689607, 0.00172580394428, 0.00218379637226, 0.00394473550841, 0.0175897479057, 0.0896805375814, 0.211720854044, 0.299762487411, 0.360807597637, 0.180985346437, 0.330151826143, 0.319269984961, 0.217687621713, 0.426939159632, 0.411374777555, 0.203842416406, 0.111961700022, 0.016518522054, 0.025607611984, 0.0257043428719, 0.00737635185942, 0.00650309957564, 0.016683312133, 0.0145909227431, 0.0411664992571, 0.19508035481, 0.187434062362, 0.141485318542]
    },
    "chords_histogram": [0, 0, 0, 0, 0, 0, 0, 0, 0, 96, 4, 0, 0, 0, 0, 0, 0, 0, 0, 0, 0, 0, 0, 0],