{
"metadata": {
    "version": {
        "essentia": "2.1-beta5-dev"
    }
},
"lowLevel": {
    "average_loudness": 0.99068403244,
    "barkbands_kurtosis": {
        "mean": 25.4634094238,
        "stdev": 30.2798957825
    },
    "barkbands_skewness": {
        "mean": 3.17876362801,
        "stdev": 1.68192183971
    },
    "barkbands_spread": {
        "mean": 7.2974653244,
        "stdev": 14.0995340347
    },
    "dissonance": {
        "mean": 0.231467157602,
        "stdev": 0.065887875855
    },
    "hfc": {
        "mean": 39.1717681885,
        "stdev": 22.6153831482
    },
    "pitch": {
        "mean": 288.614990234,
        "stdev": 645.252624512
    },
    "pitch_instantaneous_confidence": {
        "mean": 0.296427965164,
        "stdev": 0.123004749417
    },
    "pitch_salience": {
        "mean": 0.55973058939,
        "stdev": 0.121609091759
    },
    "silence_rate_20dB": {
        "mean": 0.734513282776,
        "stdev": 0.441591322422
    },
    "silence_rate_30dB": {
        "mean": 0.176991149783,
        "stdev": 0.381661385298
    },
    "silence_rate_60dB": {
        "mean": 0,
        "stdev": 0
    },
    "spectral_centroid": {
        "mean": 261.831939697,
        "stdev": 446.301849365
    },
    "spectral_complexity": {
        "mean": 10.4070796967,
        "stdev": 4.23144006729
    },
    "spectral_crest": {
        "mean": 10.314868927,
        "stdev": 2.60734939575
    },
    "spectral_decrease": {
        "mean": -1.33448239126e-07,
        "stdev": 1.02896770215e-07
    },
    "spectral_energy": {
        "mean": 0.256122142076,
        "stdev": 0.195826917887
    },
    "spectral_energyband_high": {
        "mean": 0.000897253339645,
        "stdev": 0.0015461036237
    },
    "spectral_energyband_low": {
        "mean": 0.196622952819,
        "stdev": 0.191955775023
    },
    "spectral_energyband_middle_high": {
        "mean": 0.00255663064308,
        "stdev": 0.00227513979189
    },
    "spectral_energyband_middle_low": {
        "mean": 0.0743449032307,
        "stdev": 0.0476051606238
    },
    "spectral_flatness_db": {
        "mean": 0.257007449865,
        "stdev": 0.0978747904301
    },
    "spectral_flux": {
        "mean": 0.221518188715,
        "stdev": 0.102539494634
    },
    "spectral_kurtosis": {
        "mean": 25.1349506378,
        "stdev": 45.0931091309
    },
    "spectral_rms": {
        "mean": 0.0207986179739,
        "stdev": 0.00816583633423
    },
    "spectral_rolloff": {
        "mean": 438.667541504,
        "stdev": 1208.30090332
    },
    "spectral_skewness": {
        "mean": 3.7966337204,
        "stdev": 2.78513836861
    },
    "spectral_spread": {
        "mean": 15164012,
        "stdev": 10998283
    },
    "spectral_strongpeak": {
        "mean": 0.412589013577,
        "stdev": 0.426665782928
    },
    "zerocrossingrate": {
        "mean": 0.0248288847506,
        "stdev": 0.0354373939335
    },
    "barkbands": {
        "mean": [0.0346243679523, 0.0850852206349, 0.0586575455964, 0.0358670577407, 0.019277960062, 0.00621359469369, 0.00644146185368, 0.0032593163196, 0.00308644585311, 0.000317634927342, 0.000762652547564, 0.000363968400052, 0.000560698274057, 0.000332298863214, 7.8900011431e-05, 7.18731898814e-05, 7.29599487386e-05, 3.40434344253e-05, 7.64725991758e-05, 5.49055657757e-05, 0.00013906294771, 0.00018372303748, 8.14473823993e-05, 7.63622520026e-05, 0.00014600038412, 0.000166983896634, 7.95246014604e-05],
        "stdev": [0.0499521233141, 0.0864844694734, 0.0656946823001, 0.0252912938595, 0.0167639255524, 0.00935885217041, 0.00612368853763, 0.00322778429836, 0.00379077252001, 0.000287579227006, 0.000616440433078, 0.000501993286889, 0.00081781175686, 0.000361797923688, 8.33035373944e-05, 7.71628765506e-05, 8.5376406787e-05, 5.04556228407e-05, 0.000123343794257, 9.09274240257e-05, 0.000206750803045, 0.000343519350281, 0.000147810424096, 0.000134828558657, 0.000261306442553, 0.000333395408234, 0.000161854564794]
    },
    "mfcc": {
        "mean": [-609.814941406, 175.585113525, 53.8963546753, 23.5193042755, 6.611079216, 21.3455257416, 5.82579898834, 0.491281062365, 7.3180065155, 1.90979719162, 8.00526809692, 3.77313566208, 3.46892023087],
        "stdev": [77.5416564941, 53.9038352966, 23.4856987, 19.5303783417, 12.1164684296, 7.83315658569, 9.98264408112, 10.59562397, 7.45097541809, 8.11246776581, 9.35996723175, 10.2601451874, 7.5533156395]
    },
    "sccoeffs": {
        "mean": [-0.504192769527, -0.73369127512, -0.743057072163, -0.755690395832, -0.794193446636, -0.824294030666],
        "stdev": [0.146949052811, 0.0809590816498, 0.060759473592, 0.0597448684275, 0.040072273463, 0.0305875390768]
    },
    "scvalleys": {
        "mean": [-3.02193260193, -4.27186727524, -5.67274522781, -6.62652730942, -7.78379487991, -8.1761932373],
        "stdev": [0.678965687752, 0.791305541992, 0.811045885086, 0.785693347454, 0.963864922523, 1.21070110798]
    }
},
"rhythm": {
    "bpm": 172.265640259,
    "confidence": 0,
    "first_peak_bpm": {
        "mean": 172,
        "stdev": 0
    },
    "first_peak_spread": {
        "mean": 0,
        "stdev": 0
    },
    "first_peak_weight": {
        "mean": 0.5,
        "stdev": 0
    },
    "onset_rate": 4.61965513229,
    "second_peak_bpm": {
        "mean": 199,
        "stdev": 0
    },
    "second_peak_spread": {
        "mean": 0,
        "stdev": 0
    },
    "second_peak_weight": {
        "mean": 0.5,
        "stdev": 0
    }
},
"sfx": {
    "inharmonicity": {
        "mean": 0.048552390188,
        "stdev": 0.0490228794515
    },
    "oddtoevenharmonicenergyratio": {
        "mean": 64.7040176392,
        "stdev": 240.561553955
    },
    "pitch_after_max_to_before_max_energy_ratio": 2.42089056969,
    "pitch_centroid": 54.2969360352,
    "pitch_max_to_total": 0.389380544424,
    "pitch_min_to_total": 0.25663715601,
    "tristimulus": {
        "mean": [0.29387280345, 0.409699946642, 0.296427369118],
        "stdev": [0.286913454533, 0.237333104014, 0.263563990593]
    }
},
"tonal": {
    "chords_changes_rate": 0,
    "chords_number_rate": 0.0344827584922,
    "chords_strength": {
        "mean": 0.533297836781,
        "stdev": 0.0204324629158
    },
    "key_strength": 0.591669619083,
    "tuning_diatonic_strength": 0.507201075554,
    "tuning_equal_tempered_deviation": 0.115869686007,
    "tuning_frequency": 441.017791748,
    "tuning_nontempered_energy_ratio": 0.661658704281,
    "hpcp": {
        "mean": [0.0287985857576, 0.0424654893577, 0.0506693348289, 0.0220824889839, 0.0247464384884, 0.133709862828, 0.190299674869, 0.0932499393821, 0.0278176032007, 0.0284371562302, 0.021641895175, 0.0140200937167, 0.041939932853, 0.0470634177327, 0.0768049582839, 0.0986252874136, 0.0473234020174, 0.0138794705272, 0.00550613785163, 0.0109776165336, 0.0474392287433, 0.0653309449553, 0.0631951093674, 0.120263122022, 0.121176294982, 0.059141214937, 0.0628094375134, 0.0588614456356, 0.070438452065, 0.482302069664, 0.666646957397, 0.237669721246, 0.00552605185658, 0.0234371945262, 0.0601828098297, 0.061445761472],
        "stdev": [0.0769975185394, 0.181348159909, 0.189062520862, 0.0569262504578, 0.0449250712991, 0.247829407454, 0.351041436195, 0.198575481772, 0.114994391799, 0.117187209427, 0.0907042324543, 0.0311096571386, 0.117295846343, 0.126022875309, 0.165317341685, 0.22162784636, 0.125159651041, 0.0417992547154, 0.0115960212424, 0.0295062884688, 0.104968227446, 0.143175125122, 0.161137238145, 0.271001070738, 0.229554668069, 0.18421331048, 0.17867974937, 0.206101790071, 0.086094006896, 0.318156510592, 0.447354286909, 0.182091638446, 0.0118856951594, 0.0741927400231, 0.197511732578, 0.208511352539]
    },
    "chords_histogram": [0, 100, 0, 0, 0, 0, 0, 0, 0, 0, 0, 0, 0, 0, 0, 0, 0, 0, 0, 0, 0, 0, 0, 0],