{
"metadata": {
    "version": {
        "essentia": "2.1-beta5-dev"
    }
},
"lowLevel": {
    "average_loudness": 0.99068403244,
    "barkbands_kurtosis": {
        "mean": 52.6340103149,
        "stdev": 46.4463768005
    },
    "barkbands_skewness": {
        "mean": 5.10017061234,
        "stdev": 2.78238773346
    },
    "barkbands_spread": {
        "mean": 4.00597476959,
        "stdev": 3.86849141121
    },
    "dissonance": {
        "mean": 0.267091363668,
        "stdev": 0.122986070812
    },
    "hfc": {
        "mean": 34.7458000183,
        "stdev": 25.0097103119
    },
    "pitch": {
        "mean": 569.416503906,
        "stdev": 1299.81848145
    },
    "pitch_instantaneous_confidence": {
        "mean": 0.355832397938,
        "stdev": 0.097512729466
    },
    "pitch_salience": {
        "mean": 0.493171006441,
        "stdev": 0.132515981793
    },
    "silence_rate_20dB": {
        "mean": 0.860000014305,
        "stdev": 0.346986979246
    },
    "silence_rate_30dB": {
        "mean": 0.259999990463,
        "stdev": 0.438634157181
    },
    "silence_rate_60dB": {
        "mean": 0,
        "stdev": 0
    },
    "spectral_centroid": {
        "mean": 185.165161133,
        "stdev": 75.9245986938
    },
    "spectral_complexity": {
        "mean": 7.84000015259,
        "stdev": 4.69408130646
    },
    "spectral_crest": {
        "mean": 13.873708725,
        "stdev": 1.88107907772
    },
    "spectral_decrease": {
        "mean": -9.78616299108e-08,
        "stdev": 6.58953140942e-08
    },
    "spectral_energy": {
        "mean": 0.18836812675,
        "stdev": 0.126723587513
    },
    "spectral_energyband_high": {
        "mean": 0.000947991909925,
        "stdev": 0.0012388654286
    },
    "spectral_energyband_low": {
        "mean": 0.131390854716,
        "stdev": 0.074644446373
    },
    "spectral_energyband_middle_high": {
        "mean": 0.00118107069284,
        "stdev": 0.00186330045108
    },
    "spectral_energyband_middle_low": {
        "mean": 0.101550333202,
        "stdev": 0.100011251867
    },
    "spectral_flatness_db": {
        "mean": 0.317314088345,
        "stdev": 0.115059502423
    },
    "spectral_flux": {
        "mean": 0.100712902844,
        "stdev": 0.085434474051
    },
    "spectral_kurtosis": {
        "mean": 27.2766304016,
        "stdev": 49.3718070984
    },
    "spectral_rms": {
        "mean": 0.0181799847633,
        "stdev": 0.00605621049181
    },
    "spectral_rolloff": {
        "mean": 162.791015625,
        "stdev": 49.6964530945
    },
    "spectral_skewness": {
        "mean": 3.71991920471,
        "stdev": 3.4209485054
    },
    "spectral_spread": {
        "mean": 18348848,
        "stdev": 11835812
    },
    "spectral_strongpeak": {
        "mean": 0.699021458626,
        "stdev": 0.521132111549
    },
    "zerocrossingrate": {
        "mean": 0.0187207031995,
        "stdev": 0.0140353841707
    },
    "barkbands": {
        "mean": [0.00114632991608, 0.0200917180628, 0.0636741220951, 0.081352263689, 0.00869888626039, 0.00809170212597, 0.00097407452995, 0.000751432322431, 0.00111803296022, 0.000666920561343, 0.000139706447953, 0.000162913798704, 0.000159371600603, 7.55815053708e-05, 4.87545221404e-05, 3.74890041712e-05, 4.80014969071e-05, 2.65924463747e-05, 0.000113059038995, 8.30154967844e-05, 0.000186382385436, 0.000197856134037, 7.4738280091e-05, 9.40299432841e-05, 0.000165588004165, 0.000131017179228, 5.28271957592e-05],
        "stdev": [0.00260176998563, 0.0161151476204, 0.0320195108652, 0.0768878161907, 0.0121304374188, 0.0123155061156, 0.00190898810979, 0.00227922084741, 0.00242019770667, 0.00115110550541, 0.000304288871121, 0.000481222086819, 0.000532578094862, 0.000161496645887, 0.000130781278131, 5.38704844075e-05, 7.1765804023e-05, 3.36584853358e-05, 0.000179843133083, 0.000118810923595, 0.000226262389333, 0.000254520971794, 9.60401157499e-05, 0.000139501134981, 0.000250167417107, 0.00019658965175, 9.31499162107e-05]
    },
    "mfcc": {
        "mean": [-661.440795898, 147.78843689, 80.4399490356, 48.813949585, 11.7281856537, 26.5282154083, 15.4763784409, 4.92213439941, 8.7582950592, 1.68327450752, 0.0338710583746, -10.1851730347, -4.96048545837],
        "stdev": [108.811904907, 70.6394271851, 21.8226032257, 24.2810707092, 17.6190395355, 8.62529468536, 7.05569648743, 8.16825294495, 8.83114910126, 8.67783641815, 8.04118347168, 9.32107257843, 9.47227191925]
    },
    "sccoeffs": {
        "mean": [-0.427635848522, -0.690578758717, -0.758022546768, -0.799737036228, -0.815887391567, -0.822405040264],
        "stdev": [0.0806091278791, 0.12666323781, 0.0952342301607, 0.056181859225, 0.0489127337933, 0.0339491739869]
    },
    "scvalleys": {
        "mean": [-3.49538421631, -5.47343301773, -6.57471752167, -7.55759572983, -8.02889633179, -8.24098491669],
        "stdev": [0.608617722988, 1.00113177299, 1.12281167507, 1.08170878887, 1.40082621574, 1.48205268383]
    }
},
"rhythm": {
    "bpm": 161.499023438,
    "confidence": 0,
    "first_peak_bpm": {
        "mean": 161,
        "stdev": 0
    },
    "first_peak_spread": {
        "mean": 0,
        "stdev": 0
    },
    "first_peak_weight": {
        "mean": 1,
        "stdev": 0
    },
    "onset_rate": 5.22883558273,
    "second_peak_bpm": {
        "mean": 0,
        "stdev": 0
    },
    "second_peak_spread": {
        "mean": 0,
        "stdev": 0
    },
    "second_peak_weight": {
        "mean": 0,
        "stdev": 0
    }
},
"sfx": {
    "inharmonicity": {
        "mean": 0.0302600879222,
        "stdev": 0.043348364532
    },
    "oddtoevenharmonicenergyratio": {
        "mean": 5.18077230453,
        "stdev": 21.5320472717
    },
    "pitch_after_max_to_before_max_energy_ratio": 1.10842132568,
    "pitch_centroid": 19.8975830078,
    "pitch_max_to_total": 0.140000000596,
    "pitch_min_to_total": 0.52999997139,
    "tristimulus": {
        "mean": [0.606142103672, 0.258618175983, 0.13523979485],
        "stdev": [0.366541564465, 0.26401501894, 0.177014902234]
    }
},
"tonal": {
    "chords_changes_rate": 0,
    "chords_number_rate": 0.0384615398943,
    "chords_strength": {
        "mean": 0.334532469511,
        "stdev": 0.0232788510621
    },
    "key_strength": 0.582627415657,
    "tuning_diatonic_strength": 0.268218696117,
    "tuning_equal_tempered_deviation": 0.143086031079,
    "tuning_frequency": 436.204162598,
    "tuning_nontempered_energy_ratio": 0.809650182724,
    "hpcp": {
        "mean": [0.00274832267314, 0.00259692058899, 0.00115739111789, 0.00184830545913, 0.00185513566248, 0.00172076863237, 0.00520723545924, 0.00509982043877, 0.00133652170189, 0.000655797426589, 0.000667405955028, 0.000662429141812, 0.000549940683413, 0.00802375283092, 0.0390762016177, 0.10190320015, 0.0844390541315, 0.070188075304, 0.128691032529, 0.11839106679, 0.22198612988, 0.504511058331, 0.394366681576, 0.0689816996455, 0.00563745619729, 0.00265263509937, 0.00106121459976, 0.00161347456742, 0.00101934827399, 0.00153968168888, 0.00240503274836, 0.0087496927008, 0.10038472712, 0.369630336761, 0.350709885359, 0.0745299756527],
        "stdev": [0.00347548560239, 0.00389277911745, 0.00265108561143, 0.00679532811046, 0.00579077471048, 0.00254900753498, 0.0122770564631, 0.012277174741, 0.0022374286782, 0.000800642184913, 0.000845464703161, 0.00104289792944, 0.000876748934388, 0.0304449182004, 0.0956727638841, 0.269613534212, 0.248636648059, 0.14757488668, 0.278399944305, 0.211638718843, 0.275829911232, 0.458339512348, 0.391544431448, 0.137710481882, 0.0152237815782, 0.00719380564988, 0.0012355404906, 0.00232436484657, 0.0013213569764, 0.0035553148482, 0.00509958527982, 0.0358791314065, 0.201999917626, 0.44053965807, 0.437738209963, 0.111907951534]
    },
    "chords_histogram": [0, 0, 0, 0, 0, 0, 0, 0, 0, 0, 0, 0, 0, 0, 0, 0, 0, 0, 0, 0, 0, 0, 100, 0],