{
"metadata": {
    "version": {
        "essentia": "2.1-beta5-dev"
    }
},
"lowLevel": {
    "average_loudness": 0.99068403244,
    "barkbands_kurtosis": {
        "mean": 20.3979644775,
        "stdev": 13.6548681259
    },
    "barkbands_skewness": {
        "mean": 3.30211234093,
        "stdev": 1.4827631712
    },
    "barkbands_spread": {
        "mean": 7.15903091431,
        "stdev": 5.80035924911
    },
    "dissonance": {
        "mean": 0.225297674537,
        "stdev": 0.0847059860826
    },
    "hfc": {
        "mean": 72.7459716797,
        "stdev": 53.5691299438
    },
    "pitch": {
        "mean": 178.786026001,
        "stdev": 60.5379714966
    },
    "pitch_instantaneous_confidence": {
        "mean": 0.301696628332,
        "stdev": 0.125244408846
    },
    "pitch_salience": {
        "mean": 0.59913790226,
        "stdev": 0.0938968881965
    },
    "silence_rate_20dB": {
        "mean": 0.637168169022,
        "stdev": 0.480816960335
    },
    "silence_rate_30dB": {
        "mean": 0.0796460211277,
        "stdev": 0.270744413137
    },
    "silence_rate_60dB": {
        "mean": 0,
        "stdev": 0
    },
    "spectral_centroid": {
        "mean": 253.156112671,
        "stdev": 134.309906006
    },
    "spectral_complexity": {
        "mean": 12.9026546478,
        "stdev": 6.70089673996
    },
    "spectral_crest": {
        "mean": 10.2490091324,
        "stdev": 2.14746117592
    },
    "spectral_decrease": {
        "mean": -1.43778422057e-07,
        "stdev": 5.74643728157e-08
    },
    "spectral_energy": {
        "mean": 0.27871876955,
        "stdev": 0.111995480955
    },
    "spectral_energyband_high": {
        "mean": 0.00295241759159,
        "stdev": 0.00375933758914
    },
    "spectral_energyband_low": {
        "mean": 0.179164722562,
        "stdev": 0.0781588405371
    },
    "spectral_energyband_middle_high": {
        "mean": 0.00383434421383,
        "stdev": 0.00472093746066
    },
    "spectral_energyband_middle_low": {
        "mean": 0.125542879105,
        "stdev": 0.0640436410904
    },
    "spectral_flatness_db": {
        "mean": 0.247216433287,
        "stdev": 0.105758734047
    },
    "spectral_flux": {
        "mean": 0.194380193949,
        "stdev": 0.0810771286488
    },
    "spectral_kurtosis": {
        "mean": 21.6141395569,
        "stdev": 36.2081642151
    },
    "spectral_rms": {
        "mean": 0.0226908456534,
        "stdev": 0.00533261662349
    },
    "spectral_rolloff": {
        "mean": 268.68862915,
        "stdev": 110.249351501
    },
    "spectral_skewness": {
        "mean": 3.41932368279,
        "stdev": 2.89707994461
    },
    "spectral_spread": {
        "mean": 19535274,
        "stdev": 12098201
    },
    "spectral_strongpeak": {
        "mean": 0.596861839294,
        "stdev": 0.330074816942
    },
    "zerocrossingrate": {
        "mean": 0.0260992813855,
        "stdev": 0.0200423356146
    },
    "barkbands": {
        "mean": [0.00446483539417, 0.0465132631361, 0.0954587236047, 0.0641579255462, 0.0342461355031, 0.00801486801356, 0.0106097990647, 0.00278046890162, 0.00551526946947, 0.000300517742289, 0.000978025142103, 0.00017611545627, 0.000862232176587, 0.000574960839003, 8.33934609545e-05, 0.000212534025195, 0.000269343727268, 9.39011661103e-05, 0.000318283913657, 0.00028496896266, 0.000552175857592, 0.000525172566995, 0.000208542391192, 0.000265686190687, 0.000525808718521, 0.000499953632243, 0.000203911607969],
        "stdev": [0.00859371665865, 0.0243301577866, 0.0441437065601, 0.0425148978829, 0.0219952501357, 0.0109818624333, 0.00685134530067, 0.00289271282963, 0.00915056746453, 0.000219339228352, 0.00108315621037, 0.000178640169906, 0.00181802886073, 0.00100053357892, 0.000107369494799, 0.000352921604645, 0.000475138862384, 0.000160493873409, 0.000444886100013, 0.000384683953598, 0.000804007227998, 0.000653990195133, 0.000266880873824, 0.00033054332016, 0.000727214384824, 0.000727752340026, 0.000305073655909]
    },
    "mfcc": {
        "mean": [-583.798400879, 162.710678101, 66.5321807861, 34.0565452576, 5.21286916733, 19.7951469421, 6.7916893959, -3.96179223061, 6.02181768417, -0.265439033508, 2.3431251049, -1.43965542316, 3.1510078907],
        "stdev": [100.739349365, 61.8485984802, 23.6098747253, 18.386724472, 11.0881299973, 9.95210361481, 9.87407970428, 6.66554641724, 8.23160266876, 8.96137142181, 10.0491991043, 7.89698934555, 7.04815340042]
    },
    "sccoeffs": {
        "mean": [-0.531596302986, -0.678186714649, -0.713124215603, -0.733631312847, -0.78177011013, -0.814509630203],
        "stdev": [0.106329463422, 0.109254427254, 0.0672671273351, 0.0737324282527, 0.0550883226097, 0.0386176668108]
    },
    "scvalleys": {
        "mean": [-2.68439459801, -4.25738763809, -5.73561191559, -6.88011407852, -7.48715496063, -7.71703577042],
        "stdev": [0.470714479685, 0.844313979149, 0.739871799946, 0.950552582741, 1.33639144897, 1.48253273964]
    }
},
"rhythm": {
    "bpm": 161.499023438,
    "confidence": 0,
    "first_peak_bpm": {
        "mean": 161,
        "stdev": 0
    },
    "first_peak_spread": {
        "mean": 0,
        "stdev": 0
    },
    "first_peak_weight": {
        "mean": 0.5,
        "stdev": 0
    },
    "onset_rate": 4.63535547256,
    "second_peak_bpm": {
        "mean": 191,
        "stdev": 0
    },
    "second_peak_spread": {
        "mean": 0,
        "stdev": 0
    },
    "second_peak_weight": {
        "mean": 0.5,
        "stdev": 0
    }
},
"sfx": {
    "inharmonicity": {
        "mean": 0.0427598431706,
        "stdev": 0.0390743911266
    },
    "oddtoevenharmonicenergyratio": {
        "mean": 28.5601406097,
        "stdev": 135.55557251
    },
    "pitch_after_max_to_before_max_energy_ratio": 0.0286246482283,
    "pitch_centroid": 55.1884346008,
    "pitch_max_to_total": 0.991150438786,
    "pitch_min_to_total": 0.0530973449349,
    "tristimulus": {
        "mean": [0.391323953867, 0.359485864639, 0.24919013679],
        "stdev": [0.304146498442, 0.196464270353, 0.22208699584]
    }
},
"tonal": {
    "chords_changes_rate": 0.0344827584922,
    "chords_number_rate": 0.0689655169845,
    "chords_strength": {
        "mean": 0.478035479784,
        "stdev": 0.0427134670317
    },
    "key_strength": 0.631113469601,
    "tuning_diatonic_strength": 0.475264698267,
    "tuning_equal_tempered_deviation": 0.0379596576095,
    "tuning_frequency": 440.254241943,
    "tuning_nontempered_energy_ratio": 0.618795931339,
    "hpcp": {
        "mean": [0.0935372263193, 0.0318660959601, 0.00304314191453, 0.00121936667711, 0.001040879637, 0.00320186722092, 0.00442776503041, 0.00440101884305, 0.0367898233235, 0.0560059286654, 0.0223788581789, 0.00113691133447, 0.0014784289524, 0.0165470801294, 0.263654261827, 0.416325628757, 0.169735714793, 0.00242894468829, 0.0254435967654, 0.0633496642113, 0.260042369366, 0.417411535978, 0.227729916573, 0.0392242968082, 0.0114148324355, 0.00434640143067, 0.0009599183104, 0.000510014186148, 0.00856180675328, 0.214858323336, 0.350894838572, 0.145893469453, 0.00399739760906, 0.0287673324347, 0.0483725480735, 0.0860094204545],
        "stdev": [0.241817325354, 0.0696765631437, 0.00762141589075, 0.00334596959874, 0.00171581667382, 0.00301941414364, 0.00435829535127, 0.00589858088642, 0.0779063329101, 0.116553984582, 0.0437602512538, 0.00176400365308, 0.00419544009492, 0.0286480337381, 0.305505037308, 0.490421414375, 0.201187387109, 0.00504420604557, 0.110525347292, 0.193086847663, 0.307536303997, 0.476703822613, 0.280192553997, 0.119095772505, 0.0247540399432, 0.00946187227964, 0.00295715173706, 0.00149555446114, 0.00893520656973, 0.155979499221, 0.267048746347, 0.121953822672, 0.00819490849972, 0.12940813601, 0.184987381101, 0.224300161004]
    },
    "chords_histogram": [17.2413787842, 0, 0, 0, 0, 0, 0, 0, 0, 0, 0, 0, 0, 0, 0, 0, 0, 0, 0, 0, 0, 0, 82.7586212158, 0],