{
"metadata": {
    "version": {
        "essentia": "2.1-beta5-dev"
    }
},
"lowLevel": {
    "average_loudness": 0.99068403244,
    "barkbands_kurtosis": {
        "mean": 16.8949737549,
        "stdev": 17.9809112549
    },
    "barkbands_skewness": {
        "mean": 2.55677485466,
        "stdev": 1.51513850689
    },
    "barkbands_spread": {
        "mean": 5.35832023621,
        "stdev": 3.53407597542
    },
    "dissonance": {
        "mean": 0.192540675402,
        "stdev": 0.05829706043
    },
    "hfc": {
        "mean": 51.6880645752,
        "stdev": 33.8322868347
    },
    "pitch": {
        "mean": 259.721466064,
        "stdev": 125.91594696
    },
    "pitch_instantaneous_confidence": {
        "mean": 0.488872736692,
        "stdev": 0.19667519629
    },
    "pitch_salience": {
        "mean": 0.520200908184,
        "stdev": 0.0983775183558
    },
    "silence_rate_20dB": {
        "mean": 0.722222208977,
        "stdev": 0.447903007269
    },
    "silence_rate_30dB": {
        "mean": 0.231481477618,
        "stdev": 0.42177939415
    },
    "silence_rate_60dB": {
        "mean": 0.00925925932825,
        "stdev": 0.0957785174251
    },
    "spectral_centroid": {
        "mean": 237.269622803,
        "stdev": 146.674133301
    },
    "spectral_complexity": {
        "mean": 10.1481485367,
        "stdev": 4.29861068726
    },
    "spectral_crest": {
        "mean": 10.5687923431,
        "stdev": 3.12490034103
    },
    "spectral_decrease": {
        "mean": -1.20494192402e-07,
        "stdev": 8.0961925164e-08
    },
    "spectral_energy": {
        "mean": 0.232740029693,
        "stdev": 0.155611366034
    },
    "spectral_energyband_high": {
        "mean": 0.000628476322163,
        "stdev": 0.00104674359318
    },
    "spectral_energyband_low": {
        "mean": 0.130355939269,
        "stdev": 0.119026951492
    },
    "spectral_energyband_middle_high": {
        "mean": 0.0033264902886,
        "stdev": 0.00303493789397
    },
    "spectral_energyband_middle_low": {
        "mean": 0.107955917716,
        "stdev": 0.0817451551557
    },
    "spectral_flatness_db": {
        "mean": 0.266679883003,
        "stdev": 0.0923711583018
    },
    "spectral_flux": {
        "mean": 0.174858152866,
        "stdev": 0.0854216068983
    },
    "spectral_kurtosis": {
        "mean": 35.5926933289,
        "stdev": 51.1531906128
    },
    "spectral_rms": {
        "mean": 0.0200415477157,
        "stdev": 0.00721252243966
    },
    "spectral_rolloff": {
        "mean": 332.568359375,
        "stdev": 174.82208252
    },
    "spectral_skewness": {
        "mean": 4.58692216873,
        "stdev": 3.19159626961
    },
    "spectral_spread": {
        "mean": 13066690,
        "stdev": 10268895
    },
    "spectral_strongpeak": {
        "mean": 0.877655804157,
        "stdev": 0.905024051666
    },
    "zerocrossingrate": {
        "mean": 0.0194408278912,
        "stdev": 0.0146614173427
    },
    "barkbands": {
        "mean": [0.0157967656851, 0.0593454502523, 0.045817732811, 0.0132057834417, 0.0500446893275, 0.0133369779214, 0.0110217574984, 0.0166086256504, 0.00325747299939, 0.000550665892661, 0.000710367748979, 0.000306640024064, 0.000553666206542, 0.000993666588329, 5.60036896786e-05, 0.000101690457086, 0.000243430695264, 3.88372391171e-05, 7.84217991168e-05, 6.36582262814e-05, 0.000119165109936, 0.000118012743769, 5.61026827199e-05, 5.3853073041e-05, 9.99639887596e-05, 0.000107350679173, 4.82655668748e-05],
        "stdev": [0.0215907208622, 0.0518050938845, 0.0448778793216, 0.0136129632592, 0.0535540655255, 0.0126802660525, 0.0133063532412, 0.0192556586117, 0.00408310908824, 0.000633352610748, 0.000681310717482, 0.000360166217433, 0.000760376162361, 0.00136839679908, 7.56747394917e-05, 0.000117235504149, 0.000388421409298, 5.40142973477e-05, 0.000129475811264, 9.28581357584e-05, 0.000209798847209, 0.000180503280717, 8.61171429278e-05, 9.40347381402e-05, 0.000196129549295, 0.000216936241486, 0.0001066991681]
    },
    "mfcc": {
        "mean": [-620.425537109, 192.336120605, 44.0912590027, 21.9755973816, 6.16020584106, 12.1629343033, -4.22769069672, -6.1170592308, 0.835055053234, -0.278953045607, 11.6546401978, 9.47773265839, 4.58450222015],
        "stdev": [93.6646499634, 59.7866630554, 25.1955928802, 24.0331077576, 13.4697608948, 10.9131326675, 15.0232467651, 10.6330566406, 10.2237529755, 11.1180973053, 13.2030506134, 9.52338314056, 9.43274784088]
    },
    "sccoeffs": {
        "mean": [-0.502237856388, -0.624813914299, -0.706173360348, -0.7091101408, -0.773876488209, -0.832367241383],
        "stdev": [0.118639931083, 0.122562661767, 0.0822420790792, 0.0794185623527, 0.0564259923995, 0.0310213435441]
    },
    "scvalleys": {
        "mean": [-3.23890829086, -4.28993320465, -5.94645690918, -6.87550401688, -7.98270177841, -8.54148006439],
        "stdev": [0.831491410732, 0.840635001659, 0.819926857948, 0.851979851723, 1.29317390919, 1.48579180241]
    }
},
"rhythm": {
    "bpm": 126.048019409,
    "confidence": 0,
    "first_peak_bpm": {
        "mean": 126,
        "stdev": 0
    },
    "first_peak_spread": {
        "mean": 0,
        "stdev": 0
    },
    "first_peak_weight": {
        "mean": 1,
        "stdev": 0
    },
    "onset_rate": 4.83473110199,
    "second_peak_bpm": {
        "mean": 0,
        "stdev": 0
    },
    "second_peak_spread": {
        "mean": 0,
        "stdev": 0
    },
    "second_peak_weight": {
        "mean": 0,
        "stdev": 0
    }
},
"sfx": {
    "inharmonicity": {
        "mean": 0.0319011323154,
        "stdev": 0.0453769005835
    },
    "oddtoevenharmonicenergyratio": {
        "mean": 28.4012928009,
        "stdev": 145.553604126
    },
    "pitch_after_max_to_before_max_energy_ratio": 0.357943803072,
    "pitch_centroid": 54.8649749756,
    "pitch_max_to_total": 0.675925910473,
    "pitch_min_to_total": 0.305555552244,
    "tristimulus": {
        "mean": [0.42330339551, 0.348379015923, 0.228317558765],
        "stdev": [0.270415872335, 0.207127958536, 0.246584355831]
    }
},
"tonal": {
    "chords_changes_rate": 0,
    "chords_number_rate": 0.0357142873108,
    "chords_strength": {
        "mean": 0.521083474159,
        "stdev": 0.00912504270673
    },
    "key_strength": 0.500214993954,
    "tuning_diatonic_strength": 0.488977909088,
    "tuning_equal_tempered_deviation": 0.037874519825,
    "tuning_frequency": 438.224517822,
    "tuning_nontempered_energy_ratio": 0.651191592216,
    "hpcp": {
        "mean": [0.304062068462, 0.11286034435, 0.00628691306338, 0.0298887751997, 0.0464055538177, 0.163476854563, 0.50382578373, 0.492042571306, 0.32807764411, 0.364338696003, 0.170740529895, 0.00353372259997, 0.00308897113428, 0.00221676076762, 0.00121881079394, 0.00333591341041, 0.00724658090621, 0.00698758522049, 0.0053367507644, 0.0102535458282, 0.0367228351533, 0.0554115399718, 0.0283995904028, 0.00341879832558, 0.00133429619018, 0.00119812937919, 0.00312721799128, 0.00653487024829, 0.0054388185963, 0.0257978308946, 0.0520190522075, 0.0304023809731, 0.00656720856205, 0.0236134696752, 0.0554938018322, 0.230080574751],
        "stdev": [0.419244498014, 0.150115609169, 0.0169629026204, 0.123300693929, 0.184955582023, 0.154118016362, 0.414843589067, 0.39689335227, 0.293765723705, 0.419494509697, 0.205843761563, 0.00522529799491, 0.0090675605461, 0.00743445986882, 0.00245821964927, 0.00767704471946, 0.0268377251923, 0.0230946969241, 0.00736945867538, 0.0184868723154, 0.0511771887541, 0.0745159611106, 0.0362630225718, 0.00864992663264, 0.00332954362966, 0.00250609195791, 0.00541503960267, 0.00991612486541, 0.00727899046615, 0.0867491662502, 0.183711707592, 0.100270703435, 0.0174503494054, 0.105921469629, 0.153702825308, 0.32007047534]
    },
    "chords_histogram": [0, 0, 0, 0, 0, 0, 0, 0, 0, 0, 0, 0, 0, 0, 0, 0, 0, 0, 0, 0, 0, 0, 100, 0],