{
"metadata": {
    "version": {
        "essentia": "2.1-beta5-dev"
    }
},
"lowLevel": {
    "average_loudness": 0.970773637295,
    "barkbands_kurtosis": {
        "mean": 33.7342948914,
        "stdev": 34.9702377319
    },
    "barkbands_skewness": {
        "mean": 3.9717977047,
        "stdev": 2.19003653526
    },
    "barkbands_spread": {
        "mean": 4.233710289,
        "stdev": 4.5528717041
    },
    "dissonance": {
        "mean": 0.204353958368,
        "stdev": 0.107356712222
    },
    "hfc": {
        "mean": 29.6109619141,
        "stdev": 19.7384090424
    },
    "pitch": {
        "mean": 360.127410889,
        "stdev": 963.08795166
    },
    "pitch_instantaneous_confidence": {
        "mean": 0.288149982691,
        "stdev": 0.107152163982
    },
    "pitch_salience": {
        "mean": 0.500419139862,
        "stdev": 0.112262301147
    },
    "silence_rate_20dB": {
        "mean": 0.846153855324,
        "stdev": 0.360800862312
    },
    "silence_rate_30dB": {
        "mean": 0.262443453074,
        "stdev": 0.43996244669
    },
    "silence_rate_60dB": {
        "mean": 0.00904977414757,
        "stdev": 0.0946988686919
    },
    "spectral_centroid": {
        "mean": 170.223693848,
        "stdev": 96.5150299072
    },
    "spectral_complexity": {
        "mean": 8.09502220154,
        "stdev": 3.60429906845
    },
    "spectral_crest": {
        "mean": 12.5931282043,
        "stdev": 2.5464348793
    },
    "spectral_decrease": {
        "mean": -9.6296240315e-08,
        "stdev": 6.09481389802e-08
    },
    "spectral_energy": {
        "mean": 0.18493963778,
        "stdev": 0.11680687964
    },
    "spectral_energyband_high": {
        "mean": 0.000683050835505,
        "stdev": 0.00105657207314
    },
    "spectral_energyband_low": {
        "mean": 0.14552089572,
        "stdev": 0.0886567309499
    },
    "spectral_energyband_middle_high": {
        "mean": 0.00141906971112,
        "stdev": 0.001769304974
    },
    "spectral_energyband_middle_low": {
        "mean": 0.0569862090051,
        "stdev": 0.0524886548519
    },
    "spectral_flatness_db": {
        "mean": 0.299019098282,
        "stdev": 0.0959993675351
    },
    "spectral_flux": {
        "mean": 0.122607834637,
        "stdev": 0.075665988028
    },
    "spectral_kurtosis": {
        "mean": 31.7278652191,
        "stdev": 46.4029197693
    },
    "spectral_rms": {
        "mean": 0.0180008020252,
        "stdev": 0.00603960687295
    },
    "spectral_rolloff": {
        "mean": 182.983505249,
        "stdev": 81.2859954834
    },
    "spectral_skewness": {
        "mean": 4.30692148209,
        "stdev": 3.2686829567
    },
    "spectral_spread": {
        "mean": 15285455,
        "stdev": 11321999
    },
    "spectral_strongpeak": {
        "mean": 0.533261537552,
        "stdev": 0.233955264091
    },
    "zerocrossingrate": {
        "mean": 0.0172820631415,
        "stdev": 0.0159362833947
    },
    "barkbands": {
        "mean": [0.00418214406818, 0.0414289794862, 0.0802660882473, 0.0327580198646, 0.0125480135903, 0.00257874280214, 0.00647979788482, 0.00109419669025, 0.00142877083272, 0.000133330409881, 0.000505140516907, 0.000251680059591, 0.000230209014262, 5.73730576434e-05, 7.21708274796e-05, 3.07168993459e-05, 5.94763369008e-05, 1.8084576368e-05, 9.74633294391e-05, 6.53006572975e-05, 0.000129579697386, 0.000131688575493, 5.73752986384e-05, 5.68132381886e-05, 0.000117206262075, 0.000109391708975, 4.68438047392e-05],
        "stdev": [0.00820189900696, 0.0321275964379, 0.0436217226088, 0.0303916931152, 0.0161242373288, 0.00337729719467, 0.00845502223819, 0.00150333647616, 0.00239414023235, 0.000138051778777, 0.000767114630435, 0.000516476982739, 0.000376117182896, 0.000162774333148, 0.000157746573677, 5.48073730897e-05, 0.000185988246812, 3.2440693758e-05, 0.000222101953113, 0.000135378926643, 0.000201771224965, 0.000209404999623, 9.29352609091e-05, 8.81432861206e-05, 0.000191228929907, 0.000189358717762, 9.00808954611e-05]
    },
    "mfcc": {
        "mean": [-656.901245117, 179.703536987, 69.8168487549, 29.9319839478, 5.39833211899, 24.3550891876, 11.8697824478, 1.31501722336, 7.80301094055, 3.13544607162, 8.162317276, 2.18913984299, 3.76331591606],
        "stdev": [95.1909103394, 67.906539917, 16.3305339813, 21.8187522888, 13.1342983246, 8.97703933716, 8.23711299896, 8.686876297, 10.592965126, 10.5300941467, 8.74022388458, 7.63525056839, 8.43732833862]
    },
    "sccoeffs": {
        "mean": [-0.487510532141, -0.722855627537, -0.718169987202, -0.749460995197, -0.805573403835, -0.830012798309],
        "stdev": [0.111763432622, 0.106020919979, 0.0732604786754, 0.0612009204924, 0.0463412292302, 0.0347387343645]
    },
    "scvalleys": {
        "mean": [-3.27183628082, -4.81731033325, -6.19104003906, -7.4576883316, -8.33125495911, -8.58020019531],
        "stdev": [0.611413896084, 0.7630905509, 0.744151830673, 0.865400373936, 1.34001529217, 1.50001466274]
    }
},
"rhythm": {
    "bpm": 184.5703125,
    "confidence": 0,
    "first_peak_bpm": {
        "mean": 185,
        "stdev": 0
    },
    "first_peak_spread": {
        "mean": 0,
        "stdev": 0
    },
    "first_peak_weight": {
        "mean": 0.833333313465,
        "stdev": 0
    },
    "onset_rate": 5.48658561707,
    "second_peak_bpm": {
        "mean": 191,
        "stdev": 0
    },
    "second_peak_spread": {
        "mean": 0,
        "stdev": 0
    },
    "second_peak_weight": {
        "mean": 0.166666671634,
        "stdev": 0
    }
},
"sfx": {
    "inharmonicity": {
        "mean": 0.0425870828331,
        "stdev": 0.0420036837459
    },
    "oddtoevenharmonicenergyratio": {
        "mean": 36.6927871704,
        "stdev": 172.127746582
    },
    "pitch_after_max_to_before_max_energy_ratio": 2.57043719292,
    "pitch_centroid": 154.214584351,
    "pitch_max_to_total": 0.787330329418,
    "pitch_min_to_total": 0.389140278101,
    "tristimulus": {
        "mean": [0.401721715927, 0.359880656004, 0.238397687674],
        "stdev": [0.363564997911, 0.279185473919, 0.216608285904]
    }
},
"tonal": {
    "chords_changes_rate": 0.0178571436554,
    "chords_number_rate": 0.0357142873108,
    "chords_strength": {
        "mean": 0.369555324316,
        "stdev": 0.0638595893979
    },
    "key_strength": 0.465871334076,
    "tuning_diatonic_strength": 0.32830914855,
    "tuning_equal_tempered_deviation": 0.0489804930985,
    "tuning_frequency": 439.745910645,
    "tuning_nontempered_energy_ratio": 0.603421926498,
    "hpcp": {
        "mean": [0.028302365914, 0.0124627957121, 0.00158570648637, 0.000610027287621, 0.000558646803256, 0.00204550358467, 0.00248407991603, 0.00110883708112, 0.00468508480117, 0.0109149096534, 0.00960301700979, 0.0199857149273, 0.0258329994977, 0.0194310247898, 0.17475245893, 0.332153588533, 0.213215351105, 0.14025478065, 0.130323395133, 0.0487706288695, 0.151096120477, 0.243141889572, 0.167944326997, 0.201810196042, 0.213131666183, 0.0743097513914, 0.000857804086991, 0.0010180453537, 0.00909654051065, 0.0923171043396, 0.147933393717, 0.0668078884482, 0.00347164785489, 0.00268732989207, 0.00695369858295, 0.021998334676],
        "stdev": [0.0424420498312, 0.0140568520874, 0.00432482082397, 0.00274608284235, 0.00087701465236, 0.00317756691948, 0.00407029362395, 0.00139491131995, 0.01118759159, 0.0405092313886, 0.0391303263605, 0.110734514892, 0.13278144598, 0.059875048697, 0.245568394661, 0.451829820871, 0.262383103371, 0.322499841452, 0.309262037277, 0.13627076149, 0.271803826094, 0.403131097555, 0.264863967896, 0.323400825262, 0.379111200571, 0.140870064497, 0.00193831138313, 0.0032982758712, 0.0459270961583, 0.16218559444, 0.25218129158, 0.10894767195, 0.0164249073714, 0.0142105985433, 0.0429840385914, 0.0606516450644]
    },
    "chords_histogram": [82.1428604126, 0, 0, 0, 0, 17.8571434021, 0, 0, 0, 0, 0, 0, 0, 0, 0, 0, 0, 0, 0, 0, 0, 0, 0, 0],