{
"metadata": {
    "version": {
        "essentia": "2.1-beta5-dev"
    }
},
"lowLevel": {
    "average_loudness": 0.99068403244,
    "barkbands_kurtosis": {
        "mean": 18.5636672974,
        "stdev": 18.8741989136
    },
    "barkbands_skewness": {
        "mean": 2.32996249199,
        "stdev": 1.67645454407
    },
    "barkbands_spread": {
        "mean": 2.81098651886,
        "stdev": 2.63770866394
    },
    "dissonance": {
        "mean": 0.176803857088,
        "stdev": 0.0773181095719
    },
    "hfc": {
        "mean": 43.8237419128,
        "stdev": 38.4211654663
    },
    "pitch": {
        "mean": 168.594116211,
        "stdev": 65.9297714233
    },
    "pitch_instantaneous_confidence": {
        "mean": 0.37468791008,
        "stdev": 0.154946327209
    },
    "pitch_salience": {
        "mean": 0.599039375782,
        "stdev": 0.0906654372811
    },
    "silence_rate_20dB": {
        "mean": 0.688405811787,
        "stdev": 0.463145345449
    },
    "silence_rate_30dB": {
        "mean": 0.123188406229,
        "stdev": 0.328653395176
    },
    "silence_rate_60dB": {
        "mean": 0.00724637694657,
        "stdev": 0.0848166644573
    },
    "spectral_centroid": {
        "mean": 168.866195679,
        "stdev": 101.379318237
    },
    "spectral_complexity": {
        "mean": 7.55797100067,
        "stdev": 5.17661714554
    },
    "spectral_crest": {
        "mean": 11.4593410492,
        "stdev": 2.6691699028
    },
    "spectral_decrease": {
        "mean": -1.36119666649e-07,
        "stdev": 7.60555138868e-08
    },
    "spectral_energy": {
        "mean": 0.261599868536,
        "stdev": 0.146500810981
    },
    "spectral_energyband_high": {
        "mean": 0.000397743540816,
        "stdev": 0.00104364496656
    },
    "spectral_energyband_low": {
        "mean": 0.165139779449,
        "stdev": 0.105813629925
    },
    "spectral_energyband_middle_high": {
        "mean": 0.00200389698148,
        "stdev": 0.00323307164945
    },
    "spectral_energyband_middle_low": {
        "mean": 0.127761811018,
        "stdev": 0.0880558863282
    },
    "spectral_flatness_db": {
        "mean": 0.371940046549,
        "stdev": 0.125140160322
    },
    "spectral_flux": {
        "mean": 0.142026335001,
        "stdev": 0.0906159430742
    },
    "spectral_kurtosis": {
        "mean": 81.2387542725,
        "stdev": 75.9195709229
    },
    "spectral_rms": {
        "mean": 0.021521795541,
        "stdev": 0.00683767581359
    },
    "spectral_rolloff": {
        "mean": 219.389007568,
        "stdev": 115.569580078
    },
    "spectral_skewness": {
        "mean": 7.3065290451,
        "stdev": 4.26210069656
    },
    "spectral_spread": {
        "mean": 8639238,
        "stdev": 9553799
    },
    "spectral_strongpeak": {
        "mean": 0.618558168411,
        "stdev": 0.595597803593
    },
    "zerocrossingrate": {
        "mean": 0.0130845224485,
        "stdev": 0.0116320624948
    },
    "barkbands": {
        "mean": [0.00752984546125, 0.0526645369828, 0.0713856369257, 0.0729910284281, 0.0284942165017, 0.0100486418232, 0.0075879492797, 0.00674888584763, 0.0013557432685, 0.000605302397162, 0.000592219410464, 0.00033983803587, 0.000289113784675, 0.000280176085653, 4.82200703118e-05, 0.000103016805951, 3.00751053146e-05, 2.57486481132e-05, 5.36378938705e-05, 4.36818445451e-05, 6.67878921377e-05, 7.92474820628e-05, 3.54459589289e-05, 3.24689099216e-05, 5.7189630752e-05, 7.24335259292e-05, 3.59107471013e-05],
        "stdev": [0.011681234464, 0.0460430458188, 0.0447099544108, 0.051052544266, 0.0421734452248, 0.0138068385422, 0.0124154984951, 0.0150927146897, 0.00248094368726, 0.00137676042505, 0.0011447815923, 0.000553385762032, 0.000564854417462, 0.000481009192299, 0.000109387096018, 0.000293857534416, 8.98088765098e-05, 9.098333976e-05, 0.000145341982716, 0.000129262058181, 0.000160699870321, 0.000228488323046, 9.35147763812e-05, 8.26672039693e-05, 0.000155582863954, 0.000209851903492, 0.000114828231744]
    },
    "mfcc": {
        "mean": [-700.359741211, 229.594955444, 70.658493042, 29.1172924042, 10.2369327545, 24.4494590759, 7.59593582153, -3.41183257103, 0.421745508909, 1.33735263348, 3.44641804695, -2.75818872452, -1.56751489639],
        "stdev": [108.420951843, 70.7942199707, 36.9986572266, 27.5493183136, 19.4136142731, 15.2625513077, 12.5730571747, 8.47601032257, 8.45595169067, 9.10433864594, 10.8843860626, 9.40464305878, 7.42954444885]
    },
    "sccoeffs": {
        "mean": [-0.488238722086, -0.648072659969, -0.749118566513, -0.75276774168, -0.81858754158, -0.85658288002],
        "stdev": [0.103809513152, 0.131462022662, 0.0743031352758, 0.0747362971306, 0.0570827759802, 0.0464013069868]
    },
    "scvalleys": {
        "mean": [-2.96754336357, -4.73069953918, -6.27364683151, -7.58152008057, -8.9735584259, -9.53313922882],
        "stdev": [0.679837465286, 1.0364317894, 1.1264282465, 1.18788981438, 1.42375946045, 1.60338890553]
    }
},
"rhythm": {
    "bpm": 172.265640259,
    "confidence": 0,
    "first_peak_bpm": {
        "mean": 172,
        "stdev": 0
    },
    "first_peak_spread": {
        "mean": 0,
        "stdev": 0
    },
    "first_peak_weight": {
        "mean": 0.666666686535,
        "stdev": 0
    },
    "onset_rate": 5.04793262482,
    "second_peak_bpm": {
        "mean": 178,
        "stdev": 0
    },
    "second_peak_spread": {
        "mean": 0,
        "stdev": 0
    },
    "second_peak_weight": {
        "mean": 0.333333343267,
        "stdev": 0
    }
},
"sfx": {
    "inharmonicity": {
        "mean": 0.047667004168,
        "stdev": 0.0485395938158
    },
    "oddtoevenharmonicenergyratio": {
        "mean": 48.5125541687,
        "stdev": 179.061981201
    },
    "pitch_after_max_to_before_max_energy_ratio": 12.360165596,
    "pitch_centroid": 64.3108596802,
    "pitch_max_to_total": 0,
    "pitch_min_to_total": 0.492753624916,
    "tristimulus": {
        "mean": [0.360704064369, 0.445633351803, 0.19366273284],
        "stdev": [0.314265549183, 0.268633037806, 0.217145472765]
    }
},
"tonal": {
    "chords_changes_rate": 0,
    "chords_number_rate": 0.0277777779847,
    "chords_strength": {
        "mean": 0.413824558258,
        "stdev": 0.0236204229295
    },
    "key_strength": 0.70910513401,
    "tuning_diatonic_strength": 0.408716648817,
    "tuning_equal_tempered_deviation": 0.108119554818,
    "tuning_frequency": 436.456176758,
    "tuning_nontempered_energy_ratio": 0.699747562408,
    "hpcp": {
        "mean": [0.00113518384751, 0.000905977678485, 0.000757810135838, 0.00119544321205, 0.00691260909662, 0.0308029390872, 0.0627095922828, 0.069689668715, 0.250899255276, 0.396409034729, 0.178922027349, 0.00192882632837, 0.000471941806609, 0.000560087908525, 0.00364428060129, 0.0107140950859, 0.00950850732625, 0.0144640542567, 0.0335053130984, 0.0260722171515, 0.142028421164, 0.420253127813, 0.348662704229, 0.145505189896, 0.175331860781, 0.0989032685757, 0.0045248507522, 0.00484399078414, 0.00780975911766, 0.0441153496504, 0.0853286236525, 0.0688850581646, 0.0326632298529, 0.0113548655063, 0.00395260006189, 0.00216538179666],
        "stdev": [0.0027400192339, 0.00162640900817, 0.00159561657347, 0.003161925124, 0.0332880541682, 0.102459274232, 0.228693142533, 0.182393237948, 0.289432674646, 0.466039061546, 0.222344189882, 0.00440661562607, 0.00182323821355, 0.00157494633459, 0.00435851654038, 0.0126121817157, 0.0120997810736, 0.05978256464, 0.137610986829, 0.110065087676, 0.162321388721, 0.466220319271, 0.386426448822, 0.200431406498, 0.370082199574, 0.222671732306, 0.012576168403, 0.018302841112, 0.0243592076004, 0.107767902315, 0.179277718067, 0.158326506615, 0.163891270757, 0.0546566210687, 0.0164623055607, 0.00890503264964]
    },
    "chords_histogram": [0, 0, 0, 0, 0, 0, 0, 0, 0, 0, 0, 0, 0, 0, 0, 0, 0, 0, 0, 0, 0, 0, 0, 100],