{
"metadata": {
    "version": {
        "essentia": "2.1-beta5-dev"
    }
},
"lowLevel": {
    "average_loudness": 0.99068403244,
    "barkbands_kurtosis": {
        "mean": 27.0099143982,
        "stdev": 42.4855384827
    },
    "barkbands_skewness": {
        "mean": 3.15724086761,
        "stdev": 2.11561203003
    },
    "barkbands_spread": {
        "mean": 6.22015380859,
        "stdev": 6.95495176315
    },
    "dissonance": {
        "mean": 0.174978345633,
        "stdev": 0.0921126902103
    },
    "hfc": {
        "mean": 55.2053947449,
        "stdev": 54.7182884216
    },
    "pitch": {
        "mean": 188.931335449,
        "stdev": 79.3932495117
    },
    "pitch_instantaneous_confidence": {
        "mean": 0.471345573664,
        "stdev": 0.189868152142
    },
    "pitch_salience": {
        "mean": 0.529311001301,
        "stdev": 0.10279083997
    },
    "silence_rate_20dB": {
        "mean": 0.850467264652,
        "stdev": 0.356612592936
    },
    "silence_rate_30dB": {
        "mean": 0.401869148016,
        "stdev": 0.490275919437
    },
    "silence_rate_60dB": {
        "mean": 0,
        "stdev": 0
    },
    "spectral_centroid": {
        "mean": 299.866943359,
        "stdev": 200.392608643
    },
    "spectral_complexity": {
        "mean": 9.04672908783,
        "stdev": 4.86909675598
    },
    "spectral_crest": {
        "mean": 10.9015359879,
        "stdev": 2.33667945862
    },
    "spectral_decrease": {
        "mean": -8.86093687313e-08,
        "stdev": 6.5765974e-08
    },
    "spectral_energy": {
        "mean": 0.17271271348,
        "stdev": 0.128828629851
    },
    "spectral_energyband_high": {
        "mean": 0.00104237766936,
        "stdev": 0.00164046545979
    },
    "spectral_energyband_low": {
        "mean": 0.0734116286039,
        "stdev": 0.0509703718126
    },
    "spectral_energyband_middle_high": {
        "mean": 0.00509890494868,
        "stdev": 0.00880267564207
    },
    "spectral_energyband_middle_low": {
        "mean": 0.125570058823,
        "stdev": 0.120000094175
    },
    "spectral_flatness_db": {
        "mean": 0.260930716991,
        "stdev": 0.114119783044
    },
    "spectral_flux": {
        "mean": 0.0961653888226,
        "stdev": 0.076594017446
    },
    "spectral_kurtosis": {
        "mean": 21.0371284485,
        "stdev": 28.9285793304
    },
    "spectral_rms": {
        "mean": 0.0170543342829,
        "stdev": 0.00676916958764
    },
    "spectral_rolloff": {
        "mean": 315.954467773,
        "stdev": 158.202545166
    },
    "spectral_skewness": {
        "mean": 3.6541249752,
        "stdev": 2.59417057037
    },
    "spectral_spread": {
        "mean": 16580401,
        "stdev": 10972452
    },
    "spectral_strongpeak": {
        "mean": 1.05745911598,
        "stdev": 0.721997559071
    },
    "zerocrossingrate": {
        "mean": 0.024477949366,
        "stdev": 0.0213596709073
    },
    "barkbands": {
        "mean": [0.000880242732819, 0.00494913198054, 0.0362478420138, 0.0384012311697, 0.0363810136914, 0.0187559742481, 0.0148322759196, 0.0110681410879, 0.00458332663402, 0.00242306501605, 0.000263203342911, 0.000262236484559, 0.000708474894054, 0.00126477016602, 0.000295039557386, 9.88738247543e-05, 5.33085112693e-05, 3.16644109262e-05, 0.000106593797682, 9.46542568272e-05, 0.000190106773516, 0.000191933926544, 9.77012314252e-05, 8.51824079291e-05, 0.000184814241948, 0.000175046370714, 7.83060822869e-05],
        "stdev": [0.00184297817759, 0.0035412593279, 0.0220378525555, 0.0302016269416, 0.0551990307868, 0.0302754696459, 0.0341747440398, 0.0266497116536, 0.011059794575, 0.00658655585721, 0.000499183486681, 0.000282165943645, 0.00126235070638, 0.00190856610425, 0.000599975464866, 0.000160741212312, 6.96750576026e-05, 4.84339361719e-05, 0.000156282258104, 0.000156029622303, 0.000286683673039, 0.000292025390081, 0.000161293923156, 0.000128488769406, 0.000322287087329, 0.000332991505275, 0.000159171118867]
    },
    "mfcc": {
        "mean": [-628.369140625, 173.494628906, 60.41040802, 23.4076957703, 2.11284899712, 16.0982036591, 0.624162554741, -7.44643497467, 0.0256831273437, 1.61359369755, 7.81131219864, -1.936170578, -8.24084758759],
        "stdev": [111.706604004, 55.1546401978, 19.2417163849, 17.7102794647, 14.5720729828, 10.4731588364, 11.7612514496, 15.3554582596, 8.48339748383, 7.56248903275, 7.81042671204, 14.9036521912, 9.8064622879]
    },
    "sccoeffs": {
        "mean": [-0.536128938198, -0.605569422245, -0.670618057251, -0.697107970715, -0.80624049902, -0.82890945673],
        "stdev": [0.111069582403, 0.166930854321, 0.10771009326, 0.0999897420406, 0.0426340028644, 0.037240408361]
    },
    "scvalleys": {
        "mean": [-3.36875724792, -4.78614139557, -6.20907354355, -7.30203866959, -7.96006774902, -8.26873683929],
        "stdev": [0.482017308474, 0.835017442703, 0.777818381786, 1.12279486656, 1.40566158295, 1.53345096111]
    }
},
"rhythm": {
    "bpm": 172.265640259,
    "confidence": 0,
    "first_peak_bpm": {
        "mean": 172,
        "stdev": 0
    },
    "first_peak_spread": {
        "mean": 0,
        "stdev": 0
    },
    "first_peak_weight": {
        "mean": 0.5,
        "stdev": 0
    },
    "onset_rate": 5.7140212059,
    "second_peak_bpm": {
        "mean": 191,
        "stdev": 0
    },
    "second_peak_spread": {
        "mean": 0,
        "stdev": 0
    },
    "second_peak_weight": {
        "mean": 0.5,
        "stdev": 0
    }
},
"sfx": {
    "inharmonicity": {
        "mean": 0.0420632064342,
        "stdev": 0.0442713871598
    },
    "oddtoevenharmonicenergyratio": {
        "mean": 7.15311765671,
        "stdev": 57.094833374
    },
    "pitch_after_max_to_before_max_energy_ratio": 5.14252758026,
    "pitch_centroid": 51.3891906738,
    "pitch_max_to_total": 0.0560747645795,
    "pitch_min_to_total": 0.31775701046,
    "tristimulus": {
        "mean": [0.393814653158, 0.423403531313, 0.182781785727],
        "stdev": [0.329264551401, 0.262208580971, 0.149253636599]
    }
},
"tonal": {
    "chords_changes_rate": 0.0357142873108,
    "chords_number_rate": 0.0714285746217,
    "chords_strength": {
        "mean": 0.387087583542,
        "stdev": 0.0216545592993
    },
    "key_strength": 0.567740857601,
    "tuning_diatonic_strength": 0.438368678093,
    "tuning_equal_tempered_deviation": 0.0510386526585,
    "tuning_frequency": 438.224517822,
    "tuning_nontempered_energy_ratio": 0.61903655529,
    "hpcp": {
        "mean": [0.399897277355, 0.202552840114, 0.00841762311757, 0.00141952373087, 0.00633604591712, 0.0163765083998, 0.0216038879007, 0.0140890916809, 0.0303621422499, 0.0564057156444, 0.0325830951333, 0.0289978571236, 0.0758296847343, 0.0627892762423, 0.109082400799, 0.146732106805, 0.0515480451286, 0.00153291900642, 0.00603178562596, 0.011435191147, 0.0128350919113, 0.0222578793764, 0.0202230419964, 0.0118112592027, 0.0106596583501, 0.00509665068239, 0.0449358448386, 0.100538380444, 0.0632537826896, 0.195884078741, 0.363126307726, 0.181280985475, 0.057557374239, 0.118895128369, 0.0861889272928, 0.222376734018],
        "stdev": [0.482918709517, 0.276035189629, 0.0289534088224, 0.00211107986979, 0.0133144324645, 0.0429978631437, 0.0775844454765, 0.0439786054194, 0.0416840948164, 0.0803630948067, 0.0493486821651, 0.0962745547295, 0.254777699709, 0.203206822276, 0.248587280512, 0.34837898612, 0.120220072567, 0.00192960782442, 0.0254854299128, 0.0559484548867, 0.0331451259553, 0.044067248702, 0.0395253747702, 0.0139701971784, 0.013656902127, 0.0104031031951, 0.0871876850724, 0.211521834135, 0.128219842911, 0.246867001057, 0.452263385057, 0.250097751617, 0.116133779287, 0.237376689911, 0.134838700294, 0.276803135872]
    },
    "chords_histogram": [0, 0, 0, 0, 0, 0, 0, 0, 0, 0, 0, 0, 0, 0, 0, 0, 0, 0, 0, 78.5714263916, 21.428571701, 0, 0, 0],