{
"metadata": {
    "version": {
        "essentia": "2.1-beta5-dev"
    }
},
"lowLevel": {
    "average_loudness": 0.99068403244,
    "barkbands_kurtosis": {
        "mean": 36.1793289185,
        "stdev": 40.3317756653
    },
    "barkbands_skewness": {
        "mean": 3.96870827675,
        "stdev": 2.63223743439
    },
    "barkbands_spread": {
        "mean": 4.43545293808,
        "stdev": 2.9660885334
    },
    "dissonance": {
        "mean": 0.216093689203,
        "stdev": 0.113429129124
    },
    "hfc": {
        "mean": 50.2171592712,
        "stdev": 39.5708007812
    },
    "pitch": {
        "mean": 208.359817505,
        "stdev": 108.697647095
    },
    "pitch_instantaneous_confidence": {
        "mean": 0.357818037271,
        "stdev": 0.154418036342
    },
    "pitch_salience": {
        "mean": 0.519700884819,
        "stdev": 0.082975409925
    },
    "silence_rate_20dB": {
        "mean": 0.727272748947,
        "stdev": 0.445362240076
    },
    "silence_rate_30dB": {
        "mean": 0.245454549789,
        "stdev": 0.430356413126
    },
    "silence_rate_60dB": {
        "mean": 0,
        "stdev": 0
    },
    "spectral_centroid": {
        "mean": 198.51322937,
        "stdev": 89.4080200195
    },
    "spectral_complexity": {
        "mean": 8.86363601685,
        "stdev": 4.51759767532
    },
    "spectral_crest": {
        "mean": 11.5774850845,
        "stdev": 3.04912662506
    },
    "spectral_decrease": {
        "mean": -1.24341084984e-07,
        "stdev": 7.72622570366e-08
    },
    "spectral_energy": {
        "mean": 0.239887431264,
        "stdev": 0.149295181036
    },
    "spectral_energyband_high": {
        "mean": 0.000882773310877,
        "stdev": 0.00136847677641
    },
    "spectral_energyband_low": {
        "mean": 0.154191300273,
        "stdev": 0.0931572690606
    },
    "spectral_energyband_middle_high": {
        "mean": 0.00238776253536,
        "stdev": 0.00261536170729
    },
    "spectral_energyband_middle_low": {
        "mean": 0.110764361918,
        "stdev": 0.0903171896935
    },
    "spectral_flatness_db": {
        "mean": 0.287014275789,
        "stdev": 0.0843196734786
    },
    "spectral_flux": {
        "mean": 0.113965444267,
        "stdev": 0.0874128341675
    },
    "spectral_kurtosis": {
        "mean": 38.3810195923,
        "stdev": 58.782409668
    },
    "spectral_rms": {
        "mean": 0.0205122195184,
        "stdev": 0.00684585049748
    },
    "spectral_rolloff": {
        "mean": 267.40322876,
        "stdev": 135.330444336
    },
    "spectral_skewness": {
        "mean": 4.4893321991,
        "stdev": 3.62018299103
    },
    "spectral_spread": {
        "mean": 15299418,
        "stdev": 11563708
    },
    "spectral_strongpeak": {
        "mean": 0.716786205769,
        "stdev": 0.379309266806
    },
    "zerocrossingrate": {
        "mean": 0.0207208804786,
        "stdev": 0.014495161362
    },
    "barkbands": {
        "mean": [0.00381881184876, 0.0407413430512, 0.0813369750977, 0.0405704118311, 0.0373273380101, 0.00329148373567, 0.0227349493653, 0.00400824798271, 0.00253887590952, 0.00036711723078, 0.000163255783264, 0.000501198228449, 0.000928561028559, 0.000280983076664, 5.3746800404e-05, 0.000118358220789, 5.06695141667e-05, 2.57046413026e-05, 9.25019703573e-05, 7.45124416426e-05, 0.000161071293405, 0.00016196751676, 6.8295004894e-05, 7.71483682911e-05, 0.000165041812579, 0.000155613408424, 6.58201242913e-05],
        "stdev": [0.00563290342689, 0.0337044075131, 0.0434772931039, 0.0272787157446, 0.0530297718942, 0.00489831855521, 0.0226984508336, 0.00682611297816, 0.00406822701916, 0.000546142982785, 0.000168955637491, 0.0005643410841, 0.00131833308842, 0.000696908740792, 6.89323132974e-05, 0.000184343691217, 8.6043641204e-05, 3.7531441194e-05, 0.000162626558449, 0.000133655630634, 0.000247911113547, 0.000239809320192, 0.000103657701402, 0.000119321994134, 0.000281514687231, 0.000298214086797, 0.000126584520331]
    },
    "mfcc": {
        "mean": [-628.611938477, 182.382034302, 57.1358985901, 29.9009685516, 10.0959415436, 19.6413002014, 4.64558887482, 2.29697847366, 7.51508045197, -1.25629734993, 7.47992658615, 7.12691688538, 4.69349431992],
        "stdev": [85.7229537964, 73.3475875854, 21.2010116577, 20.7709827423, 11.334479332, 10.0869045258, 12.746055603, 13.6694602966, 12.9949159622, 9.00288486481, 8.88091659546, 9.44054031372, 8.70700931549]
    },
    "sccoeffs": {
        "mean": [-0.494784384966, -0.641320645809, -0.71488571167, -0.715298831463, -0.776866734028, -0.826667368412],
        "stdev": [0.0944750905037, 0.153047770262, 0.0844635814428, 0.0924224629998, 0.0496344864368, 0.0373046174645]
    },
    "scvalleys": {
        "mean": [-3.07878303528, -4.74640130997, -5.98778867722, -7.22711992264, -8.0845451355, -8.41760730743],
        "stdev": [0.726503074169, 0.868215680122, 0.685425341129, 0.934802234173, 1.23058819771, 1.47315728664]
    }
},
"rhythm": {
    "bpm": 178.205825806,
    "confidence": 0,
    "first_peak_bpm": {
        "mean": 178,
        "stdev": 0
    },
    "first_peak_spread": {
        "mean": 0,
        "stdev": 0
    },
    "first_peak_weight": {
        "mean": 0.5,
        "stdev": 0
    },
    "onset_rate": 5.53186130524,
    "second_peak_bpm": {
        "mean": 191,
        "stdev": 0
    },
    "second_peak_spread": {
        "mean": 0,
        "stdev": 0
    },
    "second_peak_weight": {
        "mean": 0.5,
        "stdev": 0
    }
},
"sfx": {
    "inharmonicity": {
        "mean": 0.030138136819,
        "stdev": 0.0401165634394
    },
    "oddtoevenharmonicenergyratio": {
        "mean": 11.4371404648,
        "stdev": 95.5505447388
    },
    "pitch_after_max_to_before_max_energy_ratio": 2.29702949524,
    "pitch_centroid": 49.8771362305,
    "pitch_max_to_total": 0.163636356592,
    "pitch_min_to_total": 0.254545450211,
    "tristimulus": {
        "mean": [0.489759027958, 0.312965303659, 0.197275713086],
        "stdev": [0.305515855551, 0.212466731668, 0.203274711967]
    }
},
"tonal": {
    "chords_changes_rate": 0,
    "chords_number_rate": 0.0344827584922,
    "chords_strength": {
        "mean": 0.403966069221,
        "stdev": 0.0155707094818
    },
    "key_strength": 0.56280207634,
    "tuning_diatonic_strength": 0.32769921422,
    "tuning_equal_tempered_deviation": 0.0470785237849,
    "tuning_frequency": 441.017791748,
    "tuning_nontempered_energy_ratio": 0.601202011108,
    "hpcp": {
        "mean": [0.0859160125256, 0.0473011359572, 0.0639019981027, 0.0911011993885, 0.0547452270985, 0.0555369928479, 0.0682532563806, 0.0322839058936, 0.00954349711537, 0.0107254283503, 0.00510605657473, 0.00558566488326, 0.00623115804046, 0.028351534158, 0.262233763933, 0.42816606164, 0.19334231317, 0.0021278290078, 0.00132787495386, 0.000848599243909, 0.0032284592744, 0.00454004388303, 0.00275604613125, 0.00682378467172, 0.0439567565918, 0.086236461997, 0.288149476051, 0.423143088818, 0.184158891439, 0.00178990245331, 0.00136333657429, 0.000866322370712, 0.000907230481971, 0.00379463308491, 0.00631911400706, 0.0522178187966],
        "stdev": [0.152594849467, 0.0720244422555, 0.145242065191, 0.227423518896, 0.135084867477, 0.195027634501, 0.216048300266, 0.120081163943, 0.012627132237, 0.0156368743628, 0.00941651407629, 0.0195304825902, 0.0155539391562, 0.120294697583, 0.303060114384, 0.484799921513, 0.229830086231, 0.0048470357433, 0.00334824249148, 0.00257806968875, 0.00463899737224, 0.00632974272594, 0.00299110426567, 0.0107004633173, 0.124405585229, 0.249633833766, 0.301680535078, 0.4851783216, 0.22311501205, 0.00261724391021, 0.00215191044845, 0.00189630046953, 0.00298862229101, 0.0179320517927, 0.0197472758591, 0.0870956927538]
    },
    "chords_histogram": [0, 100, 0, 0, 0, 0, 0, 0, 0, 0, 0, 0, 0, 0, 0, 0, 0, 0, 0, 0, 0, 0, 0, 0],