{
"metadata": {
    "version": {
        "essentia": "2.1-beta5-dev"
    }
},
"lowLevel": {
    "average_loudness": 0.99068403244,
    "barkbands_kurtosis": {
        "mean": 14.3306980133,
        "stdev": 24.7515258789
    },
    "barkbands_skewness": {
        "mean": 1.88382661343,
        "stdev": 1.54859530926
    },
    "barkbands_spread": {
        "mean": 4.1532626152,
        "stdev": 2.36448407173
    },
    "dissonance": {
        "mean": 0.154788061976,
        "stdev": 0.0727979391813
    },
    "hfc": {
        "mean": 61.9606361389,
        "stdev": 36.8403816223
    },
    "pitch": {
        "mean": 258.989318848,
        "stdev": 70.686126709
    },
    "pitch_instantaneous_confidence": {
        "mean": 0.628978312016,
        "stdev": 0.175524964929
    },
    "pitch_salience": {
        "mean": 0.507395088673,
        "stdev": 0.0993322730064
    },
    "silence_rate_20dB": {
        "mean": 0.672727286816,
        "stdev": 0.469217717648
    },
    "silence_rate_30dB": {
        "mean": 0.0363636352122,
        "stdev": 0.187193244696
    },
    "silence_rate_60dB": {
        "mean": 0,
        "stdev": 0
    },
    "spectral_centroid": {
        "mean": 220.44468689,
        "stdev": 108.507621765
    },
    "spectral_complexity": {
        "mean": 8.00909137726,
        "stdev": 3.31524085999
    },
    "spectral_crest": {
        "mean": 10.2996091843,
        "stdev": 2.65844964981
    },
    "spectral_decrease": {
        "mean": -1.50713574953e-07,
        "stdev": 5.75651633028e-08
    },
    "spectral_energy": {
        "mean": 0.290866017342,
        "stdev": 0.110865145922
    },
    "spectral_energyband_high": {
        "mean": 0.000274743913906,
        "stdev": 0.000437566777691
    },
    "spectral_energyband_low": {
        "mean": 0.147682160139,
        "stdev": 0.104253478348
    },
    "spectral_energyband_middle_high": {
        "mean": 0.00308809173293,
        "stdev": 0.00369024230167
    },
    "spectral_energyband_middle_low": {
        "mean": 0.149607136846,
        "stdev": 0.0958531498909
    },
    "spectral_flatness_db": {
        "mean": 0.319275408983,
        "stdev": 0.0951818525791
    },
    "spectral_flux": {
        "mean": 0.184962019324,
        "stdev": 0.0778294801712
    },
    "spectral_kurtosis": {
        "mean": 56.3665847778,
        "stdev": 73.6706390381
    },
    "spectral_rms": {
        "mean": 0.0232807639986,
        "stdev": 0.00499961571768
    },
    "spectral_rolloff": {
        "mean": 337.092498779,
        "stdev": 156.560623169
    },
    "spectral_skewness": {
        "mean": 5.81270742416,
        "stdev": 3.84460806847
    },
    "spectral_spread": {
        "mean": 9642219,
        "stdev": 8735832
    },
    "spectral_strongpeak": {
        "mean": 1.14489352703,
        "stdev": 1.12564444542
    },
    "zerocrossingrate": {
        "mean": 0.013973721303,
        "stdev": 0.00701834773645
    },
    "barkbands": {
        "mean": [0.018102357164, 0.065943710506, 0.0539270825684, 0.0119863525033, 0.0434225425124, 0.0704282149673, 0.00255406368524, 0.0185191389173, 0.00237426278181, 0.000389457738493, 0.000161261705216, 0.000637931982055, 0.000819739885628, 0.00115310971159, 3.88674961869e-05, 3.42988896591e-05, 2.79430369119e-05, 1.20557642731e-05, 3.82514372177e-05, 3.11968688038e-05, 6.50743822916e-05, 4.97272449138e-05, 2.3505426725e-05, 2.12128288695e-05, 4.45007390226e-05, 4.09080494137e-05, 1.72471081896e-05],
        "stdev": [0.0210467763245, 0.0465038456023, 0.0418614335358, 0.0133831016719, 0.0279901437461, 0.059396173805, 0.00279437936842, 0.0184397175908, 0.00321504054591, 0.000465912802611, 0.000219190245843, 0.000868571398314, 0.00143408728763, 0.00207703583874, 6.69141154503e-05, 7.69523685449e-05, 4.87099750899e-05, 2.08224137168e-05, 8.03163129603e-05, 6.23800151516e-05, 0.000119349933811, 7.18643641449e-05, 3.39453799825e-05, 3.37382407452e-05, 7.82195711508e-05, 7.9112178355e-05, 3.44842483173e-05]
    },
    "mfcc": {
        "mean": [-644.466003418, 212.343032837, 62.0645599365, 19.933549881, -0.29293641448, 18.7791252136, 0.285058617592, -15.0430622101, -5.61926698685, 1.62859356403, 15.1444883347, 7.07068157196, -1.4927097559],
        "stdev": [78.22996521, 59.3419761658, 24.5866527557, 22.0452136993, 13.5376205444, 9.73912906647, 11.7949142456, 14.0108585358, 10.917807579, 8.29347610474, 8.26270866394, 7.73516798019, 6.4868516922]
    },
    "sccoeffs": {
        "mean": [-0.474029541016, -0.512677848339, -0.729194998741, -0.660967469215, -0.8155554533, -0.840739488602],
        "stdev": [0.113450281322, 0.140835002065, 0.10386993736, 0.0954480543733, 0.0452632419765, 0.0359988510609]
    },
    "scvalleys": {
        "mean": [-3.17330598831, -4.35592556, -6.09736251831, -7.30742788315, -8.33421230316, -8.79843235016],
        "stdev": [0.575771212578, 0.755522847176, 0.823064863682, 0.869439184666, 1.08522081375, 1.25511538982]
    }
},
"rhythm": {
    "bpm": 184.5703125,
    "confidence": 0,
    "first_peak_bpm": {
        "mean": 185,
        "stdev": 0
    },
    "first_peak_spread": {
        "mean": 0,
        "stdev": 0
    },
    "first_peak_weight": {
        "mean": 0.5,
        "stdev": 0
    },
    "onset_rate": 6.34863471985,
    "second_peak_bpm": {
        "mean": 191,
        "stdev": 0
    },
    "second_peak_spread": {
        "mean": 0,
        "stdev": 0
    },
    "second_peak_weight": {
        "mean": 0.5,
        "stdev": 0
    }
},
"sfx": {
    "inharmonicity": {
        "mean": 0.0178092997521,
        "stdev": 0.0347155183554
    },
    "oddtoevenharmonicenergyratio": {
        "mean": 16.6695251465,
        "stdev": 117.653030396
    },
    "pitch_after_max_to_before_max_energy_ratio": 0.341380089521,
    "pitch_centroid": 49.8634033203,
    "pitch_max_to_total": 0.609090924263,
    "pitch_min_to_total": 0.645454525948,
    "tristimulus": {
        "mean": [0.510976076126, 0.319984793663, 0.169039070606],
        "stdev": [0.234581589699, 0.15437912941, 0.212998300791]
    }
},
"tonal": {
    "chords_changes_rate": 0,
    "chords_number_rate": 0.0344827584922,
    "chords_strength": {
        "mean": 0.521120786667,
        "stdev": 0.0545694194734
    },
    "key_strength": 0.52234017849,
    "tuning_diatonic_strength": 0.449129223824,
    "tuning_equal_tempered_deviation": 0.072262853384,
    "tuning_frequency": 438.731048584,
    "tuning_nontempered_energy_ratio": 0.66133338213,
    "hpcp": {
        "mean": [0.139262631536, 0.0611840821803, 0.0730581060052, 0.0957741737366, 0.0773360952735, 0.137883722782, 0.294416517019, 0.27123889327, 0.12808047235, 0.0990510731936, 0.0631701499224, 0.0393244959414, 0.0250853020698, 0.00585200916976, 0.252181470394, 0.51192933321, 0.269359350204, 0.00714534427971, 0.00245505827479, 0.00495247356594, 0.0129209402949, 0.0187598932534, 0.0143491439521, 0.0235503129661, 0.0251890104264, 0.00856547057629, 0.00484938872978, 0.00629690196365, 0.00481258006766, 0.0102666197345, 0.0150876501575, 0.0071710543707, 0.00253576878458, 0.0114581175148, 0.0646599084139, 0.148405492306],
        "stdev": [0.317346513271, 0.148005738854, 0.213482111692, 0.24248945713, 0.173664778471, 0.235533311963, 0.398992151022, 0.384701728821, 0.183894470334, 0.26434469223, 0.160963386297, 0.182671457529, 0.104841217399, 0.0183319933712, 0.230300247669, 0.438598364592, 0.223137885332, 0.0161410085857, 0.00331428251229, 0.00782436691225, 0.0157210174948, 0.025270678103, 0.0254534389824, 0.110219627619, 0.12074085325, 0.0372024737298, 0.00683318963274, 0.00877050682902, 0.00453046616167, 0.0207961481065, 0.0279059819877, 0.00963970180601, 0.00989319849759, 0.0458002090454, 0.194681897759, 0.32916778326]
    },
    "chords_histogram": [0, 100, 0, 0, 0, 0, 0, 0, 0, 0, 0, 0, 0, 0, 0, 0, 0, 0, 0, 0, 0, 0, 0, 0],