{
"metadata": {
    "version": {
        "essentia": "2.1-beta5-dev"
    }
},
"lowLevel": {
    "average_loudness": 0.99068403244,
    "barkbands_kurtosis": {
        "mean": 18.6053237915,
        "stdev": 25.4897003174
    },
    "barkbands_skewness": {
        "mean": 2.44937777519,
        "stdev": 2.19838690758
    },
    "barkbands_spread": {
        "mean": 15.4498357773,
        "stdev": 22.300951004
    },
    "dissonance": {
        "mean": 0.25134524703,
        "stdev": 0.102594807744
    },
    "hfc": {
        "mean": 37.5336494446,
        "stdev": 28.330739975
    },
    "pitch": {
        "mean": 356.769073486,
        "stdev": 716.312683105
    },
    "pitch_instantaneous_confidence": {
        "mean": 0.327268242836,
        "stdev": 0.112205937505
    },
    "pitch_salience": {
        "mean": 0.633790671825,
        "stdev": 0.120804317296
    },
    "silence_rate_20dB": {
        "mean": 0.972222208977,
        "stdev": 0.164335340261
    },
    "silence_rate_30dB": {
        "mean": 0.453703701496,
        "stdev": 0.497851908207
    },
    "silence_rate_60dB": {
        "mean": 0,
        "stdev": 0
    },
    "spectral_centroid": {
        "mean": 1006.57983398,
        "stdev": 1726.13110352
    },
    "spectral_complexity": {
        "mean": 10.7870368958,
        "stdev": 5.30033397675
    },
    "spectral_crest": {
        "mean": 10.4092979431,
        "stdev": 4.59407377243
    },
    "spectral_decrease": {
        "mean": -5.87044652889e-08,
        "stdev": 5.12862392554e-08
    },
    "spectral_energy": {
        "mean": 0.114510670304,
        "stdev": 0.0988176316023
    },
    "spectral_energyband_high": {
        "mean": 0.00114072777797,
        "stdev": 0.00159798329696
    },
    "spectral_energyband_low": {
        "mean": 0.0602314248681,
        "stdev": 0.0617127269506
    },
    "spectral_energyband_middle_high": {
        "mean": 0.00302313733846,
        "stdev": 0.00293500279076
    },
    "spectral_energyband_middle_low": {
        "mean": 0.0765051171184,
        "stdev": 0.0755617469549
    },
    "spectral_flatness_db": {
        "mean": 0.217961445451,
        "stdev": 0.122424677014
    },
    "spectral_flux": {
        "mean": 0.140589490533,
        "stdev": 0.0919111520052
    },
    "spectral_kurtosis": {
        "mean": 22.9355792999,
        "stdev": 35.4463729858
    },
    "spectral_rms": {
        "mean": 0.013216455467,
        "stdev": 0.00696727633476
    },
    "spectral_rolloff": {
        "mean": 1910.47216797,
        "stdev": 3707.95117188
    },
    "spectral_skewness": {
        "mean": 3.51964259148,
        "stdev": 2.96225070953
    },
    "spectral_spread": {
        "mean": 17571464,
        "stdev": 11119247
    },
    "spectral_strongpeak": {
        "mean": 0.54153573513,
        "stdev": 0.410584867001
    },
    "zerocrossingrate": {
        "mean": 0.0637387856841,
        "stdev": 0.0927196070552
    },
    "barkbands": {
        "mean": [0.00138203729875, 0.0068484256044, 0.0260135103017, 0.0344287827611, 0.0141290659085, 0.00739850616083, 0.0110501907766, 0.00620222045109, 0.00224691792391, 0.00126256933436, 0.000393561698729, 0.000519265187904, 0.000637010729406, 0.00033100755536, 0.000127911873278, 6.4888758061e-05, 5.63283756492e-05, 4.56870948256e-05, 0.000168241094798, 0.000109360458737, 0.000191672152141, 0.000259578897385, 9.54765928327e-05, 9.40161917242e-05, 0.000185314580449, 0.000185317287105, 7.61081755627e-05],
        "stdev": [0.00443782191724, 0.0141624091193, 0.0301122143865, 0.0414597019553, 0.0201492290944, 0.0122040351853, 0.0174177344888, 0.00828974880278, 0.00366554199718, 0.00161190156359, 0.00045615810086, 0.000753633270506, 0.00070874002995, 0.000496508961078, 0.000163227014127, 7.08831939846e-05, 6.88190193614e-05, 7.29041348677e-05, 0.000250308599789, 0.000154777240823, 0.000271526252618, 0.000390372675611, 0.000136196758831, 0.000128864470753, 0.000282150926068, 0.000297006277833, 0.000134976100526]
    },
    "mfcc": {
        "mean": [-631.711425781, 161.484054565, 48.0612602234, 16.7088947296, -4.10978412628, 13.7312984467, 1.28824567795, -7.95691823959, -1.77574217319, -2.64790081978, 3.31051850319, -3.65552258492, -1.19875085354],
        "stdev": [103.176437378, 81.6226959229, 28.2768421173, 24.4408111572, 14.4169740677, 11.7338666916, 10.6068458557, 8.84889698029, 10.0981779099, 8.73121833801, 7.78327703476, 7.59728908539, 7.78504371643]
    },
    "sccoeffs": {
        "mean": [-0.603705346584, -0.74537229538, -0.751351296902, -0.742455005646, -0.799405932426, -0.821819365025],
        "stdev": [0.136762931943, 0.0869548395276, 0.0845438018441, 0.0685749351978, 0.0498151481152, 0.0339786037803]
    },
    "scvalleys": {
        "mean": [-3.74270176888, -4.43182325363, -5.78793430328, -6.87251853943, -7.8794708252, -8.27881622314],
        "stdev": [0.828391134739, 1.22543668747, 1.05260372162, 1.00846505165, 1.40111339092, 1.56233799458]
    }
},
"rhythm": {
    "bpm": 126.048019409,
    "confidence": 0,
    "first_peak_bpm": {
        "mean": 126,
        "stdev": 0
    },
    "first_peak_spread": {
        "mean": 0,
        "stdev": 0
    },
    "first_peak_weight": {
        "mean": 1,
        "stdev": 0
    },
    "onset_rate": 4.84562110901,
    "second_peak_bpm": {
        "mean": 0,
        "stdev": 0
    },
    "second_peak_spread": {
        "mean": 0,
        "stdev": 0
    },
    "second_peak_weight": {
        "mean": 0,
        "stdev": 0
    }
},
"sfx": {
    "inharmonicity": {
        "mean": 0.0692741125822,
        "stdev": 0.0798615515232
    },
    "oddtoevenharmonicenergyratio": {
        "mean": 2.16529726982,
        "stdev": 8.63979530334
    },
    "pitch_after_max_to_before_max_energy_ratio": 0.978530883789,
    "pitch_centroid": 37.7102394104,
    "pitch_max_to_total": 0.0925925895572,
    "pitch_min_to_total": 0.796296298504,
    "tristimulus": {
        "mean": [0.447851896286, 0.364342272282, 0.187805876136],
        "stdev": [0.29473182559, 0.228278890252, 0.185404106975]
    }
},
"tonal": {
    "chords_changes_rate": 0.0714285746217,
    "chords_number_rate": 0.0714285746217,
    "chords_strength": {
        "mean": 0.331308931112,
        "stdev": 0.012955182232
    },
    "key_strength": 0.664344370365,
    "tuning_diatonic_strength": 0.296169191599,
    "tuning_equal_tempered_deviation": 0.0690090507269,
    "tuning_frequency": 439.238189697,
    "tuning_nontempered_energy_ratio": 0.62760579586,
    "hpcp": {
        "mean": [0.120725080371, 0.0734961479902, 0.032873108983, 0.0840297341347, 0.141572386026, 0.223478749394, 0.276749223471, 0.1669036448, 0.0969712585211, 0.0988343134522, 0.0543028376997, 0.0206234399229, 0.0318752154708, 0.0633016899228, 0.108248397708, 0.162752300501, 0.143380254507, 0.0962948799133, 0.0778547152877, 0.0636188238859, 0.209185197949, 0.303192406893, 0.194024473429, 0.194875866175, 0.207661345601, 0.105618774891, 0.0543059818447, 0.0434391200542, 0.0246130842716, 0.0547330491245, 0.137272790074, 0.142221152782, 0.190303355455, 0.283004611731, 0.216252997518, 0.137752979994],
        "stdev": [0.255514442921, 0.143527761102, 0.0832501277328, 0.186311453581, 0.293025493622, 0.274632632732, 0.378983259201, 0.171886146069, 0.108462877572, 0.129105344415, 0.0887633487582, 0.0461139120162, 0.0866881906986, 0.188772618771, 0.120427913964, 0.175978526473, 0.169076636434, 0.202980339527, 0.11060487479, 0.0853029415011, 0.288158476353, 0.407414704561, 0.235794574022, 0.33116748929, 0.323824197054, 0.151391550899, 0.123493559659, 0.117121271789, 0.0522629618645, 0.0840227976441, 0.190896943212, 0.170364156365, 0.263796508312, 0.369835913181, 0.291295915842, 0.259740650654]
    },
    "chords_histogram": [0, 0, 0, 0, 0, 0, 0, 0, 0, 0, 0, 0, 67.8571395874, 0, 0, 0, 0, 32.1428565979, 0, 0, 0, 0, 0, 0],