{
"metadata": {
    "version": {
        "essentia": "2.1-beta5-dev"
    }
},
"lowLevel": {
    "average_loudness": 0.99068403244,
    "barkbands_kurtosis": {
        "mean": 23.110912323,
        "stdev": 19.9350452423
    },
    "barkbands_skewness": {
        "mean": 3.31140112877,
        "stdev": 1.65527462959
    },
    "barkbands_spread": {
        "mean": 3.9280230999,
        "stdev": 3.32297992706
    },
    "dissonance": {
        "mean": 0.170404329896,
        "stdev": 0.0899798125029
    },
    "hfc": {
        "mean": 36.6068267822,
        "stdev": 20.9136562347
    },
    "pitch": {
        "mean": 155.716796875,
        "stdev": 47.3808937073
    },
    "pitch_instantaneous_confidence": {
        "mean": 0.290090769529,
        "stdev": 0.113395638764
    },
    "pitch_salience": {
        "mean": 0.552165329456,
        "stdev": 0.104703418911
    },
    "silence_rate_20dB": {
        "mean": 0.685185194016,
        "stdev": 0.464441627264
    },
    "silence_rate_30dB": {
        "mean": 0.231481477618,
        "stdev": 0.42177927494
    },
    "silence_rate_60dB": {
        "mean": 0,
        "stdev": 0
    },
    "spectral_centroid": {
        "mean": 173.828643799,
        "stdev": 77.874710083
    },
    "spectral_complexity": {
        "mean": 8.63888931274,
        "stdev": 3.06249213219
    },
    "spectral_crest": {
        "mean": 11.041103363,
        "stdev": 2.2975332737
    },
    "spectral_decrease": {
        "mean": -1.19120699082e-07,
        "stdev": 7.24792528217e-08
    },
    "spectral_energy": {
        "mean": 0.228772550821,
        "stdev": 0.138855651021
    },
    "spectral_energyband_high": {
        "mean": 0.000566304603126,
        "stdev": 0.000795212574303
    },
    "spectral_energyband_low": {
        "mean": 0.16309453547,
        "stdev": 0.106488473713
    },
    "spectral_energyband_middle_high": {
        "mean": 0.00203894614242,
        "stdev": 0.00216131447814
    },
    "spectral_energyband_middle_low": {
        "mean": 0.0847164914012,
        "stdev": 0.0601190291345
    },
    "spectral_flatness_db": {
        "mean": 0.293027430773,
        "stdev": 0.0921630486846
    },
    "spectral_flux": {
        "mean": 0.143582448363,
        "stdev": 0.0781269967556
    },
    "spectral_kurtosis": {
        "mean": 33.8597755432,
        "stdev": 49.1101570129
    },
    "spectral_rms": {
        "mean": 0.0200259909034,
        "stdev": 0.00670151179656
    },
    "spectral_rolloff": {
        "mean": 223.307296753,
        "stdev": 78.4418563843
    },
    "spectral_skewness": {
        "mean": 4.50528812408,
        "stdev": 3.28775191307
    },
    "spectral_spread": {
        "mean": 13720180,
        "stdev": 9925377
    },
    "spectral_strongpeak": {
        "mean": 0.522168636322,
        "stdev": 0.201488986611
    },
    "zerocrossingrate": {
        "mean": 0.017189309001,
        "stdev": 0.0143671985716
    },
    "barkbands": {
        "mean": [0.00477697467431, 0.0496347807348, 0.0870830118656, 0.0438167005777, 0.0228033754975, 0.00338271958753, 0.011818007566, 0.00162079778966, 0.0011279649334, 0.00018909740902, 0.000903829408344, 0.000437022536062, 0.000273535843007, 8.83376415004e-05, 6.29936184851e-05, 3.0631563277e-05, 4.12423178204e-05, 1.47546643348e-05, 7.28223094484e-05, 4.85353266413e-05, 0.000113719514047, 0.000112178560812, 4.62680982309e-05, 5.06385295012e-05, 9.44296552916e-05, 8.89673901838e-05, 3.50420705217e-05],
        "stdev": [0.00756124779582, 0.0382440648973, 0.0519608482718, 0.0369473770261, 0.0178438033909, 0.0037560837809, 0.0093227205798, 0.00187179620843, 0.00203269906342, 0.000150723091792, 0.000924073683564, 0.000676509283949, 0.000457970716525, 0.000225619252888, 0.000158556926181, 5.17215812579e-05, 8.26242030598e-05, 2.05290725717e-05, 0.000105262472061, 7.90776030044e-05, 0.000163578908541, 0.000149484025314, 6.58802455291e-05, 6.85473787598e-05, 0.000140486125019, 0.000142002259963, 5.93862678215e-05]
    },
    "mfcc": {
        "mean": [-640.272277832, 191.284835815, 73.9235229492, 25.3372211456, -0.849044501781, 21.660774231, 13.1904230118, -1.1868544817, 1.71152698994, -2.50497102737, 4.57343101501, 2.18512988091, 6.78568172455],
        "stdev": [90.7314071655, 62.0909729004, 15.644990921, 19.5004787445, 11.1594209671, 8.37883758545, 7.3081703186, 8.4314994812, 9.61497879028, 11.0413579941, 10.0381641388, 7.58905220032, 8.60832023621]
    },
    "sccoeffs": {
        "mean": [-0.523615539074, -0.662157058716, -0.721871316433, -0.747935116291, -0.812310874462, -0.830452084541],
        "stdev": [0.103573165834, 0.111587025225, 0.0676530823112, 0.0544362664223, 0.0448404960334, 0.0371586233377]
    },
    "scvalleys": {
        "mean": [-2.93262767792, -4.53116369247, -5.83089113235, -7.29215097427, -8.2477722168, -8.51694107056],
        "stdev": [0.579379498959, 0.631499230862, 0.670741558075, 0.831603944302, 1.24822962284, 1.41506624222]
    }
},
"rhythm": {
    "bpm": 184.5703125,
    "confidence": 0,
    "first_peak_bpm": {
        "mean": 185,
        "stdev": 0
    },
    "first_peak_spread": {
        "mean": 0,
        "stdev": 0
    },
    "first_peak_weight": {
        "mean": 1,
        "stdev": 0
    },
    "onset_rate": 5.642993927,
    "second_peak_bpm": {
        "mean": 0,
        "stdev": 0
    },
    "second_peak_spread": {
        "mean": 0,
        "stdev": 0
    },
    "second_peak_weight": {
        "mean": 0,
        "stdev": 0
    }
},
"sfx": {
    "inharmonicity": {
        "mean": 0.0497052818537,
        "stdev": 0.0393555238843
    },
    "oddtoevenharmonicenergyratio": {
        "mean": 76.3286972046,
        "stdev": 250.389846802
    },
    "pitch_after_max_to_before_max_energy_ratio": 51.0269470215,
    "pitch_centroid": 51.7021446228,
    "pitch_max_to_total": 0,
    "pitch_min_to_total": 0.796296298504,
    "tristimulus": {
        "mean": [0.304697960615, 0.474816679955, 0.220485329628],
        "stdev": [0.288685232401, 0.233005300164, 0.147723853588]
    }
},
"tonal": {
    "chords_changes_rate": 0.0714285746217,
    "chords_number_rate": 0.107142858207,
    "chords_strength": {
        "mean": 0.293781340122,
        "stdev": 0.0457633584738
    },
    "key_strength": 0.566444516182,
    "tuning_diatonic_strength": 0.297059625387,
    "tuning_equal_tempered_deviation": 0.0546888448298,
    "tuning_frequency": 439.745910645,
    "tuning_nontempered_energy_ratio": 0.598301649094,
    "hpcp": {
        "mean": [0.030316600576, 0.0178752038628, 0.00336758024059, 0.000412547640735, 0.0021088887006, 0.00569107150659, 0.00528286676854, 0.00221918290481, 0.00196872581728, 0.00179862102959, 0.0041077574715, 0.0370599515736, 0.0510339438915, 0.0219550989568, 0.195630043745, 0.410885334015, 0.256576269865, 0.0462061949074, 0.0110587468371, 0.0142210889608, 0.279020130634, 0.445148974657, 0.228025883436, 0.0837777033448, 0.0498802028596, 0.0163720734417, 0.00168817967642, 0.00213406840339, 0.0180648602545, 0.184049144387, 0.294829070568, 0.130611941218, 0.00325470953248, 0.000391057081288, 0.00116648396943, 0.016571553424],
        "stdev": [0.0314971990883, 0.0207731258124, 0.00906356424093, 0.000782241637353, 0.00743443146348, 0.0104201864451, 0.00551647040993, 0.00314714410342, 0.00726954126731, 0.00543763954192, 0.016348015517, 0.155005723238, 0.184364378452, 0.0472612045705, 0.234073296189, 0.476631999016, 0.294037908316, 0.181551709771, 0.0367298051715, 0.0263358596712, 0.328280866146, 0.478055953979, 0.245800435543, 0.255203396082, 0.132026895881, 0.0417904444039, 0.00319862295873, 0.00481671979651, 0.0637032538652, 0.189248591661, 0.289833515882, 0.12409953773, 0.013227541931, 0.000416813418269, 0.00227527599782, 0.0201949905604]
    },
    "chords_histogram": [89.2857131958, 0, 0, 0, 3.57142853737, 0, 0, 0, 0, 0, 0, 0, 0, 0, 0, 0, 0, 0, 0, 0, 0, 0, 0, 7.14285707474],