{
"metadata": {
    "version": {
        "essentia": "2.1-beta5-dev"
    }
},
"lowLevel": {
    "average_loudness": 0.99068403244,
    "barkbands_kurtosis": {
        "mean": 17.6222362518,
        "stdev": 23.44962883
    },
    "barkbands_skewness": {
        "mean": 2.56343507767,
        "stdev": 1.75282049179
    },
    "barkbands_spread": {
        "mean": 3.33415603638,
        "stdev": 2.15634775162
    },
    "dissonance": {
        "mean": 0.188052758574,
        "stdev": 0.0786695331335
    },
    "hfc": {
        "mean": 45.5047302246,
        "stdev": 28.8692474365
    },
    "pitch": {
        "mean": 201.46244812,
        "stdev": 444.919494629
    },
    "pitch_instantaneous_confidence": {
        "mean": 0.311097323895,
        "stdev": 0.146372869611
    },
    "pitch_salience": {
        "mean": 0.643046200275,
        "stdev": 0.0699173435569
    },
    "silence_rate_20dB": {
        "mean": 0.744186043739,
        "stdev": 0.436317980289
    },
    "silence_rate_30dB": {
        "mean": 0.0620155036449,
        "stdev": 0.24118347466
    },
    "silence_rate_60dB": {
        "mean": 0,
        "stdev": 0
    },
    "spectral_centroid": {
        "mean": 182.488739014,
        "stdev": 66.2259979248
    },
    "spectral_complexity": {
        "mean": 8.56589126587,
        "stdev": 3.66810059547
    },
    "spectral_crest": {
        "mean": 10.1593265533,
        "stdev": 2.51173377037
    },
    "spectral_decrease": {
        "mean": -1.25658431216e-07,
        "stdev": 6.27116421015e-08
    },
    "spectral_energy": {
        "mean": 0.24195317924,
        "stdev": 0.121021278203
    },
    "spectral_energyband_high": {
        "mean": 0.0004731141089,
        "stdev": 0.000959765980951
    },
    "spectral_energyband_low": {
        "mean": 0.145160973072,
        "stdev": 0.0749555528164
    },
    "spectral_energyband_middle_high": {
        "mean": 0.00122951006051,
        "stdev": 0.00115997798275
    },
    "spectral_energyband_middle_low": {
        "mean": 0.13845962286,
        "stdev": 0.091191470623
    },
    "spectral_flatness_db": {
        "mean": 0.321259617805,
        "stdev": 0.0868128612638
    },
    "spectral_flux": {
        "mean": 0.148377001286,
        "stdev": 0.0724989399314
    },
    "spectral_kurtosis": {
        "mean": 60.4717826843,
        "stdev": 64.5462646484
    },
    "spectral_rms": {
        "mean": 0.0209507960826,
        "stdev": 0.00571907078847
    },
    "spectral_rolloff": {
        "mean": 254.058410645,
        "stdev": 106.689369202
    },
    "spectral_skewness": {
        "mean": 6.12451028824,
        "stdev": 3.6536924839
    },
    "spectral_spread": {
        "mean": 8604397,
        "stdev": 9846030
    },
    "spectral_strongpeak": {
        "mean": 0.610104501247,
        "stdev": 0.560375928879
    },
    "zerocrossingrate": {
        "mean": 0.016942223534,
        "stdev": 0.0112964482978
    },
    "barkbands": {
        "mean": [0.00420159986243, 0.0345385447145, 0.0631456747651, 0.078419983387, 0.0191249363124, 0.0235358644277, 0.00610487209633, 0.00847098324448, 0.00251016067341, 0.000390029133996, 0.000196830267669, 0.000267944851657, 0.000212846367504, 0.000107188388938, 0.000112131332571, 2.71960416285e-05, 2.47535281233e-05, 2.06543627428e-05, 3.5539160308e-05, 6.64585095365e-05, 9.3884402304e-05, 0.000116771363537, 4.02594778279e-05, 3.39536782121e-05, 6.06081994192e-05, 5.93447257415e-05, 3.15035067615e-05],
        "stdev": [0.00780188618228, 0.0201710294932, 0.0335631519556, 0.054222792387, 0.0207896586508, 0.0374264754355, 0.0075842035003, 0.0109965810552, 0.0026338363532, 0.000427794846473, 0.00024506621412, 0.000259229069343, 0.000271618948318, 0.000140644973726, 0.000233217622736, 4.93826810271e-05, 5.23376329511e-05, 5.01249342051e-05, 7.15573551133e-05, 0.000217207678361, 0.000199799978873, 0.00023688354122, 8.40114953462e-05, 7.38009985071e-05, 0.000151080035721, 0.000170231171069, 9.13931653486e-05]
    },
    "mfcc": {
        "mean": [-653.825378418, 219.018112183, 70.6626052856, 24.9978256226, -5.52857875824, 22.8132781982, 1.4991081953, -5.31740808487, 3.255392313, 5.82082796097, 9.92218875885, 1.43733394146, -2.62911510468],
        "stdev": [88.2276000977, 60.5059280396, 21.0770683289, 19.6005115509, 12.0191698074, 9.87729358673, 11.3981533051, 7.37598085403, 6.55394697189, 7.25152397156, 7.61426448822, 9.93128204346, 8.32385540009]
    },
    "sccoeffs": {
        "mean": [-0.526866734028, -0.713868379593, -0.722274005413, -0.727737724781, -0.834445297718, -0.826034009457],
        "stdev": [0.100675456226, 0.136770144105, 0.0579780079424, 0.0637542232871, 0.0379134081304, 0.0435944125056]
    },
    "scvalleys": {
        "mean": [-2.86220788956, -3.94335436821, -5.89248847961, -7.26926183701, -8.43696212769, -9.00370025635],
        "stdev": [0.465677022934, 0.623001456261, 0.612613856792, 0.78074914217, 1.31194245815, 1.40057778358]
    }
},
"rhythm": {
    "bpm": 156.605102539,
    "confidence": 0,
    "first_peak_bpm": {
        "mean": 157,
        "stdev": 0
    },
    "first_peak_spread": {
        "mean": 0,
        "stdev": 0
    },
    "first_peak_weight": {
        "mean": 1,
        "stdev": 0
    },
    "onset_rate": 6.06880760193,
    "second_peak_bpm": {
        "mean": 0,
        "stdev": 0
    },
    "second_peak_spread": {
        "mean": 0,
        "stdev": 0
    },
    "second_peak_weight": {
        "mean": 0,
        "stdev": 0
    }
},
"sfx": {
    "inharmonicity": {
        "mean": 0.0479727946222,
        "stdev": 0.0450770072639
    },
    "oddtoevenharmonicenergyratio": {
        "mean": 25.670955658,
        "stdev": 127.170722961
    },
    "pitch_after_max_to_before_max_energy_ratio": 0.960707187653,
    "pitch_centroid": 59.5349311829,
    "pitch_max_to_total": 0.511627912521,
    "pitch_min_to_total": 0.224806204438,
    "tristimulus": {
        "mean": [0.319905936718, 0.49722507596, 0.182868883014],
        "stdev": [0.315718114376, 0.268701672554, 0.139814600348]
    }
},
"tonal": {
    "chords_changes_rate": 0,
    "chords_number_rate": 0.0303030312061,
    "chords_strength": {
        "mean": 0.340221554041,
        "stdev": 0.036884624511
    },
    "key_strength": 0.551721394062,
    "tuning_diatonic_strength": 0.373898953199,
    "tuning_equal_tempered_deviation": 0.0638631433249,
    "tuning_frequency": 437.971466064,
    "tuning_nontempered_energy_ratio": 0.667895853519,
    "hpcp": {
        "mean": [0.0316035449505, 0.0233446620405, 0.0150826387107, 0.0292091537267, 0.0252019204199, 0.0305243469775, 0.0424722097814, 0.0198647640646, 0.00742005556822, 0.0116374250501, 0.0069162347354, 0.00118178105913, 0.0103154638782, 0.0163825452328, 0.147270560265, 0.481641083956, 0.450987428427, 0.370696634054, 0.476997762918, 0.225640058517, 0.00969299394637, 0.000791066500824, 0.00239359890111, 0.0170302893966, 0.0258887950331, 0.0111336531118, 0.00199089664966, 0.00375750195235, 0.00283611007035, 0.00641704397276, 0.0127271478996, 0.00764877349138, 0.00075910880696, 0.000136343034683, 0.00112855050247, 0.014647946693],
        "stdev": [0.0502742752433, 0.0396254397929, 0.0230884514749, 0.0485563538969, 0.048716198653, 0.105596907437, 0.182174131274, 0.0947885140777, 0.0118025550619, 0.0169051140547, 0.0107438061386, 0.00254720030352, 0.0561785213649, 0.0830789729953, 0.183938622475, 0.470515668392, 0.413118720055, 0.276417076588, 0.482876390219, 0.262736737728, 0.0272709466517, 0.000999216688797, 0.00541588617489, 0.0342248417437, 0.0364611297846, 0.010645239614, 0.00614781817421, 0.0164778679609, 0.0109435785562, 0.0116662783548, 0.0201894324273, 0.012200538069, 0.00173140014522, 0.000257932610111, 0.00442337058485, 0.0293557923287]
    },
    "chords_histogram": [0, 100, 0, 0, 0, 0, 0, 0, 0, 0, 0, 0, 0, 0, 0, 0, 0, 0, 0, 0, 0, 0, 0, 0],