{
"metadata": {
    "version": {
        "essentia": "2.1-beta5-dev"
    }
},
"lowLevel": {
    "average_loudness": 0.99068403244,
    "barkbands_kurtosis": {
        "mean": 16.6041908264,
        "stdev": 24.4182453156
    },
    "barkbands_skewness": {
        "mean": 2.72922301292,
        "stdev": 2.31555128098
    },
    "barkbands_spread": {
        "mean": 10.0397386551,
        "stdev": 12.7433509827
    },
    "dissonance": {
        "mean": 0.230594858527,
        "stdev": 0.147008419037
    },
    "hfc": {
        "mean": 34.5541152954,
        "stdev": 20.484670639
    },
    "pitch": {
        "mean": 823.315612793,
        "stdev": 1516.38256836
    },
    "pitch_instantaneous_confidence": {
        "mean": 0.402435570955,
        "stdev": 0.200459524989
    },
    "pitch_salience": {
        "mean": 0.570833802223,
        "stdev": 0.0733232498169
    },
    "silence_rate_20dB": {
        "mean": 0.96031743288,
        "stdev": 0.195211827755
    },
    "silence_rate_30dB": {
        "mean": 0.420634925365,
        "stdev": 0.493661165237
    },
    "silence_rate_60dB": {
        "mean": 0.0396825410426,
        "stdev": 0.19521227479
    },
    "spectral_centroid": {
        "mean": 340.949951172,
        "stdev": 443.135742188
    },
    "spectral_complexity": {
        "mean": 7.79365062714,
        "stdev": 3.85514998436
    },
    "spectral_crest": {
        "mean": 8.65847492218,
        "stdev": 1.90717601776
    },
    "spectral_decrease": {
        "mean": -7.81240458991e-08,
        "stdev": 5.34326431989e-08
    },
    "spectral_energy": {
        "mean": 0.150994539261,
        "stdev": 0.102691270411
    },
    "spectral_energyband_high": {
        "mean": 0.000819285342004,
        "stdev": 0.00111781770829
    },
    "spectral_energyband_low": {
        "mean": 0.0941018611193,
        "stdev": 0.0632904991508
    },
    "spectral_energyband_middle_high": {
        "mean": 0.00145350664388,
        "stdev": 0.00155125244055
    },
    "spectral_energyband_middle_low": {
        "mean": 0.0753029733896,
        "stdev": 0.0604121983051
    },
    "spectral_flatness_db": {
        "mean": 0.261279672384,
        "stdev": 0.0988051667809
    },
    "spectral_flux": {
        "mean": 0.129871860147,
        "stdev": 0.0736511647701
    },
    "spectral_kurtosis": {
        "mean": 38.5449447632,
        "stdev": 66.8103561401
    },
    "spectral_rms": {
        "mean": 0.0160523951054,
        "stdev": 0.00605448894203
    },
    "spectral_rolloff": {
        "mean": 474.072265625,
        "stdev": 1008.04919434
    },
    "spectral_skewness": {
        "mean": 4.13936519623,
        "stdev": 3.85496807098
    },
    "spectral_spread": {
        "mean": 16569285,
        "stdev": 13154825
    },
    "spectral_strongpeak": {
        "mean": 0.521876811981,
        "stdev": 0.607776880264
    },
    "zerocrossingrate": {
        "mean": 0.0396980419755,
        "stdev": 0.0407277196646
    },
    "barkbands": {
        "mean": [0.00760666467249, 0.0301576852798, 0.0356996394694, 0.0268434360623, 0.0125060407445, 0.0236459895968, 0.00171737698838, 0.00944552291185, 0.00106800801586, 0.000401716155466, 0.000406632578233, 0.000134754300234, 0.000112929788884, 0.000145467041875, 7.10956956027e-05, 3.46921005985e-05, 3.06108086079e-05, 3.22884734487e-05, 7.09723681211e-05, 9.81318880804e-05, 0.000149058745592, 0.000176009707502, 6.84486803948e-05, 7.42690754123e-05, 0.000118303018098, 0.000124053432955, 4.97556538903e-05],
        "stdev": [0.0137598617002, 0.0195302348584, 0.0277291405946, 0.0183577928692, 0.0132002625614, 0.0282180942595, 0.00443205749616, 0.00952646136284, 0.001522128121, 0.000581939530093, 0.000641613209154, 0.000292107724817, 0.000196538996533, 0.000188506615814, 9.92971108644e-05, 4.46199519502e-05, 4.25361431553e-05, 5.56014456379e-05, 8.82896274561e-05, 0.000140609685332, 0.000174447632162, 0.000226235075388, 0.000111230525363, 0.000115894894407, 0.000198565699975, 0.000238916953094, 0.000107053019747]
    },
    "mfcc": {
        "mean": [-640.046569824, 161.468780518, 62.6928367615, 39.7050819397, 4.42787408829, 18.7789707184, 5.9221200943, -0.792902290821, 10.1113796234, 8.31479644775, 8.68056488037, -4.69205617905, -8.29717540741],
        "stdev": [72.8864822388, 82.5217437744, 20.9598865509, 24.8568439484, 18.8947982788, 9.80143165588, 12.403339386, 9.00415897369, 7.03696203232, 7.25242805481, 7.67525720596, 10.2954092026, 12.5148048401]
    },
    "sccoeffs": {
        "mean": [-0.567909359932, -0.631101071835, -0.704367637634, -0.752300202847, -0.809100806713, -0.817045450211],
        "stdev": [0.110622569919, 0.193251430988, 0.119217827916, 0.0897044017911, 0.0354674607515, 0.0373723916709]
    },
    "scvalleys": {
        "mean": [-3.27645659447, -5.01260042191, -6.72796297073, -7.38061618805, -7.86481046677, -8.33138561249],
        "stdev": [0.666166365147, 1.02590548992, 0.945950984955, 0.834643125534, 1.23563957214, 1.40303480625]
    }
},
"rhythm": {
    "bpm": 161.499038696,
    "confidence": 0,
    "first_peak_bpm": {
        "mean": 161,
        "stdev": 0
    },
    "first_peak_spread": {
        "mean": 0,
        "stdev": 0
    },
    "first_peak_weight": {
        "mean": 1,
        "stdev": 0
    },
    "onset_rate": 6.21739721298,
    "second_peak_bpm": {
        "mean": 0,
        "stdev": 0
    },
    "second_peak_spread": {
        "mean": 0,
        "stdev": 0
    },
    "second_peak_weight": {
        "mean": 0,
        "stdev": 0
    }
},
"sfx": {
    "inharmonicity": {
        "mean": 0.028829427436,
        "stdev": 0.0409148931503
    },
    "oddtoevenharmonicenergyratio": {
        "mean": 18.5471878052,
        "stdev": 125.115959167
    },
    "pitch_after_max_to_before_max_energy_ratio": 6.21232128143,
    "pitch_centroid": 89.4053497314,
    "pitch_max_to_total": 0.579365074635,
    "pitch_min_to_total": 0.642857134342,
    "tristimulus": {
        "mean": [0.469349682331, 0.363714963198, 0.166935220361],
        "stdev": [0.345673888922, 0.263427138329, 0.206111833453]
    }
},
"tonal": {
    "chords_changes_rate": 0.0606060624123,
    "chords_number_rate": 0.0606060624123,
    "chords_strength": {
        "mean": 0.585640192032,
        "stdev": 0.01741608046
    },
    "key_strength": 0.618504881859,
    "tuning_diatonic_strength": 0.556200683117,
    "tuning_equal_tempered_deviation": 0.17917779088,
    "tuning_frequency": 434.946166992,
    "tuning_nontempered_energy_ratio": 0.859293341637,
    "hpcp": {
        "mean": [0.0427714027464, 0.0799044370651, 0.20285153389, 0.422690659761, 0.327551275492, 0.0655931308866, 0.00257422029972, 0.00406351964921, 0.0293549709022, 0.0661720857024, 0.0442615710199, 0.0105352476239, 0.00841431692243, 0.00612015742809, 0.128833398223, 0.6173209548, 0.671676397324, 0.189435556531, 0.0242995824665, 0.0179562717676, 0.00965941231698, 0.0371626503766, 0.0426721796393, 0.0177073664963, 0.0126806581393, 0.00879693590105, 0.00381370563991, 0.00308024394326, 0.00340825715102, 0.0171725284308, 0.0572452731431, 0.0547447651625, 0.013839838095, 0.00195677950978, 0.00179641449358, 0.00729120429605],
        "stdev": [0.10408115387, 0.187052235007, 0.239075228572, 0.455240160227, 0.360563009977, 0.090143352747, 0.00721633201465, 0.0146827418357, 0.0823587924242, 0.207193672657, 0.128770112991, 0.0316784121096, 0.0306068491191, 0.0143095050007, 0.122241742909, 0.278434842825, 0.322772145271, 0.17813809216, 0.0765317603946, 0.0651707500219, 0.043207410723, 0.168817445636, 0.174534201622, 0.0512471497059, 0.0256621204317, 0.0172492023557, 0.00540322670713, 0.00458852341399, 0.0084084905684, 0.0690096542239, 0.218492373824, 0.212641358376, 0.0532531253994, 0.00564010813832, 0.00395928462967, 0.0157859902829]
    },
    "chords_histogram": [90.9090881348, 9.09090900421, 0, 0, 0, 0, 0, 0, 0, 0, 0, 0, 0, 0, 0, 0, 0, 0, 0, 0, 0, 0, 0, 0],