{
"metadata": {
    "version": {
        "essentia": "2.1-beta5-dev"
    }
},
"lowLevel": {
    "average_loudness": 0.99068403244,
    "barkbands_kurtosis": {
        "mean": 25.4559307098,
        "stdev": 24.183506012
    },
    "barkbands_skewness": {
        "mean": 2.72027134895,
        "stdev": 1.81495738029
    },
    "barkbands_spread": {
        "mean": 2.71233677864,
        "stdev": 1.80474770069
    },
    "dissonance": {
        "mean": 0.114597387612,
        "stdev": 0.086333759129
    },
    "hfc": {
        "mean": 33.2073822021,
        "stdev": 25.2772750854
    },
    "pitch": {
        "mean": 247.583084106,
        "stdev": 34.6741981506
    },
    "pitch_instantaneous_confidence": {
        "mean": 0.649649322033,
        "stdev": 0.153358876705
    },
    "pitch_salience": {
        "mean": 0.580792963505,
        "stdev": 0.104129470885
    },
    "silence_rate_20dB": {
        "mean": 0.968253970146,
        "stdev": 0.175323143601
    },
    "silence_rate_30dB": {
        "mean": 0.492063492537,
        "stdev": 0.499936968088
    },
    "silence_rate_60dB": {
        "mean": 0.00793650839478,
        "stdev": 0.0887328535318
    },
    "spectral_centroid": {
        "mean": 270.228973389,
        "stdev": 57.5724868774
    },
    "spectral_complexity": {
        "mean": 5.95238113403,
        "stdev": 2.59993100166
    },
    "spectral_crest": {
        "mean": 14.8399581909,
        "stdev": 3.16543412209
    },
    "spectral_decrease": {
        "mean": -6.21469951056e-08,
        "stdev": 4.59767939276e-08
    },
    "spectral_energy": {
        "mean": 0.120633728802,
        "stdev": 0.0892439931631
    },
    "spectral_energyband_high": {
        "mean": 0.000202188428375,
        "stdev": 0.000398255913751
    },
    "spectral_energyband_low": {
        "mean": 0.0190128516406,
        "stdev": 0.0286052878946
    },
    "spectral_energyband_middle_high": {
        "mean": 0.00146163103636,
        "stdev": 0.00249147391878
    },
    "spectral_energyband_middle_low": {
        "mean": 0.10784444958,
        "stdev": 0.0780807137489
    },
    "spectral_flatness_db": {
        "mean": 0.327366411686,
        "stdev": 0.0924238711596
    },
    "spectral_flux": {
        "mean": 0.105764746666,
        "stdev": 0.0780292749405
    },
    "spectral_kurtosis": {
        "mean": 67.8486862183,
        "stdev": 93.1469268799
    },
    "spectral_rms": {
        "mean": 0.0144245186821,
        "stdev": 0.00520447129384
    },
    "spectral_rolloff": {
        "mean": 350,
        "stdev": 94.9112854004
    },
    "spectral_skewness": {
        "mean": 6.11065864563,
        "stdev": 4.28426742554
    },
    "spectral_spread": {
        "mean": 9769191,
        "stdev": 9537242
    },
    "spectral_strongpeak": {
        "mean": 1.20899200439,
        "stdev": 0.775178790092
    },
    "zerocrossingrate": {
        "mean": 0.0170743428171,
        "stdev": 0.00821092166007
    },
    "barkbands": {
        "mean": [0.000738057016861, 0.00394224561751, 0.00660298438743, 0.0150849623606, 0.0646437779069, 0.0185467731208, 0.00394985638559, 0.0045885629952, 0.000582516950089, 0.000456795853097, 8.96903293324e-05, 0.000286396214506, 0.000725005520508, 8.77761704032e-05, 1.04574737634e-05, 5.7419991208e-05, 1.42441203934e-05, 4.61365334559e-06, 1.04100090539e-05, 1.30761873152e-05, 3.71466267097e-05, 4.36339469161e-05, 1.60022937052e-05, 1.71469746419e-05, 3.12342854158e-05, 3.48306784872e-05, 1.66919253388e-05],
        "stdev": [0.00111557915807, 0.00499964458868, 0.0125459423289, 0.0208792202175, 0.0449583679438, 0.0200646743178, 0.00460484484211, 0.00681940186769, 0.000632644165307, 0.000692059344146, 0.000168961807503, 0.000491714221425, 0.00173463497777, 0.000169193182955, 2.34781473409e-05, 0.000113516558486, 2.57432748185e-05, 7.52346704758e-06, 1.86605157069e-05, 2.29541547014e-05, 7.3369796155e-05, 8.97559802979e-05, 3.20094295603e-05, 3.4100470657e-05, 6.32521841908e-05, 7.56238514441e-05, 3.9677532186e-05]
    },
    "mfcc": {
        "mean": [-697.113342285, 213.660873413, 63.7568511963, 17.8414459229, -0.258603185415, 15.1399745941, -8.18884658813, -17.2251091003, -8.86882972717, -11.8909626007, -2.57925009727, 0.908098578453, -0.143959075212],
        "stdev": [90.4376296997, 61.0181617737, 26.7311840057, 22.6388149261, 13.4024133682, 9.93614292145, 9.61994838715, 8.99083709717, 6.21365737915, 6.33405780792, 9.89886760712, 12.5227975845, 8.10167217255]
    },
    "sccoeffs": {
        "mean": [-0.573175370693, -0.551539361477, -0.693524897099, -0.685440182686, -0.822897076607, -0.845466732979],
        "stdev": [0.113514140248, 0.100914403796, 0.0883820801973, 0.0901789069176, 0.0362869314849, 0.0321330539882]
    },
    "scvalleys": {
        "mean": [-3.4775826931, -5.04486322403, -6.64892578125, -7.93883657455, -8.98498249054, -9.38698959351],
        "stdev": [0.682086706161, 0.781662106514, 0.729875922203, 0.971407473087, 1.26553964615, 1.50115787983]
    }
},
"rhythm": {
    "bpm": 161.499038696,
    "confidence": 0,
    "first_peak_bpm": {
        "mean": 161,
        "stdev": 0
    },
    "first_peak_spread": {
        "mean": 0,
        "stdev": 0
    },
    "first_peak_weight": {
        "mean": 1,
        "stdev": 0
    },
    "onset_rate": 5.55144691467,
    "second_peak_bpm": {
        "mean": 0,
        "stdev": 0
    },
    "second_peak_spread": {
        "mean": 0,
        "stdev": 0
    },
    "second_peak_weight": {
        "mean": 0,
        "stdev": 0
    }
},
"sfx": {
    "inharmonicity": {
        "mean": 0.0123549709097,
        "stdev": 0.0231244787574
    },
    "oddtoevenharmonicenergyratio": {
        "mean": 0.445301085711,
        "stdev": 3.02648353577
    },
    "pitch_after_max_to_before_max_energy_ratio": 6.85483217239,
    "pitch_centroid": 60.3536338806,
    "pitch_max_to_total": 0.111111111939,
    "pitch_min_to_total": 0.095238097012,
    "tristimulus": {
        "mean": [0.607699513435, 0.266949832439, 0.125350564718],
        "stdev": [0.202450811863, 0.125881284475, 0.140666410327]
    }
},
"tonal": {
    "chords_changes_rate": 0.0909090936184,
    "chords_number_rate": 0.121212124825,
    "chords_strength": {
        "mean": 0.397136539221,
        "stdev": 0.011086743325
    },
    "key_strength": 0.519879281521,
    "tuning_diatonic_strength": 0.514087080956,
    "tuning_equal_tempered_deviation": 0.0283904783428,
    "tuning_frequency": 440,
    "tuning_nontempered_energy_ratio": 0.618793606758,
    "hpcp": {
        "mean": [0.0527476146817, 0.0480539761484, 0.194026052952, 0.392213016748, 0.237500563264, 0.0423675253987, 0.0238992404193, 0.0142664629966, 0.323195427656, 0.602687895298, 0.294245183468, 0.00746526150033, 0.00483058439568, 0.00144445511978, 0.00368711608462, 0.00971229746938, 0.0162791125476, 0.0441209338605, 0.0614579319954, 0.0332610569894, 0.0230660717934, 0.0235300846398, 0.0177050679922, 0.0574356205761, 0.0712324157357, 0.0254802387208, 0.000670954992529, 0.000185273747775, 0.000819169217721, 0.00592751288787, 0.00955649744719, 0.00500349700451, 0.000867499737069, 0.000748891907278, 0.00389806251042, 0.0257805231959],
        "stdev": [0.112371489406, 0.109897151589, 0.239644303918, 0.464892506599, 0.297567248344, 0.134727969766, 0.0882567763329, 0.044550575316, 0.272101461887, 0.484493374825, 0.247504636645, 0.0252600032836, 0.0181039832532, 0.00445531960577, 0.00480107404292, 0.0108669148758, 0.0222172942013, 0.0555974878371, 0.0820188894868, 0.0508500412107, 0.042122643441, 0.0437340065837, 0.0517484471202, 0.176674067974, 0.159838750958, 0.0472997911274, 0.0014068686869, 0.000574279285502, 0.00252718199044, 0.0103068407625, 0.0120782004669, 0.00588012859225, 0.00213427864946, 0.00219962606207, 0.0088743083179, 0.0439209416509]
    },
    "chords_histogram": [81.8181838989, 0, 0, 0, 0, 0, 0, 0, 0, 0, 0, 0, 0, 0, 0, 0, 0, 3.0303030014, 0, 3.0303030014, 0, 0, 12.1212120056, 0],