{
"metadata": {
    "version": {
        "essentia": "2.1-beta5-dev"
    }
},
"lowLevel": {
    "average_loudness": 0.978184580803,
    "barkbands_kurtosis": {
        "mean": 31.5579891205,
        "stdev": 37.825340271
    },
    "barkbands_skewness": {
        "mean": 3.396702528,
        "stdev": 2.5517013073
    },
    "barkbands_spread": {
        "mean": 6.93154335022,
        "stdev": 9.11737823486
    },
    "dissonance": {
        "mean": 0.240158215165,
        "stdev": 0.132677391171
    },
    "hfc": {
        "mean": 37.7971878052,
        "stdev": 46.5198860168
    },
    "pitch": {
        "mean": 770.687805176,
        "stdev": 1564.8494873
    },
    "pitch_instantaneous_confidence": {
        "mean": 0.435975849628,
        "stdev": 0.214795857668
    },
    "pitch_salience": {
        "mean": 0.540655791759,
        "stdev": 0.102443225682
    },
    "silence_rate_20dB": {
        "mean": 0.917098462582,
        "stdev": 0.275733709335
    },
    "silence_rate_30dB": {
        "mean": 0.611398935318,
        "stdev": 0.487432599068
    },
    "silence_rate_60dB": {
        "mean": 0.0673575103283,
        "stdev": 0.250640124083
    },
    "spectral_centroid": {
        "mean": 254.57409668,
        "stdev": 258.090087891
    },
    "spectral_complexity": {
        "mean": 6.33678770065,
        "stdev": 4.45652914047
    },
    "spectral_crest": {
        "mean": 10.4912643433,
        "stdev": 2.70642781258
    },
    "spectral_decrease": {
        "mean": -6.82972753907e-08,
        "stdev": 6.14972108792e-08
    },
    "spectral_energy": {
        "mean": 0.132690384984,
        "stdev": 0.120224364102
    },
    "spectral_energyband_high": {
        "mean": 0.000683550781105,
        "stdev": 0.000919740530662
    },
    "spectral_energyband_low": {
        "mean": 0.0706938579679,
        "stdev": 0.0596812106669
    },
    "spectral_energyband_middle_high": {
        "mean": 0.00404860312119,
        "stdev": 0.00679108686745
    },
    "spectral_energyband_middle_low": {
        "mean": 0.0693034604192,
        "stdev": 0.0892691090703
    },
    "spectral_flatness_db": {
        "mean": 0.28679600358,
        "stdev": 0.111658595502
    },
    "spectral_flux": {
        "mean": 0.126122683287,
        "stdev": 0.0937933251262
    },
    "spectral_kurtosis": {
        "mean": 25.1533298492,
        "stdev": 45.4376602173
    },
    "spectral_rms": {
        "mean": 0.0142564270645,
        "stdev": 0.00744378520176
    },
    "spectral_rolloff": {
        "mean": 350.109771729,
        "stdev": 515.696350098
    },
    "spectral_skewness": {
        "mean": 3.59548425674,
        "stdev": 2.94447636604
    },
    "spectral_spread": {
        "mean": 17041852,
        "stdev": 11180897
    },
    "spectral_strongpeak": {
        "mean": 0.520374059677,
        "stdev": 0.672813773155
    },
    "zerocrossingrate": {
        "mean": 0.0297269672155,
        "stdev": 0.0266494564712
    },
    "barkbands": {
        "mean": [0.00578446965665, 0.0240677967668, 0.0288061257452, 0.0159306954592, 0.0176390036941, 0.0124298352748, 0.011329350993, 0.00654729362577, 0.00539417704567, 7.39292881917e-05, 0.000619492784608, 0.00075536465738, 0.00129475188442, 0.000787305179983, 0.000347722991137, 7.13432382327e-05, 3.23851272697e-05, 2.60717115452e-05, 4.81219649373e-05, 4.94302839797e-05, 0.000137632363476, 0.000164401615621, 4.65736084152e-05, 5.8446519688e-05, 0.000106897983642, 9.44289859035e-05, 4.27011509601e-05],
        "stdev": [0.00838727504015, 0.0185680799186, 0.0270444154739, 0.0183125734329, 0.0378995649517, 0.0290010701865, 0.0239318311214, 0.0129683529958, 0.0096977064386, 0.000130394721054, 0.00138158129994, 0.00212258566171, 0.0030720308423, 0.00166914088186, 0.00093689316418, 0.00014467870642, 5.77962964599e-05, 5.32078593096e-05, 6.60862933728e-05, 6.49856810924e-05, 0.000204713127459, 0.000235470419284, 6.08165028098e-05, 8.08236000012e-05, 0.00015356070071, 0.000151445725351, 7.89792393334e-05]
    },
    "mfcc": {
        "mean": [-680.323486328, 148.100326538, 65.6563568115, 41.5333824158, 11.5514059067, 30.5535163879, 9.4645614624, -5.52784156799, 6.6102604866, 2.51561641693, 8.54284191132, 2.75413131714, 2.20683002472],
        "stdev": [131.904876709, 65.2936096191, 26.5892467499, 37.0117797852, 17.2422008514, 11.2887458801, 13.9876489639, 13.6431179047, 12.4962978363, 11.3359727859, 8.26661586761, 11.2115774155, 9.0235004425]
    },
    "sccoeffs": {
        "mean": [-0.553661346436, -0.641024947166, -0.726657211781, -0.724738061428, -0.808973312378, -0.821143090725],
        "stdev": [0.138488441706, 0.170835465193, 0.14149557054, 0.135959908366, 0.0485691949725, 0.0300169326365]
    },
    "scvalleys": {
        "mean": [-3.68493556976, -5.69714021683, -7.16707134247, -7.77746391296, -8.26338195801, -8.51317691803],
        "stdev": [0.807119786739, 1.47874855995, 1.3158800602, 1.28141462803, 1.2265651226, 1.53886926174]
    }
},
"rhythm": {
    "bpm": 151.999084473,
    "confidence": 0,
    "first_peak_bpm": {
        "mean": 152,
        "stdev": 0
    },
    "first_peak_spread": {
        "mean": 0,
        "stdev": 0
    },
    "first_peak_weight": {
        "mean": 0.5,
        "stdev": 0
    },
    "onset_rate": 5.38823366165,
    "second_peak_bpm": {
        "mean": 172,
        "stdev": 0
    },
    "second_peak_spread": {
        "mean": 0,
        "stdev": 0
    },
    "second_peak_weight": {
        "mean": 0.5,
        "stdev": 0
    }
},
"sfx": {
    "inharmonicity": {
        "mean": 0.0446098260581,
        "stdev": 0.0507114753127
    },
    "oddtoevenharmonicenergyratio": {
        "mean": 76.4933853149,
        "stdev": 249.638504028
    },
    "pitch_after_max_to_before_max_energy_ratio": 1.91068172455,
    "pitch_centroid": 64.9519424438,
    "pitch_max_to_total": 0.0725388601422,
    "pitch_min_to_total": 0.984455943108,
    "tristimulus": {
        "mean": [0.360218703747, 0.370771020651, 0.269010126591],
        "stdev": [0.344779133797, 0.278162062168, 0.273961901665]
    }
},
"tonal": {
    "chords_changes_rate": 0.102040819824,
    "chords_number_rate": 0.0612244904041,
    "chords_strength": {
        "mean": 0.45651319623,
        "stdev": 0.0547745935619
    },
    "key_strength": 0.704136908054,
    "tuning_diatonic_strength": 0.540996193886,
    "tuning_equal_tempered_deviation": 0.111678928137,
    "tuning_frequency": 437.718536377,
    "tuning_nontempered_energy_ratio": 0.763973653316,
    "hpcp": {
        "mean": [0.256687194109, 0.185821354389, 0.269436866045, 0.376968383789, 0.179281532764, 0.0243836026639, 0.0084375962615, 0.00255663180724, 0.00166424177587, 0.00315206148662, 0.00533440243453, 0.0208143051714, 0.0236156284809, 0.0091221164912, 0.0549219399691, 0.241170555353, 0.234683081508, 0.133651584387, 0.163277029991, 0.0791782066226, 0.0122208921239, 0.0187153480947, 0.025668149814, 0.081939637661, 0.0895392373204, 0.0245874989778, 0.00248927250504, 0.00133360375185, 0.00273428065702, 0.0355536267161, 0.065731562674, 0.0395696908236, 0.0110156843439, 0.00650810962543, 0.0193419922143, 0.141054317355],
        "stdev": [0.395767360926, 0.252784639597, 0.309933513403, 0.457840144634, 0.248812526464, 0.0792288929224, 0.0328890606761, 0.00905500818044, 0.00435662502423, 0.0100765507668, 0.020060736686, 0.128120541573, 0.1412512362, 0.0421977080405, 0.0883784219623, 0.361602544785, 0.347685843706, 0.246637791395, 0.353530317545, 0.16930539906, 0.0313892699778, 0.0430804640055, 0.0548656731844, 0.252392321825, 0.26240593195, 0.0563564226031, 0.00700682494789, 0.00317014451139, 0.0124791376293, 0.134214237332, 0.231561943889, 0.141872286797, 0.0538106150925, 0.0233134906739, 0.0604176297784, 0.233755454421]
    },
    "chords_histogram": [57.1428565979, 0, 0, 0, 0, 0, 0, 0, 0, 0, 0, 0, 0, 0, 0, 0, 0, 0, 0, 0, 0, 0, 8.16326522827, 34.6938781738],