{
"metadata": {
    "version": {
        "essentia": "2.1-beta5-dev"
    }
},
"lowLevel": {
    "average_loudness": 0.99068403244,
    "barkbands_kurtosis": {
        "mean": 22.8937644958,
        "stdev": 31.1050720215
    },
    "barkbands_skewness": {
        "mean": 2.73743748665,
        "stdev": 1.86352956295
    },
    "barkbands_spread": {
        "mean": 7.00520277023,
        "stdev": 8.65568637848
    },
    "dissonance": {
        "mean": 0.181563258171,
        "stdev": 0.114803254604
    },
    "hfc": {
        "mean": 58.6061096191,
        "stdev": 48.0162124634
    },
    "pitch": {
        "mean": 293.663330078,
        "stdev": 718.687194824
    },
    "pitch_instantaneous_confidence": {
        "mean": 0.480020731688,
        "stdev": 0.170115634799
    },
    "pitch_salience": {
        "mean": 0.584327042103,
        "stdev": 0.0708305835724
    },
    "silence_rate_20dB": {
        "mean": 0.830188691616,
        "stdev": 0.375466883183
    },
    "silence_rate_30dB": {
        "mean": 0.169811323285,
        "stdev": 0.375467002392
    },
    "silence_rate_60dB": {
        "mean": 0.00943396240473,
        "stdev": 0.0966693460941
    },
    "spectral_centroid": {
        "mean": 278.808288574,
        "stdev": 238.692611694
    },
    "spectral_complexity": {
        "mean": 9.21698093414,
        "stdev": 5.85517692566
    },
    "spectral_crest": {
        "mean": 9.44221687317,
        "stdev": 2.50862884521
    },
    "spectral_decrease": {
        "mean": -1.14168173582e-07,
        "stdev": 7.28813986939e-08
    },
    "spectral_energy": {
        "mean": 0.221394777298,
        "stdev": 0.141392663121
    },
    "spectral_energyband_high": {
        "mean": 0.00124330632389,
        "stdev": 0.00201695901342
    },
    "spectral_energyband_low": {
        "mean": 0.109050117433,
        "stdev": 0.0814846456051
    },
    "spectral_energyband_middle_high": {
        "mean": 0.00555465277284,
        "stdev": 0.00643792003393
    },
    "spectral_energyband_middle_low": {
        "mean": 0.13081215322,
        "stdev": 0.0978229939938
    },
    "spectral_flatness_db": {
        "mean": 0.279972940683,
        "stdev": 0.102176271379
    },
    "spectral_flux": {
        "mean": 0.187134921551,
        "stdev": 0.119655385613
    },
    "spectral_kurtosis": {
        "mean": 41.347530365,
        "stdev": 62.9682693481
    },
    "spectral_rms": {
        "mean": 0.0194278098643,
        "stdev": 0.00735724391416
    },
    "spectral_rolloff": {
        "mean": 372.158752441,
        "stdev": 364.480743408
    },
    "spectral_skewness": {
        "mean": 4.44964647293,
        "stdev": 3.4133245945
    },
    "spectral_spread": {
        "mean": 14443379,
        "stdev": 11621773
    },
    "spectral_strongpeak": {
        "mean": 0.594477415085,
        "stdev": 0.682472586632
    },
    "zerocrossingrate": {
        "mean": 0.0282926745713,
        "stdev": 0.0247542113066
    },
    "barkbands": {
        "mean": [0.0113481516019, 0.0334359034896, 0.0390960015357, 0.0481291636825, 0.0423872321844, 0.00129300600383, 0.0329201631248, 0.000913027208298, 0.00482666306198, 0.00040530890692, 0.000587942893617, 0.00154218170792, 0.00254441844299, 0.000247285643127, 3.07889386022e-05, 0.000226831893087, 2.56600778812e-05, 3.45344451489e-05, 0.000110053595563, 9.55801224336e-05, 0.000232193604461, 0.000264773261733, 9.26774810068e-05, 0.000119169286336, 0.000204208583455, 0.00019019919273, 8.18686166895e-05],
        "stdev": [0.0168682876974, 0.0236468296498, 0.0336991921067, 0.0433081611991, 0.0404252335429, 0.00147096300498, 0.0288231745362, 0.000937724253163, 0.00601714244112, 0.0006244139513, 0.00104172842111, 0.00195683655329, 0.00376698304899, 0.000325147964759, 4.82516043121e-05, 0.000321079802234, 4.20325159212e-05, 6.42602099106e-05, 0.000191886603716, 0.000195583590539, 0.000406479637604, 0.000472437590361, 0.000159169445396, 0.000195119413547, 0.00035953434417, 0.000341334933182, 0.000181224837434]
    },
    "mfcc": {
        "mean": [-632.116210938, 184.318954468, 58.8476638794, 25.5741519928, 4.92932462692, 22.1365509033, 7.44188642502, -1.82615685463, 0.850446522236, -5.47009325027, 4.70057487488, 4.77006816864, 6.55515623093],
        "stdev": [103.201942444, 75.6796875, 29.8646678925, 27.3901615143, 14.6591072083, 9.84115600586, 13.52896595, 12.7376270294, 12.3599472046, 7.06346035004, 7.5287194252, 14.5467882156, 7.3438873291]
    },
    "sccoeffs": {
        "mean": [-0.616187334061, -0.589301347733, -0.68230432272, -0.689460396767, -0.780832409859, -0.827716767788],
        "stdev": [0.118173211813, 0.136612012982, 0.098843716085, 0.138669267297, 0.0614259764552, 0.0377983227372]
    },
    "scvalleys": {
        "mean": [-2.85534977913, -4.94235134125, -6.02957820892, -7.34548568726, -8.15026950836, -8.43805599213],
        "stdev": [0.806760430336, 1.04373764992, 0.911657750607, 0.977615237236, 1.23112952709, 1.52834010124]
    }
},
"rhythm": {
    "bpm": 156.605117798,
    "confidence": 0,
    "first_peak_bpm": {
        "mean": 157,
        "stdev": 0
    },
    "first_peak_spread": {
        "mean": 0,
        "stdev": 0
    },
    "first_peak_weight": {
        "mean": 1,
        "stdev": 0
    },
    "onset_rate": 4.92352342606,
    "second_peak_bpm": {
        "mean": 0,
        "stdev": 0
    },
    "second_peak_spread": {
        "mean": 0,
        "stdev": 0
    },
    "second_peak_weight": {
        "mean": 0,
        "stdev": 0
    }
},
"sfx": {
    "inharmonicity": {
        "mean": 0.0466338805854,
        "stdev": 0.0380682237446
    },
    "oddtoevenharmonicenergyratio": {
        "mean": 3.48219609261,
        "stdev": 22.6876888275
    },
    "pitch_after_max_to_before_max_energy_ratio": 1.71615517139,
    "pitch_centroid": 58.1986122131,
    "pitch_max_to_total": 0.707547187805,
    "pitch_min_to_total": 0.924528300762,
    "tristimulus": {
        "mean": [0.354184865952, 0.383117735386, 0.262697398663],
        "stdev": [0.245468750596, 0.207906827331, 0.233837559819]
    }
},
"tonal": {
    "chords_changes_rate": 0,
    "chords_number_rate": 0.0357142873108,
    "chords_strength": {
        "mean": 0.41896250844,
        "stdev": 0.012918244116
    },
    "key_strength": 0.659911870956,
    "tuning_diatonic_strength": 0.5192694664,
    "tuning_equal_tempered_deviation": 0.0875446200371,
    "tuning_frequency": 438.224517822,
    "tuning_nontempered_energy_ratio": 0.668170511723,
    "hpcp": {
        "mean": [0.725285112858, 0.426093101501, 0.0523868389428, 0.0143830841407, 0.00326410634443, 0.00354689918458, 0.00517648737878, 0.0102503197268, 0.0377624593675, 0.0361548885703, 0.00729818409309, 0.0115918694064, 0.0441210530698, 0.0425064302981, 0.0865289717913, 0.269747763872, 0.237344935536, 0.066630102694, 0.0311907883734, 0.0147066554055, 0.0235561784357, 0.0554586723447, 0.0448471419513, 0.0274453163147, 0.024036064744, 0.00444525433704, 0.00390534452163, 0.0128462025896, 0.0202363822609, 0.104484662414, 0.212285146117, 0.146386235952, 0.101472251117, 0.210438013077, 0.205073267221, 0.408655226231],
        "stdev": [0.381896615028, 0.291595816612, 0.106634542346, 0.0505107007921, 0.0140957767144, 0.006467808038, 0.00866387598217, 0.0397311635315, 0.185191988945, 0.167711630464, 0.0228098612279, 0.0216830708086, 0.164410099387, 0.184372201562, 0.112187735736, 0.344347387552, 0.294994831085, 0.101991616189, 0.0779404118657, 0.0258289910853, 0.0205368380994, 0.051366802305, 0.03808997944, 0.0862978845835, 0.0875813663006, 0.0155190359801, 0.0061713764444, 0.0326508246362, 0.0700320750475, 0.178632497787, 0.377413392067, 0.276549100876, 0.191104054451, 0.378466457129, 0.301444768906, 0.267001122236]
    },
    "chords_histogram": [0, 0, 100, 0, 0, 0, 0, 0, 0, 0, 0, 0, 0, 0, 0, 0, 0, 0, 0, 0, 0, 0, 0, 0],