{
"metadata": {
    "version": {
        "essentia": "2.1-beta5-dev"
    }
},
"lowLevel": {
    "average_loudness": 0.970480501652,
    "barkbands_kurtosis": {
        "mean": 23.0972805023,
        "stdev": 15.8123950958
    },
    "barkbands_skewness": {
        "mean": 3.28075575829,
        "stdev": 1.3818603754
    },
    "barkbands_spread": {
        "mean": 7.07412528992,
        "stdev": 6.85201120377
    },
    "dissonance": {
        "mean": 0.205763041973,
        "stdev": 0.0705131590366
    },
    "hfc": {
        "mean": 31.7145614624,
        "stdev": 29.1907997131
    },
    "pitch": {
        "mean": 223.169113159,
        "stdev": 67.0233917236
    },
    "pitch_instantaneous_confidence": {
        "mean": 0.354802578688,
        "stdev": 0.146617561579
    },
    "pitch_salience": {
        "mean": 0.698711574078,
        "stdev": 0.0812177881598
    },
    "silence_rate_20dB": {
        "mean": 1,
        "stdev": 0
    },
    "silence_rate_30dB": {
        "mean": 0.5625,
        "stdev": 0.496078372002
    },
    "silence_rate_60dB": {
        "mean": 0.00520833348855,
        "stdev": 0.0719806030393
    },
    "spectral_centroid": {
        "mean": 320.471252441,
        "stdev": 187.160812378
    },
    "spectral_complexity": {
        "mean": 8.84895801544,
        "stdev": 6.01154136658
    },
    "spectral_crest": {
        "mean": 9.51312065125,
        "stdev": 2.2699842453
    },
    "spectral_decrease": {
        "mean": -5.28114121323e-08,
        "stdev": 3.16967501135e-08
    },
    "spectral_energy": {
        "mean": 0.102829486132,
        "stdev": 0.0620103478432
    },
    "spectral_energyband_high": {
        "mean": 0.000895633769687,
        "stdev": 0.00145610410254
    },
    "spectral_energyband_low": {
        "mean": 0.0362659543753,
        "stdev": 0.0241027642041
    },
    "spectral_energyband_middle_high": {
        "mean": 0.00265481346287,
        "stdev": 0.00787162780762
    },
    "spectral_energyband_middle_low": {
        "mean": 0.0743889436126,
        "stdev": 0.049812477082
    },
    "spectral_flatness_db": {
        "mean": 0.222022652626,
        "stdev": 0.0720369145274
    },
    "spectral_flux": {
        "mean": 0.105511717498,
        "stdev": 0.0683746561408
    },
    "spectral_kurtosis": {
        "mean": 11.6692733765,
        "stdev": 21.9157943726
    },
    "spectral_rms": {
        "mean": 0.0134907560423,
        "stdev": 0.00429497798905
    },
    "spectral_rolloff": {
        "mean": 400.831390381,
        "stdev": 259.719787598
    },
    "spectral_skewness": {
        "mean": 2.78013491631,
        "stdev": 1.71424460411
    },
    "spectral_spread": {
        "mean": 17693624,
        "stdev": 9266319
    },
    "spectral_strongpeak": {
        "mean": 0.52781611681,
        "stdev": 0.435394763947
    },
    "zerocrossingrate": {
        "mean": 0.0350036621094,
        "stdev": 0.0239163469523
    },
    "barkbands": {
        "mean": [0.00057573633967, 0.00572631834075, 0.0187687017024, 0.0323064029217, 0.0199912991375, 0.0113655952737, 0.00468178512529, 0.00365329440683, 0.00177179870661, 0.000729824241716, 0.000852116150782, 0.000343604449881, 0.000418293726398, 0.000297820050037, 0.000101644232927, 8.28221745905e-05, 6.96183706168e-05, 4.08400119341e-05, 9.83730496955e-05, 0.000121242723253, 0.000200137204956, 0.00019759904535, 6.99179872754e-05, 6.92722096574e-05, 0.00012479662837, 0.000115534719953, 5.01794602314e-05],
        "stdev": [0.00149057246745, 0.00461666565388, 0.0129082482308, 0.0223369095474, 0.0155228413641, 0.0134745817631, 0.0131287546828, 0.00449406774715, 0.00240156543441, 0.00279387529008, 0.00279710418545, 0.00100708042737, 0.00130625464953, 0.000980287208222, 0.00041481826338, 0.000257592095295, 0.00022159141372, 0.000119241231005, 0.000223570663366, 0.000306828675093, 0.000357735581929, 0.00032373087015, 0.000108095249743, 0.000106504528958, 0.000218322631554, 0.000222354996367, 0.000103485283034]
    },
    "mfcc": {
        "mean": [-618.087341309, 156.130279541, 66.6687545776, 30.7992019653, -7.61534452438, 14.5655784607, -0.222387984395, -7.48700094223, 4.19743108749, -0.431816488504, 1.09328305721, -10.5385379791, -7.54311990738],
        "stdev": [74.1350708008, 39.915851593, 28.9624481201, 17.5401687622, 10.4013586044, 14.5451793671, 9.54409408569, 7.98919487, 7.96817064285, 8.05882644653, 7.75165176392, 6.53233385086, 6.70484113693]
    },
    "sccoeffs": {
        "mean": [-0.651970624924, -0.622964441776, -0.706712663174, -0.769262731075, -0.807218253613, -0.81214672327],
        "stdev": [0.0790392011404, 0.0912754163146, 0.0741701871157, 0.0738199278712, 0.0373843722045, 0.0284994840622]
    },
    "scvalleys": {
        "mean": [-3.21798419952, -4.69142723083, -6.11625909805, -7.12423086166, -7.75743150711, -7.99497461319],
        "stdev": [0.696425318718, 0.740176916122, 0.869694709778, 0.905982017517, 1.01131665707, 1.00393891335]
    }
},
"rhythm": {
    "bpm": 161.499008179,
    "confidence": 0,
    "first_peak_bpm": {
        "mean": 161,
        "stdev": 0
    },
    "first_peak_spread": {
        "mean": 0.25,
        "stdev": 0
    },
    "first_peak_weight": {
        "mean": 0.75,
        "stdev": 0
    },
    "onset_rate": 4.52883672714,
    "second_peak_bpm": {
        "mean": 0,
        "stdev": 0
    },
    "second_peak_spread": {
        "mean": 0,
        "stdev": 0
    },
    "second_peak_weight": {
        "mean": 0,
        "stdev": 0
    }
},
"sfx": {
    "inharmonicity": {
        "mean": 0.0437848158181,
        "stdev": 0.048725694418
    },
    "oddtoevenharmonicenergyratio": {
        "mean": 8.50586795807,
        "stdev": 73.2276153564
    },
    "pitch_after_max_to_before_max_energy_ratio": 0.465748906136,
    "pitch_centroid": 91.0334777832,
    "pitch_max_to_total": 0.614583313465,
    "pitch_min_to_total": 0.432291656733,
    "tristimulus": {
        "mean": [0.460184425116, 0.366597384214, 0.173218026757],
        "stdev": [0.236390605569, 0.193409204483, 0.162505805492]
    }
},
"tonal": {
    "chords_changes_rate": 0.102040819824,
    "chords_number_rate": 0.0816326513886,
    "chords_strength": {
        "mean": 0.401440262794,
        "stdev": 0.0671691596508
    },
    "key_strength": 0.37695518136,
    "tuning_diatonic_strength": 0.384839147329,
    "tuning_equal_tempered_deviation": 0.0724810883403,
    "tuning_frequency": 440.254241943,
    "tuning_nontempered_energy_ratio": 0.673607587814,
    "hpcp": {
        "mean": [0.00506040733308, 0.0157127045095, 0.0326623022556, 0.0226701423526, 0.00750360731035, 0.0247064437717, 0.0600623115897, 0.0493260584772, 0.0370065234601, 0.0517576038837, 0.0280316565186, 0.00819458719343, 0.0147719271481, 0.0556938014925, 0.176592230797, 0.178830400109, 0.0589295998216, 0.0188150722533, 0.0126783363521, 0.0192966759205, 0.114684224129, 0.201901867986, 0.148318603635, 0.219592809677, 0.295209228992, 0.170802488923, 0.229380279779, 0.327687054873, 0.171130388975, 0.111509360373, 0.141835570335, 0.0567977428436, 0.00877635832876, 0.00887501146644, 0.00469026295468, 0.00515399966389],
        "stdev": [0.0109716542065, 0.0758509635925, 0.14251357317, 0.0704267248511, 0.0185825377703, 0.0348734594882, 0.110346458852, 0.143846198916, 0.0658807754517, 0.0830875560641, 0.0416479595006, 0.026298513636, 0.0595759227872, 0.13553917408, 0.217301756144, 0.225614339113, 0.0903955549002, 0.0620043165982, 0.0285352058709, 0.0533424727619, 0.223693728447, 0.347856342793, 0.224272638559, 0.295940637589, 0.435256153345, 0.227725639939, 0.322067975998, 0.450498700142, 0.238689169288, 0.21962967515, 0.327326834202, 0.132456183434, 0.0213971100748, 0.019608721137, 0.008640345186, 0.0141323115677]
    },
    "chords_histogram": [24.4897956848, 2.04081630707, 0, 0, 0, 0, 0, 0, 0, 0, 0, 0, 0, 0, 0, 0, 0, 57.1428565979, 0, 0, 0, 0, 16.3265304565, 0],