{
"metadata": {
    "version": {
        "essentia": "2.1-beta5-dev"
    }
},
"lowLevel": {
    "average_loudness": 0.99068403244,
    "barkbands_kurtosis": {
        "mean": 11.0974779129,
        "stdev": 11.9652252197
    },
    "barkbands_skewness": {
        "mean": 2.42680168152,
        "stdev": 1.29959225655
    },
    "barkbands_spread": {
        "mean": 12.5074939728,
        "stdev": 13.0116815567
    },
    "dissonance": {
        "mean": 0.275277972221,
        "stdev": 0.0634765475988
    },
    "hfc": {
        "mean": 23.6341724396,
        "stdev": 36.5669364929
    },
    "pitch": {
        "mean": 342.026123047,
        "stdev": 573.334899902
    },
    "pitch_instantaneous_confidence": {
        "mean": 0.352535963058,
        "stdev": 0.145499587059
    },
    "pitch_salience": {
        "mean": 0.615140140057,
        "stdev": 0.12673138082
    },
    "silence_rate_20dB": {
        "mean": 0.927999973297,
        "stdev": 0.258488208055
    },
    "silence_rate_30dB": {
        "mean": 0.72000002861,
        "stdev": 0.448998659849
    },
    "silence_rate_60dB": {
        "mean": 0.384000003338,
        "stdev": 0.486357778311
    },
    "spectral_centroid": {
        "mean": 494.747741699,
        "stdev": 566.302185059
    },
    "spectral_complexity": {
        "mean": 9.09599971771,
        "stdev": 7.57619953156
    },
    "spectral_crest": {
        "mean": 10.2752351761,
        "stdev": 3.28397107124
    },
    "spectral_decrease": {
        "mean": -3.40303003554e-08,
        "stdev": 5.4674597294e-08
    },
    "spectral_energy": {
        "mean": 0.0665507391095,
        "stdev": 0.106631018221
    },
    "spectral_energyband_high": {
        "mean": 0.000414893554989,
        "stdev": 0.00050043547526
    },
    "spectral_energyband_low": {
        "mean": 0.0143043221906,
        "stdev": 0.0339683890343
    },
    "spectral_energyband_middle_high": {
        "mean": 0.00332017638721,
        "stdev": 0.00623887917027
    },
    "spectral_energyband_middle_low": {
        "mean": 0.0526234954596,
        "stdev": 0.0845673233271
    },
    "spectral_flatness_db": {
        "mean": 0.16237257421,
        "stdev": 0.0551468878984
    },
    "spectral_flux": {
        "mean": 0.0857017189264,
        "stdev": 0.0885429531336
    },
    "spectral_kurtosis": {
        "mean": 9.62121868134,
        "stdev": 5.5855588913
    },
    "spectral_rms": {
        "mean": 0.0079244626686,
        "stdev": 0.00818115938455
    },
    "spectral_rolloff": {
        "mean": 750.733642578,
        "stdev": 1457.41564941
    },
    "spectral_skewness": {
        "mean": 2.75545096397,
        "stdev": 0.861342012882
    },
    "spectral_spread": {
        "mean": 11408878,
        "stdev": 6763363
    },
    "spectral_strongpeak": {
        "mean": 0.428061723709,
        "stdev": 0.457892149687
    },
    "zerocrossingrate": {
        "mean": 0.0372968763113,
        "stdev": 0.0350973196328
    },
    "barkbands": {
        "mean": [0.00129837880377, 0.00401158770546, 0.00524524506181, 0.0148447258398, 0.0161476861686, 0.00497861532494, 0.00927989184856, 0.00539382873103, 0.000987488543615, 0.00125132442918, 0.000671148358379, 0.000516069063451, 0.000357980694389, 0.000514311832376, 9.99512631097e-05, 0.000172290005139, 0.000121395671158, 9.67691885307e-05, 8.646970673e-05, 0.000146461723489, 0.000129408188513, 0.00011502129928, 3.30654984282e-05, 1.64670964296e-05, 1.71427855093e-05, 1.27183593577e-05, 4.93207380714e-06],
        "stdev": [0.00231913849711, 0.00924681406468, 0.0146621260792, 0.0288314353675, 0.0300417672843, 0.0120827676728, 0.0166092012078, 0.0131756924093, 0.00181773561053, 0.00281441840343, 0.00122868828475, 0.00131963426247, 0.000608067668509, 0.00148229510523, 0.000209773686947, 0.000316095625749, 0.000280142412521, 0.000172417232534, 0.000114036512969, 0.000197786735953, 0.000167611069628, 0.000145841331687, 4.17724404542e-05, 1.95323191292e-05, 2.64753107331e-05, 2.98887771351e-05, 1.75077166205e-05]
    },
    "mfcc": {
        "mean": [-685.558532715, 141.536499023, 15.6844100952, 25.71052742, -18.7073860168, 5.98644161224, -1.77237033844, -3.95756554604, 3.01356244087, -1.09531366825, 2.15843176842, 1.28643500805, 2.31710004807],
        "stdev": [151.78515625, 30.3749141693, 18.41431427, 12.3050956726, 17.7641792297, 9.39934539795, 12.6924648285, 9.72060108185, 10.2340745926, 9.11531352997, 9.23164176941, 9.56234073639, 8.09464073181]
    },
    "sccoeffs": {
        "mean": [-0.695785820484, -0.747155427933, -0.770449280739, -0.802881717682, -0.837392628193, -0.798546850681],
        "stdev": [0.117935776711, 0.0870442613959, 0.0685305595398, 0.061511117965, 0.0416289120913, 0.0369073711336]
    },
    "scvalleys": {
        "mean": [-4.84826517105, -5.2589097023, -6.2921423912, -7.08274126053, -7.70643424988, -9.03807830811],
        "stdev": [1.54867815971, 1.79279994965, 1.57919752598, 1.44826805592, 1.5497456789, 1.68512868881]
    }
},
"rhythm": {
    "bpm": 105.468757629,
    "confidence": 0,
    "first_peak_bpm": {
        "mean": 105,
        "stdev": 0
    },
    "first_peak_spread": {
        "mean": 0,
        "stdev": 0
    },
    "first_peak_weight": {
        "mean": 1,
        "stdev": 0
    },
    "onset_rate": 2.09607386589,
    "second_peak_bpm": {
        "mean": 0,
        "stdev": 0
    },
    "second_peak_spread": {
        "mean": 0,
        "stdev": 0
    },
    "second_peak_weight": {
        "mean": 0,
        "stdev": 0
    }
},
"sfx": {
    "inharmonicity": {
        "mean": 0.0596726313233,
        "stdev": 0.0698419362307
    },
    "oddtoevenharmonicenergyratio": {
        "mean": 1.47370111942,
        "stdev": 4.73148298264
    },
    "pitch_after_max_to_before_max_energy_ratio": 1.45957911015,
    "pitch_centroid": 71.9323806763,
    "pitch_max_to_total": 0.783999979496,
    "pitch_min_to_total": 0.832000017166,
    "tristimulus": {
        "mean": [0.341669678688, 0.396470844746, 0.261859387159],
        "stdev": [0.265351861715, 0.186251834035, 0.171936780214]
    }
},
"tonal": {
    "chords_changes_rate": 0.03125,
    "chords_number_rate": 0.0625,
    "chords_strength": {
        "mean": 0.600322127342,
        "stdev": 0.0552011504769
    },
    "key_strength": 0.746789872646,
    "tuning_diatonic_strength": 0.580110132694,
    "tuning_equal_tempered_deviation": 0.18787817657,
    "tuning_frequency": 438.477722168,
    "tuning_nontempered_energy_ratio": 0.830150485039,
    "hpcp": {
        "mean": [0.0264867004007, 0.0566261224449, 0.304509371519, 0.412306070328, 0.194150701165, 0.0589332133532, 0.0402638688684, 0.0547265522182, 0.0802055522799, 0.0966049879789, 0.0666806995869, 0.0294497888535, 0.055672518909, 0.0929205268621, 0.140365004539, 0.258724629879, 0.251016676426, 0.210376963019, 0.212468147278, 0.100589819252, 0.036238104105, 0.0450913906097, 0.0447563566267, 0.0793429911137, 0.0985978767276, 0.072023704648, 0.0759840384126, 0.103255726397, 0.0997407063842, 0.209050506353, 0.349566310644, 0.197739958763, 0.0320917144418, 0.0283033177257, 0.0481209903955, 0.0508489869535],
        "stdev": [0.0380250625312, 0.0750531330705, 0.345835268497, 0.378270149231, 0.20517590642, 0.0879174619913, 0.0661706551909, 0.095129519701, 0.185378268361, 0.22671623528, 0.18688391149, 0.0455986186862, 0.108313135803, 0.180320635438, 0.22871786356, 0.371283382177, 0.274146258831, 0.272129505873, 0.295162558556, 0.138829141855, 0.0780450776219, 0.120638862252, 0.0797566771507, 0.131878361106, 0.189737901092, 0.153150856495, 0.099617280066, 0.159714728594, 0.186382010579, 0.196873471141, 0.426946401596, 0.245528563857, 0.0475976839662, 0.0429591611028, 0.0513765960932, 0.0616072528064]
    },
    "chords_histogram": [0, 78.125, 0, 0, 0, 0, 0, 0, 0, 0, 21.875, 0, 0, 0, 0, 0, 0, 0, 0, 0, 0, 0, 0, 0],