{
"metadata": {
    "version": {
        "essentia": "2.1-beta5-dev"
    }
},
"lowLevel": {
    "average_loudness": 0.99068403244,
    "barkbands_kurtosis": {
        "mean": 12.5425930023,
        "stdev": 18.5546417236
    },
    "barkbands_skewness": {
        "mean": 1.97823750973,
        "stdev": 1.59499776363
    },
    "barkbands_spread": {
        "mean": 8.90708065033,
        "stdev": 16.5448722839
    },
    "dissonance": {
        "mean": 0.170026063919,
        "stdev": 0.107378266752
    },
    "hfc": {
        "mean": 48.6158180237,
        "stdev": 39.8254432678
    },
    "pitch": {
        "mean": 400.068023682,
        "stdev": 809.770385742
    },
    "pitch_instantaneous_confidence": {
        "mean": 0.459177792072,
        "stdev": 0.192301645875
    },
    "pitch_salience": {
        "mean": 0.603888690472,
        "stdev": 0.0988026484847
    },
    "silence_rate_20dB": {
        "mean": 0.899224817753,
        "stdev": 0.301030874252
    },
    "silence_rate_30dB": {
        "mean": 0.356589138508,
        "stdev": 0.478991895914
    },
    "silence_rate_60dB": {
        "mean": 0,
        "stdev": 0
    },
    "spectral_centroid": {
        "mean": 440.040771484,
        "stdev": 933.10168457
    },
    "spectral_complexity": {
        "mean": 9.17829418182,
        "stdev": 3.87088060379
    },
    "spectral_crest": {
        "mean": 10.4348564148,
        "stdev": 3.163823843
    },
    "spectral_decrease": {
        "mean": -8.92857983104e-08,
        "stdev": 6.94514952215e-08
    },
    "spectral_energy": {
        "mean": 0.173395231366,
        "stdev": 0.134520724416
    },
    "spectral_energyband_high": {
        "mean": 0.000669112137984,
        "stdev": 0.00132723082788
    },
    "spectral_energyband_low": {
        "mean": 0.0647275671363,
        "stdev": 0.0564018823206
    },
    "spectral_energyband_middle_high": {
        "mean": 0.00434155296534,
        "stdev": 0.00661227665842
    },
    "spectral_energyband_middle_low": {
        "mean": 0.116818241775,
        "stdev": 0.108586728573
    },
    "spectral_flatness_db": {
        "mean": 0.261656373739,
        "stdev": 0.0962988436222
    },
    "spectral_flux": {
        "mean": 0.160361722112,
        "stdev": 0.0778106376529
    },
    "spectral_kurtosis": {
        "mean": 44.2760238647,
        "stdev": 58.006893158
    },
    "spectral_rms": {
        "mean": 0.0168556272984,
        "stdev": 0.00734099047258
    },
    "spectral_rolloff": {
        "mean": 758.169006348,
        "stdev": 2160.58251953
    },
    "spectral_skewness": {
        "mean": 4.97162485123,
        "stdev": 3.38543438911
    },
    "spectral_spread": {
        "mean": 11802475,
        "stdev": 11544853
    },
    "spectral_strongpeak": {
        "mean": 0.734773516655,
        "stdev": 0.741999804974
    },
    "zerocrossingrate": {
        "mean": 0.0315906628966,
        "stdev": 0.0513842478395
    },
    "barkbands": {
        "mean": [0.00575650017709, 0.0184151045978, 0.0274201966822, 0.0258186925203, 0.0556765533984, 0.00327265891246, 0.024450071156, 0.00421930011362, 0.00328231952153, 0.000218818400754, 0.000560520100407, 0.00126939860638, 0.00157788104843, 0.000239154571318, 0.00022086208628, 0.000178703950951, 5.1853388868e-05, 1.982057438e-05, 4.89743724756e-05, 4.64731565444e-05, 0.000118646261399, 0.000137147828355, 5.11908438057e-05, 5.40403780178e-05, 0.000100666497019, 0.000125988852233, 5.73782926949e-05],
        "stdev": [0.00865436904132, 0.0151739027351, 0.0262421499938, 0.0279417224228, 0.0672687590122, 0.00313376449049, 0.0299242828041, 0.00415260065347, 0.00494080921635, 0.00031982382643, 0.000560791057069, 0.00203803437762, 0.00344312982634, 0.000532637815922, 0.000380022625905, 0.00027338124346, 8.25925308163e-05, 3.71693422494e-05, 8.39837011881e-05, 0.00010805704369, 0.00023168833286, 0.00023775662703, 0.000102255144157, 0.000103622856841, 0.000209950958379, 0.000325189757859, 0.000158814029419]
    },
    "mfcc": {
        "mean": [-637.336730957, 200.122802734, 46.5829124451, 12.9445133209, 3.63663601875, 21.8404350281, -1.17826640606, -8.87098312378, 3.48405241966, -1.817933321, 4.29635238647, 4.66009521484, 5.74884366989],
        "stdev": [99.2090072632, 69.7764816284, 24.7410449982, 20.9386730194, 12.8682413101, 9.36023902893, 12.0591106415, 10.2916183472, 8.17282867432, 7.53399991989, 8.9311132431, 9.80468082428, 7.45563745499]
    },
    "sccoeffs": {
        "mean": [-0.639083862305, -0.613954484463, -0.676255464554, -0.681603431702, -0.803463578224, -0.830808758736],
        "stdev": [0.100667029619, 0.158305987716, 0.0994214192033, 0.0962357074022, 0.0457592010498, 0.0353190600872]
    },
    "scvalleys": {
        "mean": [-3.03185343742, -4.68259191513, -5.97496175766, -7.09315395355, -8.27237796783, -8.732462883],
        "stdev": [0.824097335339, 1.03417694569, 0.851655006409, 0.965371906757, 1.27510273457, 1.48371934891]
    }
},
"rhythm": {
    "bpm": 114.843742371,
    "confidence": 0,
    "first_peak_bpm": {
        "mean": 115,
        "stdev": 0
    },
    "first_peak_spread": {
        "mean": 0,
        "stdev": 0
    },
    "first_peak_weight": {
        "mean": 1,
        "stdev": 0
    },
    "onset_rate": 6.07094240189,
    "second_peak_bpm": {
        "mean": 0,
        "stdev": 0
    },
    "second_peak_spread": {
        "mean": 0,
        "stdev": 0
    },
    "second_peak_weight": {
        "mean": 0,
        "stdev": 0
    }
},
"sfx": {
    "inharmonicity": {
        "mean": 0.0417850650847,
        "stdev": 0.0546537861228
    },
    "oddtoevenharmonicenergyratio": {
        "mean": 10.8533344269,
        "stdev": 88.3756484985
    },
    "pitch_after_max_to_before_max_energy_ratio": 0.372473120689,
    "pitch_centroid": 40.9321746826,
    "pitch_max_to_total": 0.0465116277337,
    "pitch_min_to_total": 0.914728701115,
    "tristimulus": {
        "mean": [0.406087338924, 0.406195878983, 0.1877168715],
        "stdev": [0.267975389957, 0.211420252919, 0.161160841584]
    }
},
"tonal": {
    "chords_changes_rate": 0,
    "chords_number_rate": 0.0303030312061,
    "chords_strength": {
        "mean": 0.653234541416,
        "stdev": 0.0243890006095
    },
    "key_strength": 0.704959750175,
    "tuning_diatonic_strength": 0.447155207396,
    "tuning_equal_tempered_deviation": 0.0859164595604,
    "tuning_frequency": 441.527557373,
    "tuning_nontempered_energy_ratio": 0.657712578773,
    "hpcp": {
        "mean": [0.200188815594, 0.127793043852, 0.273569434881, 0.409858554602, 0.191298007965, 0.0112254014239, 0.0330569893122, 0.0500898957253, 0.0270219687372, 0.0101508451626, 0.02905328013, 0.0838093236089, 0.130803465843, 0.15794351697, 0.274274379015, 0.373627454042, 0.242810040712, 0.0711950063705, 0.0183548983186, 0.00630497327074, 0.0143875703216, 0.0204078201205, 0.0274716522545, 0.0674190148711, 0.0640282854438, 0.0173756740987, 0.00265911663882, 0.022204503417, 0.0726098641753, 0.195045605302, 0.195629045367, 0.0639932081103, 0.0197250526398, 0.00967489369214, 0.0309251844883, 0.149748131633],
        "stdev": [0.276886701584, 0.204716339707, 0.255459159613, 0.461935609579, 0.220608517528, 0.0248287487775, 0.113140150905, 0.179026886821, 0.0780559927225, 0.0154793988913, 0.106652446091, 0.21719366312, 0.263569563627, 0.298304468393, 0.331953167915, 0.412169963121, 0.33297303319, 0.189530923963, 0.0496163256466, 0.0142512843013, 0.0451521985233, 0.053440451622, 0.0406793616712, 0.0822971761227, 0.0633610635996, 0.0178477652371, 0.00484855659306, 0.0832333117723, 0.177934855223, 0.237588867545, 0.259195178747, 0.091002471745, 0.0662094429135, 0.034190967679, 0.0701364725828, 0.253224879503]
    },
    "chords_histogram": [0, 100, 0, 0, 0, 0, 0, 0, 0, 0, 0, 0, 0, 0, 0, 0, 0, 0, 0, 0, 0, 0, 0, 0],