{
"metadata": {
    "version": {
        "essentia": "2.1-beta5-dev"
    }
},
"lowLevel": {
    "average_loudness": 0.99068403244,
    "barkbands_kurtosis": {
        "mean": 16.9240016937,
        "stdev": 26.246723175
    },
    "barkbands_skewness": {
        "mean": 1.99639165401,
        "stdev": 1.99635004997
    },
    "barkbands_spread": {
        "mean": 3.77867603302,
        "stdev": 2.23292160034
    },
    "dissonance": {
        "mean": 0.134423241019,
        "stdev": 0.0859124660492
    },
    "hfc": {
        "mean": 46.4757537842,
        "stdev": 48.5230903625
    },
    "pitch": {
        "mean": 210.559448242,
        "stdev": 70.4912033081
    },
    "pitch_instantaneous_confidence": {
        "mean": 0.474724709988,
        "stdev": 0.240960285068
    },
    "pitch_salience": {
        "mean": 0.595090806484,
        "stdev": 0.0713059082627
    },
    "silence_rate_20dB": {
        "mean": 0.795275568962,
        "stdev": 0.403500139713
    },
    "silence_rate_30dB": {
        "mean": 0.346456706524,
        "stdev": 0.475840419531
    },
    "silence_rate_60dB": {
        "mean": 0.0157480314374,
        "stdev": 0.124499179423
    },
    "spectral_centroid": {
        "mean": 200.770767212,
        "stdev": 101.019104004
    },
    "spectral_complexity": {
        "mean": 6.20472431183,
        "stdev": 2.72445464134
    },
    "spectral_crest": {
        "mean": 10.0557279587,
        "stdev": 2.20620155334
    },
    "spectral_decrease": {
        "mean": -9.34026758159e-08,
        "stdev": 6.44881481549e-08
    },
    "spectral_energy": {
        "mean": 0.180992767215,
        "stdev": 0.126255556941
    },
    "spectral_energyband_high": {
        "mean": 0.00014980508422,
        "stdev": 0.000279606116237
    },
    "spectral_energyband_low": {
        "mean": 0.0799725949764,
        "stdev": 0.0448831506073
    },
    "spectral_energyband_middle_high": {
        "mean": 0.00614929245785,
        "stdev": 0.0098094586283
    },
    "spectral_energyband_middle_low": {
        "mean": 0.111691057682,
        "stdev": 0.102518543601
    },
    "spectral_flatness_db": {
        "mean": 0.329642981291,
        "stdev": 0.094743065536
    },
    "spectral_flux": {
        "mean": 0.148995354772,
        "stdev": 0.0737150162458
    },
    "spectral_kurtosis": {
        "mean": 60.1573753357,
        "stdev": 73.2602386475
    },
    "spectral_rms": {
        "mean": 0.0174234192818,
        "stdev": 0.00701690278947
    },
    "spectral_rolloff": {
        "mean": 307.568756104,
        "stdev": 179.954879761
    },
    "spectral_skewness": {
        "mean": 6.11286497116,
        "stdev": 3.72536873817
    },
    "spectral_spread": {
        "mean": 8934996,
        "stdev": 8851147
    },
    "spectral_strongpeak": {
        "mean": 0.996697425842,
        "stdev": 0.983524143696
    },
    "zerocrossingrate": {
        "mean": 0.0139640746638,
        "stdev": 0.00912179704756
    },
    "barkbands": {
        "mean": [0.00740034785122, 0.0274929180741, 0.0282770134509, 0.0243995431811, 0.027462143451, 0.0334223769605, 0.0101845478639, 0.01330080349, 0.00269732717425, 0.00165379908867, 0.00157321779989, 0.00068507931428, 0.000901820254512, 0.000776372093242, 0.000485267897602, 9.48759407038e-05, 1.41577957038e-05, 6.55576195641e-06, 9.59274166235e-06, 9.97760980681e-06, 2.95618410746e-05, 2.97446240438e-05, 1.30249918584e-05, 1.3794786355e-05, 2.434518683e-05, 2.27761884162e-05, 1.08386275315e-05],
        "stdev": [0.00925614964217, 0.0131465941668, 0.0216864496469, 0.0163963306695, 0.0343386344612, 0.0474999137223, 0.0263891518116, 0.025489628315, 0.00555795850232, 0.00331751350313, 0.0026276120916, 0.00192248728126, 0.00281345844269, 0.00122709770221, 0.00122827547602, 0.000226431453484, 2.51046021731e-05, 1.1748259567e-05, 1.45506528497e-05, 2.56749717664e-05, 5.20483445143e-05, 5.52996716578e-05, 2.90316493192e-05, 2.76468472293e-05, 4.85363125335e-05, 4.54424734926e-05, 2.34553790506e-05]
    },
    "mfcc": {
        "mean": [-694.111206055, 214.274200439, 64.3285293579, 18.6194000244, 7.02556943893, 27.9537315369, 7.82161426544, -4.8136510849, 5.24494075775, -1.60820865631, 0.35761615634, -5.11830854416, -3.72399830818],
        "stdev": [111.183929443, 57.0841369629, 28.0493659973, 26.4092292786, 11.4551582336, 9.78369808197, 15.0827989578, 12.3162059784, 9.073346138, 10.2652549744, 8.02304172516, 10.7844009399, 13.9622383118]
    },
    "sccoeffs": {
        "mean": [-0.587783515453, -0.547676980495, -0.671781718731, -0.692106068134, -0.81981998682, -0.847253859043],
        "stdev": [0.0978088900447, 0.162811249495, 0.14689104259, 0.127584919333, 0.0520604625344, 0.0309561565518]
    },
    "scvalleys": {
        "mean": [-3.15187454224, -5.21399784088, -6.60155296326, -7.88190698624, -8.94249820709, -9.3197479248],
        "stdev": [0.684130907059, 1.04652941227, 0.981000721455, 1.03847205639, 1.09267675877, 1.37375020981]
    }
},
"rhythm": {
    "bpm": 112.34715271,
    "confidence": 0,
    "first_peak_bpm": {
        "mean": 112,
        "stdev": 0
    },
    "first_peak_spread": {
        "mean": 0,
        "stdev": 0
    },
    "first_peak_weight": {
        "mean": 1,
        "stdev": 0
    },
    "onset_rate": 5.48319911957,
    "second_peak_bpm": {
        "mean": 0,
        "stdev": 0
    },
    "second_peak_spread": {
        "mean": 0,
        "stdev": 0
    },
    "second_peak_weight": {
        "mean": 0,
        "stdev": 0
    }
},
"sfx": {
    "inharmonicity": {
        "mean": 0.0346603728831,
        "stdev": 0.0456881634891
    },
    "oddtoevenharmonicenergyratio": {
        "mean": 30.5883426666,
        "stdev": 144.402893066
    },
    "pitch_after_max_to_before_max_energy_ratio": 0.395243614912,
    "pitch_centroid": 66.9715194702,
    "pitch_max_to_total": 0.740157485008,
    "pitch_min_to_total": 0.0157480314374,
    "tristimulus": {
        "mean": [0.344971954823, 0.428637087345, 0.22639079392],
        "stdev": [0.29883056879, 0.25213778019, 0.226813659072]
    }
},
"tonal": {
    "chords_changes_rate": 0.0303030312061,
    "chords_number_rate": 0.0606060624123,
    "chords_strength": {
        "mean": 0.404055207968,
        "stdev": 0.0579425096512
    },
    "key_strength": 0.366065382957,
    "tuning_diatonic_strength": 0.394201427698,
    "tuning_equal_tempered_deviation": 0.0884704515338,
    "tuning_frequency": 438.477722168,
    "tuning_nontempered_energy_ratio": 0.658425092697,
    "hpcp": {
        "mean": [0.133921012282, 0.0998978242278, 0.175175532699, 0.302791982889, 0.165827468038, 0.109701320529, 0.258131921291, 0.209099769592, 0.170131668448, 0.194830775261, 0.0762630701065, 0.0333180949092, 0.0337588265538, 0.0105076860636, 0.146130889654, 0.285563528538, 0.184501454234, 0.0595875531435, 0.0177740491927, 0.00104842835572, 0.00367670017295, 0.0112818041816, 0.0143267065287, 0.0395837798715, 0.049244645983, 0.0207423511893, 0.0152291255072, 0.0140348412097, 0.0213194824755, 0.0520073249936, 0.0680450722575, 0.0353210605681, 0.00564230512828, 0.0290823690593, 0.0377574190497, 0.0684566870332],
        "stdev": [0.293305128813, 0.183983638883, 0.219332113862, 0.371914803982, 0.205626532435, 0.157921269536, 0.427642852068, 0.325428396463, 0.291023761034, 0.361315965652, 0.136337831616, 0.171032309532, 0.166692361236, 0.0379548594356, 0.228047072887, 0.439783394337, 0.270622164011, 0.225093200803, 0.0683071091771, 0.00434582214803, 0.00819593761116, 0.028885755688, 0.0376231782138, 0.168852224946, 0.171408846974, 0.0431014746428, 0.0488603264093, 0.0371549725533, 0.105096429586, 0.164541646838, 0.136180073023, 0.0782709568739, 0.0137718608603, 0.118354916573, 0.172493904829, 0.137847036123]
    },
    "chords_histogram": [0, 0, 0, 0, 0, 0, 0, 0, 0, 0, 0, 0, 0, 0, 0, 0, 0, 0, 0, 0, 0, 0, 96.9696960449, 3.0303030014],