{
"metadata": {
    "version": {
        "essentia": "2.1-beta5-dev"
    }
},
"lowLevel": {
    "average_loudness": 0.987403154373,
    "barkbands_kurtosis": {
        "mean": 20.7181568146,
        "stdev": 24.1681632996
    },
    "barkbands_skewness": {
        "mean": 2.73071622849,
        "stdev": 1.79377710819
    },
    "barkbands_spread": {
        "mean": 6.48656988144,
        "stdev": 7.83009147644
    },
    "dissonance": {
        "mean": 0.184410095215,
        "stdev": 0.105861663818
    },
    "hfc": {
        "mean": 38.2848396301,
        "stdev": 39.4069404602
    },
    "pitch": {
        "mean": 223.80279541,
        "stdev": 309.74029541
    },
    "pitch_instantaneous_confidence": {
        "mean": 0.476368606091,
        "stdev": 0.204768180847
    },
    "pitch_salience": {
        "mean": 0.61893004179,
        "stdev": 0.0743210613728
    },
    "silence_rate_20dB": {
        "mean": 0.913265287876,
        "stdev": 0.281445741653
    },
    "silence_rate_30dB": {
        "mean": 0.576530635357,
        "stdev": 0.494107961655
    },
    "silence_rate_60dB": {
        "mean": 0.0459183678031,
        "stdev": 0.209308192134
    },
    "spectral_centroid": {
        "mean": 282.532775879,
        "stdev": 211.767852783
    },
    "spectral_complexity": {
        "mean": 6.92857122421,
        "stdev": 3.88153576851
    },
    "spectral_crest": {
        "mean": 10.6132278442,
        "stdev": 2.19344830513
    },
    "spectral_decrease": {
        "mean": -6.82163943111e-08,
        "stdev": 6.15734307985e-08
    },
    "spectral_energy": {
        "mean": 0.132581472397,
        "stdev": 0.119983412325
    },
    "spectral_energyband_high": {
        "mean": 0.00043812621152,
        "stdev": 0.000647102540825
    },
    "spectral_energyband_low": {
        "mean": 0.0421736426651,
        "stdev": 0.0318035893142
    },
    "spectral_energyband_middle_high": {
        "mean": 0.00304642016999,
        "stdev": 0.00508058397099
    },
    "spectral_energyband_middle_low": {
        "mean": 0.0949593186378,
        "stdev": 0.101103171706
    },
    "spectral_flatness_db": {
        "mean": 0.265378236771,
        "stdev": 0.093379676342
    },
    "spectral_flux": {
        "mean": 0.0896598398685,
        "stdev": 0.0681586712599
    },
    "spectral_kurtosis": {
        "mean": 30.6736907959,
        "stdev": 48.2351913452
    },
    "spectral_rms": {
        "mean": 0.0142511036247,
        "stdev": 0.00743972929195
    },
    "spectral_rolloff": {
        "mean": 394.189697266,
        "stdev": 522.727050781
    },
    "spectral_skewness": {
        "mean": 4.03702116013,
        "stdev": 2.9471757412
    },
    "spectral_spread": {
        "mean": 13904038,
        "stdev": 10423735
    },
    "spectral_strongpeak": {
        "mean": 0.79090821743,
        "stdev": 0.85972571373
    },
    "zerocrossingrate": {
        "mean": 0.0279516112059,
        "stdev": 0.0224596448243
    },
    "barkbands": {
        "mean": [0.00401906808838, 0.0143298059702, 0.015846259892, 0.0172054544091, 0.0430843383074, 0.00655385991558, 0.0209766607732, 0.00402911985293, 0.00290496810339, 0.000232390113524, 0.000173753942363, 0.00076797924703, 0.00152670836542, 0.000224587711273, 1.95345201064e-05, 0.000133788751555, 3.01892232528e-05, 1.7688045773e-05, 4.08682244597e-05, 4.73736363347e-05, 9.21178871067e-05, 9.46529908106e-05, 3.58085817425e-05, 4.13776106143e-05, 6.13174852333e-05, 6.09439921391e-05, 2.77513026958e-05],
        "stdev": [0.00908480398357, 0.0131826288998, 0.0106417518109, 0.0142830684781, 0.0592874847353, 0.0134997088462, 0.0299865733832, 0.00792180467397, 0.00506658898667, 0.000395432172809, 0.000268030184088, 0.00184896960855, 0.00260190409608, 0.000378003285732, 3.40539882018e-05, 0.000209292629734, 4.32026063208e-05, 4.08917658206e-05, 6.26562177786e-05, 0.000102183636045, 0.000133766778163, 0.000139708834467, 5.31381265318e-05, 6.62743259454e-05, 0.000103577367554, 0.000120691904158, 5.79651969019e-05]
    },
    "mfcc": {
        "mean": [-659.454467773, 176.525695801, 57.4163780212, 29.6745223999, 3.75950598717, 20.3763542175, 0.65224814415, -9.86238098145, -0.868840277195, -2.88815641403, 6.43438339233, 7.73733758926, 6.05711746216],
        "stdev": [105.939933777, 60.768825531, 28.5963993073, 24.5295314789, 15.9803705215, 10.4983930588, 12.2400817871, 13.5079889297, 10.75968647, 8.14376926422, 7.83585071564, 10.6616811752, 7.95957946777]
    },
    "sccoeffs": {
        "mean": [-0.608243525028, -0.623380184174, -0.719319939613, -0.699009895325, -0.808837413788, -0.827204048634],
        "stdev": [0.0978986024857, 0.14238114655, 0.113253727555, 0.115776106715, 0.0477266684175, 0.0355292111635]
    },
    "scvalleys": {
        "mean": [-3.4072945118, -5.01147079468, -6.54219818115, -7.55780887604, -8.23419761658, -8.68187332153],
        "stdev": [0.789968311787, 1.08085787296, 1.05252337456, 1.15334546566, 1.28698182106, 1.46004843712]
    }
},
"rhythm": {
    "bpm": 155.069763184,
    "confidence": 0,
    "first_peak_bpm": {
        "mean": 157,
        "stdev": 0
    },
    "first_peak_spread": {
        "mean": 0,
        "stdev": 0
    },
    "first_peak_weight": {
        "mean": 0.5,
        "stdev": 0
    },
    "onset_rate": 4.42198371887,
    "second_peak_bpm": {
        "mean": 152,
        "stdev": 0
    },
    "second_peak_spread": {
        "mean": 0,
        "stdev": 0
    },
    "second_peak_weight": {
        "mean": 0.25,
        "stdev": 0
    }
},
"sfx": {
    "inharmonicity": {
        "mean": 0.044006396085,
        "stdev": 0.0455476082861
    },
    "oddtoevenharmonicenergyratio": {
        "mean": 30.7408218384,
        "stdev": 146.596618652
    },
    "pitch_after_max_to_before_max_energy_ratio": 1.28723263741,
    "pitch_centroid": 103.915000916,
    "pitch_max_to_total": 0.301020413637,
    "pitch_min_to_total": 0.0102040814236,
    "tristimulus": {
        "mean": [0.343618869781, 0.453116089106, 0.203265085816],
        "stdev": [0.256554365158, 0.225246459246, 0.169711068273]
    }
},
"tonal": {
    "chords_changes_rate": 0.0399999991059,
    "chords_number_rate": 0.0599999986589,
    "chords_strength": {
        "mean": 0.496424496174,
        "stdev": 0.0726327896118
    },
    "key_strength": 0.473996162415,
    "tuning_diatonic_strength": 0.326170742512,
    "tuning_equal_tempered_deviation": 0.0977122411132,
    "tuning_frequency": 437.971466064,
    "tuning_nontempered_energy_ratio": 0.702922821045,
    "hpcp": {
        "mean": [0.378013968468, 0.272270381451, 0.0894198715687, 0.0933428034186, 0.0496467314661, 0.0117867365479, 0.0205753799528, 0.0381291843951, 0.115078732371, 0.166247233748, 0.0795218795538, 0.0338958352804, 0.0520855858922, 0.0313893221319, 0.0564259849489, 0.163304820657, 0.200499266386, 0.256095200777, 0.312340080738, 0.154380768538, 0.0250399596989, 0.0300813931972, 0.0337975397706, 0.0771079063416, 0.0809571295977, 0.0228281896561, 0.0123926969245, 0.0184618495405, 0.0109986877069, 0.0128005407751, 0.0268536731601, 0.0182778704911, 0.00863516889513, 0.0310241058469, 0.0465902760625, 0.167448535562],
        "stdev": [0.402463555336, 0.307415753603, 0.182096138597, 0.263059318066, 0.162421837449, 0.0444781631231, 0.116122402251, 0.162510737777, 0.234526991844, 0.343928068876, 0.170354157686, 0.140825197101, 0.199804738164, 0.107499308884, 0.153957873583, 0.298325389624, 0.318750947714, 0.289453864098, 0.429026484489, 0.230414167047, 0.0364488102496, 0.0339243113995, 0.049470089376, 0.234811976552, 0.242663934827, 0.0516715943813, 0.0301867742091, 0.0426372885704, 0.0247692093253, 0.0410655215383, 0.0816280692816, 0.0543271936476, 0.0209979880601, 0.130975350738, 0.152868509293, 0.187486618757]
    },
    "chords_histogram": [0, 0, 0, 0, 0, 0, 0, 0, 0, 0, 0, 0, 0, 24, 0, 0, 0, 0, 2, 74, 0, 0, 0, 0],