{
"metadata": {
    "version": {
        "essentia": "2.1-beta5-dev"
    }
},
"lowLevel": {
    "average_loudness": 0.99068403244,
    "barkbands_kurtosis": {
        "mean": 20.761516571,
        "stdev": 32.8083610535
    },
    "barkbands_skewness": {
        "mean": 2.25968050957,
        "stdev": 2.16737771034
    },
    "barkbands_spread": {
        "mean": 7.8909907341,
        "stdev": 15.4170227051
    },
    "dissonance": {
        "mean": 0.164176166058,
        "stdev": 0.109684191644
    },
    "hfc": {
        "mean": 47.6847991943,
        "stdev": 55.5957641602
    },
    "pitch": {
        "mean": 320.893981934,
        "stdev": 606.828796387
    },
    "pitch_instantaneous_confidence": {
        "mean": 0.486323446035,
        "stdev": 0.230605915189
    },
    "pitch_salience": {
        "mean": 0.565645813942,
        "stdev": 0.103547558188
    },
    "silence_rate_20dB": {
        "mean": 0.87596899271,
        "stdev": 0.329616963863
    },
    "silence_rate_30dB": {
        "mean": 0.542635679245,
        "stdev": 0.498179078102
    },
    "silence_rate_60dB": {
        "mean": 0.00775193795562,
        "stdev": 0.0877031683922
    },
    "spectral_centroid": {
        "mean": 384.400939941,
        "stdev": 560.680725098
    },
    "spectral_complexity": {
        "mean": 7.80620145798,
        "stdev": 6.19336700439
    },
    "spectral_crest": {
        "mean": 11.9490270615,
        "stdev": 3.66162586212
    },
    "spectral_decrease": {
        "mean": -7.73472592641e-08,
        "stdev": 7.34677740866e-08
    },
    "spectral_energy": {
        "mean": 0.150715410709,
        "stdev": 0.14377194643
    },
    "spectral_energyband_high": {
        "mean": 0.000545429298654,
        "stdev": 0.00127719761804
    },
    "spectral_energyband_low": {
        "mean": 0.0328300334513,
        "stdev": 0.0170963034034
    },
    "spectral_energyband_middle_high": {
        "mean": 0.00542015116662,
        "stdev": 0.0123276645318
    },
    "spectral_energyband_middle_low": {
        "mean": 0.119682922959,
        "stdev": 0.134506359696
    },
    "spectral_flatness_db": {
        "mean": 0.31433853507,
        "stdev": 0.125286862254
    },
    "spectral_flux": {
        "mean": 0.103495314717,
        "stdev": 0.0826736539602
    },
    "spectral_kurtosis": {
        "mean": 72.8469314575,
        "stdev": 81.5183334351
    },
    "spectral_rms": {
        "mean": 0.0152564793825,
        "stdev": 0.00781229371205
    },
    "spectral_rolloff": {
        "mean": 624.296020508,
        "stdev": 1298.39892578
    },
    "spectral_skewness": {
        "mean": 6.27717924118,
        "stdev": 4.10069036484
    },
    "spectral_spread": {
        "mean": 10387094,
        "stdev": 11305784
    },
    "spectral_strongpeak": {
        "mean": 1.00260305405,
        "stdev": 0.968472778797
    },
    "zerocrossingrate": {
        "mean": 0.02734375,
        "stdev": 0.0394804142416
    },
    "barkbands": {
        "mean": [0.00111259962432, 0.00930010247976, 0.0150084346533, 0.0133039588109, 0.0674197152257, 0.0189776103944, 0.00850132666528, 0.00908731482923, 0.00136955233756, 0.00110508280341, 0.00125645520166, 0.000696120434441, 0.00238172500394, 0.000212674640352, 5.38507556485e-05, 0.000172140120412, 9.26591601456e-05, 3.72351714759e-05, 4.89383528475e-05, 6.96838542353e-05, 0.000131184075144, 0.000111753673991, 3.94857634092e-05, 3.81850441045e-05, 7.52235864638e-05, 7.28464437998e-05, 3.5739998566e-05],
        "stdev": [0.00167451112065, 0.0038562384434, 0.00854856148362, 0.0102906776592, 0.0840838253498, 0.023381402716, 0.0152048375458, 0.0167948640883, 0.00228369096294, 0.00228426023386, 0.00563909113407, 0.00122314423788, 0.00531223043799, 0.000506297510583, 9.80789773166e-05, 0.0004104313266, 0.000254447601037, 0.00010001444025, 0.000121221448353, 0.000204176496482, 0.000338866229868, 0.000258970219875, 9.60961187957e-05, 8.42816007207e-05, 0.000176034984179, 0.000187775498489, 0.000102436162706]
    },
    "mfcc": {
        "mean": [-692.595458984, 210.297027588, 51.8738327026, 20.4559688568, 5.39673662186, 22.4743423462, 4.76299285889, -4.3642039299, -1.23932409286, -10.2671556473, 1.13194715977, 5.7660112381, 4.56614542007],
        "stdev": [115.195106506, 76.8968658447, 33.3047714233, 25.2061424255, 16.1728744507, 15.3857765198, 16.8710842133, 12.4709148407, 10.0709981918, 11.7174072266, 13.1597919464, 13.6861839294, 7.52367591858]
    },
    "sccoeffs": {
        "mean": [-0.579309225082, -0.65580278635, -0.725291311741, -0.666899979115, -0.797387838364, -0.839422821999],
        "stdev": [0.10817643255, 0.156606152654, 0.09329328686, 0.114253528416, 0.0662073865533, 0.0404934063554]
    },
    "scvalleys": {
        "mean": [-3.41103196144, -4.99098777771, -6.4894618988, -7.75901126862, -8.83591556549, -9.45793819427],
        "stdev": [0.644258618355, 1.34202456474, 1.27699112892, 1.33567976952, 1.49225866795, 1.71803581715]
    }
},
"rhythm": {
    "bpm": 95.703125,
    "confidence": 0,
    "first_peak_bpm": {
        "mean": 96,
        "stdev": 0
    },
    "first_peak_spread": {
        "mean": 0,
        "stdev": 0
    },
    "first_peak_weight": {
        "mean": 1,
        "stdev": 0
    },
    "onset_rate": 4.71268939972,
    "second_peak_bpm": {
        "mean": 0,
        "stdev": 0
    },
    "second_peak_spread": {
        "mean": 0,
        "stdev": 0
    },
    "second_peak_weight": {
        "mean": 0,
        "stdev": 0
    }
},
"sfx": {
    "inharmonicity": {
        "mean": 0.0359447821975,
        "stdev": 0.0550921075046
    },
    "oddtoevenharmonicenergyratio": {
        "mean": 9.18735122681,
        "stdev": 87.870300293
    },
    "pitch_after_max_to_before_max_energy_ratio": 0.570954024792,
    "pitch_centroid": 68.4377365112,
    "pitch_max_to_total": 0.534883737564,
    "pitch_min_to_total": 0.589147269726,
    "tristimulus": {
        "mean": [0.497123301029, 0.331815004349, 0.171061724424],
        "stdev": [0.293556004763, 0.214757367969, 0.184566155076]
    }
},
"tonal": {
    "chords_changes_rate": 0,
    "chords_number_rate": 0.0303030312061,
    "chords_strength": {
        "mean": 0.582009255886,
        "stdev": 0.0157452262938
    },
    "key_strength": 0.505792140961,
    "tuning_diatonic_strength": 0.411201000214,
    "tuning_equal_tempered_deviation": 0.113158904016,
    "tuning_frequency": 437.718536377,
    "tuning_nontempered_energy_ratio": 0.660651087761,
    "hpcp": {
        "mean": [0.013017475605, 0.00816142186522, 0.0468551963568, 0.0896262601018, 0.0588599666953, 0.0171913057566, 0.0173561591655, 0.0207525584847, 0.242980092764, 0.515051782131, 0.29029121995, 0.0137618593872, 0.0132297193632, 0.0121432673186, 0.0176784414798, 0.0419020876288, 0.0498059764504, 0.226494252682, 0.405905276537, 0.210856795311, 0.0352082699537, 0.0525029934943, 0.0298898089677, 0.00855623092502, 0.00927969813347, 0.00936433114111, 0.0246516801417, 0.0220440421253, 0.00736189680174, 0.0485121570528, 0.107077471912, 0.0683544799685, 0.0106015717611, 0.00831141043454, 0.0245960373431, 0.0310588572174],
        "stdev": [0.0697649568319, 0.0298422258347, 0.094181381166, 0.181588500738, 0.13598164916, 0.0426139831543, 0.0506317280233, 0.0501078665257, 0.223701149225, 0.4822268188, 0.277694612741, 0.0291312914342, 0.0518263950944, 0.0462104976177, 0.0648825988173, 0.173215419054, 0.138135328889, 0.264360964298, 0.447513461113, 0.223700374365, 0.0881608277559, 0.18551106751, 0.112655907869, 0.0304781030864, 0.0348977409303, 0.0342036820948, 0.121429666877, 0.11748599261, 0.0339491851628, 0.109334841371, 0.242093428969, 0.164126396179, 0.0262794606388, 0.029852354899, 0.128026619554, 0.171296671033]
    },
    "chords_histogram": [100, 0, 0, 0, 0, 0, 0, 0, 0, 0, 0, 0, 0, 0, 0, 0, 0, 0, 0, 0, 0, 0, 0, 0],