{
"metadata": {
    "version": {
        "essentia": "2.1-beta5-dev"
    }
},
"lowLevel": {
    "average_loudness": 0.99068403244,
    "barkbands_kurtosis": {
        "mean": 31.6963157654,
        "stdev": 27.7556762695
    },
    "barkbands_skewness": {
        "mean": 4.00207710266,
        "stdev": 1.78187179565
    },
    "barkbands_spread": {
        "mean": 7.19155597687,
        "stdev": 6.10887527466
    },
    "dissonance": {
        "mean": 0.236561208963,
        "stdev": 0.0859013944864
    },
    "hfc": {
        "mean": 36.7414855957,
        "stdev": 30.5985050201
    },
    "pitch": {
        "mean": 226.479766846,
        "stdev": 446.408905029
    },
    "pitch_instantaneous_confidence": {
        "mean": 0.381561934948,
        "stdev": 0.182143107057
    },
    "pitch_salience": {
        "mean": 0.599744141102,
        "stdev": 0.0824073851109
    },
    "silence_rate_20dB": {
        "mean": 0.927419364452,
        "stdev": 0.259447008371
    },
    "silence_rate_30dB": {
        "mean": 0.330645173788,
        "stdev": 0.47044557333
    },
    "silence_rate_60dB": {
        "mean": 0.0161290317774,
        "stdev": 0.125971779227
    },
    "spectral_centroid": {
        "mean": 252.466323853,
        "stdev": 179.023391724
    },
    "spectral_complexity": {
        "mean": 9.01612949371,
        "stdev": 4.3514623642
    },
    "spectral_crest": {
        "mean": 10.356385231,
        "stdev": 3.26517152786
    },
    "spectral_decrease": {
        "mean": -8.09495759313e-08,
        "stdev": 5.74398981712e-08
    },
    "spectral_energy": {
        "mean": 0.156540721655,
        "stdev": 0.11115501076
    },
    "spectral_energyband_high": {
        "mean": 0.00100336817559,
        "stdev": 0.00133694603574
    },
    "spectral_energyband_low": {
        "mean": 0.0914215072989,
        "stdev": 0.0613715462387
    },
    "spectral_energyband_middle_high": {
        "mean": 0.00258250487968,
        "stdev": 0.00344110256992
    },
    "spectral_energyband_middle_low": {
        "mean": 0.0817390754819,
        "stdev": 0.074569888413
    },
    "spectral_flatness_db": {
        "mean": 0.212296172976,
        "stdev": 0.05474774912
    },
    "spectral_flux": {
        "mean": 0.132748603821,
        "stdev": 0.0733089447021
    },
    "spectral_kurtosis": {
        "mean": 5.88132238388,
        "stdev": 5.64045810699
    },
    "spectral_rms": {
        "mean": 0.0161776486784,
        "stdev": 0.00659023877233
    },
    "spectral_rolloff": {
        "mean": 316.399169922,
        "stdev": 363.297790527
    },
    "spectral_skewness": {
        "mean": 2.32944011688,
        "stdev": 0.82841283083
    },
    "spectral_spread": {
        "mean": 17560998,
        "stdev": 7268257.5
    },
    "spectral_strongpeak": {
        "mean": 0.379056930542,
        "stdev": 0.349398910999
    },
    "zerocrossingrate": {
        "mean": 0.0304545741528,
        "stdev": 0.022106256336
    },
    "barkbands": {
        "mean": [0.00576883833855, 0.0285286549479, 0.0369362048805, 0.0312763080001, 0.0324354581535, 0.00209185737185, 0.0121949957684, 0.00143500580452, 0.0022103805095, 0.000117616953503, 0.000184514879948, 0.00107875466347, 0.000771157501731, 8.82592357812e-05, 5.8632078435e-05, 0.000155573972734, 5.03827177454e-05, 2.11700353248e-05, 0.000102678372059, 8.83439133759e-05, 0.000205736825592, 0.000252343335887, 8.57844934217e-05, 9.85561782727e-05, 0.000141920667375, 0.000114057736937, 4.33968853031e-05],
        "stdev": [0.00630944594741, 0.0184640921652, 0.03132802248, 0.0292964037508, 0.0438803620636, 0.00217263749801, 0.0146814258769, 0.00165184983052, 0.00231762998737, 0.000310303090373, 0.000254461658187, 0.00191264960449, 0.00116282119416, 0.000168465703609, 8.05919553386e-05, 0.000222215690883, 5.64340589335e-05, 2.11055939872e-05, 0.000140409814776, 0.000106475148641, 0.000297525926726, 0.000319751969073, 0.000111189416202, 0.000144338991959, 0.000217598528252, 0.000194134117919, 0.000103354614112]
    },
    "mfcc": {
        "mean": [-597.454162598, 139.193222046, 61.2587928772, 35.7352600098, 0.329145342112, 21.7557735443, 6.71258354187, -3.87672376633, 6.00766944885, 0.51402169466, 5.97555971146, 1.92492055893, 5.94926595688],
        "stdev": [67.4929656982, 29.4525470734, 13.0817050934, 15.8965320587, 8.60569953918, 7.41023445129, 8.14853286743, 10.7120189667, 9.55071258545, 9.15950965881, 9.01093101501, 11.1756858826, 9.13974952698]
    },
    "sccoeffs": {
        "mean": [-0.605372130871, -0.662861168385, -0.687963962555, -0.744176268578, -0.791219830513, -0.800838470459],
        "stdev": [0.119172386825, 0.140531212091, 0.100920401514, 0.0862077772617, 0.0338705815375, 0.0233421213925]
    },
    "scvalleys": {
        "mean": [-3.08305263519, -4.92905235291, -6.09574699402, -6.91758775711, -7.46407794952, -7.73082828522],
        "stdev": [0.851474106312, 0.675211846828, 0.579032540321, 0.60284537077, 0.523272335529, 0.683231592178]
    }
},
"rhythm": {
    "bpm": 166.708679199,
    "confidence": 0,
    "first_peak_bpm": {
        "mean": 167,
        "stdev": 0
    },
    "first_peak_spread": {
        "mean": 0,
        "stdev": 0
    },
    "first_peak_weight": {
        "mean": 1,
        "stdev": 0
    },
    "onset_rate": 2.81582212448,
    "second_peak_bpm": {
        "mean": 0,
        "stdev": 0
    },
    "second_peak_spread": {
        "mean": 0,
        "stdev": 0
    },
    "second_peak_weight": {
        "mean": 0,
        "stdev": 0
    }
},
"sfx": {
    "inharmonicity": {
        "mean": 0.0441502630711,
        "stdev": 0.0379153564572
    },
    "oddtoevenharmonicenergyratio": {
        "mean": 18.0481185913,
        "stdev": 100.131790161
    },
    "pitch_after_max_to_before_max_energy_ratio": 0.886512935162,
    "pitch_centroid": 71.4932022095,
    "pitch_max_to_total": 0.911290347576,
    "pitch_min_to_total": 0.483870953321,
    "tristimulus": {
        "mean": [0.269394487143, 0.412783175707, 0.317822426558],
        "stdev": [0.253217875957, 0.185935109854, 0.219756647944]
    }
},
"tonal": {
    "chords_changes_rate": 0,
    "chords_number_rate": 0.03125,
    "chords_strength": {
        "mean": 0.570417821407,
        "stdev": 0.0332513265312
    },
    "key_strength": 0.632488429546,
    "tuning_diatonic_strength": 0.601136147976,
    "tuning_equal_tempered_deviation": 0.0926000550389,
    "tuning_frequency": 438.477722168,
    "tuning_nontempered_energy_ratio": 0.68706035614,
    "hpcp": {
        "mean": [0.232301071286, 0.237152606249, 0.35689124465, 0.478326112032, 0.252209067345, 0.0134325716645, 0.00254857540131, 0.00281946011819, 0.00632484862581, 0.019447863102, 0.0435765311122, 0.110284201801, 0.163107335567, 0.147213488817, 0.142871290445, 0.119639217854, 0.077051229775, 0.160947456956, 0.197993785143, 0.075898617506, 0.0087927877903, 0.0105443578213, 0.0172753147781, 0.0489129908383, 0.0564830042422, 0.0205888431519, 0.00279035465792, 0.00214360421523, 0.00145973579492, 0.00300401123241, 0.022428413853, 0.0342656075954, 0.0186091177166, 0.0110423853621, 0.027916027233, 0.13496632874],
        "stdev": [0.380176186562, 0.29313904047, 0.354630947113, 0.43586948514, 0.272356510162, 0.0172322709113, 0.00834413524717, 0.00703314412385, 0.01137202885, 0.047277867794, 0.174509629607, 0.21868160367, 0.3337700665, 0.243796780705, 0.299439609051, 0.245856136084, 0.201173231006, 0.274540841579, 0.369566380978, 0.144140407443, 0.0280726328492, 0.0184287559241, 0.0457032360137, 0.17223918438, 0.154374912381, 0.0278658941388, 0.00389725435525, 0.00475650839508, 0.00264425156638, 0.0109937302768, 0.102152690291, 0.173807054758, 0.073544755578, 0.022739244625, 0.0535603165627, 0.247953757644]
    },
    "chords_histogram": [0, 0, 0, 0, 0, 0, 0, 0, 0, 0, 0, 0, 0, 0, 0, 0, 0, 0, 0, 0, 0, 0, 0, 100],