{
"metadata": {
    "version": {
        "essentia": "2.1-beta5-dev"
    }
},
"lowLevel": {
    "average_loudness": 0.99068403244,
    "barkbands_kurtosis": {
        "mean": 9.68027973175,
        "stdev": 11.2165870667
    },
    "barkbands_skewness": {
        "mean": 1.92357051373,
        "stdev": 1.37696015835
    },
    "barkbands_spread": {
        "mean": 6.98613786697,
        "stdev": 5.24162960052
    },
    "dissonance": {
        "mean": 0.177346363664,
        "stdev": 0.0859289243817
    },
    "hfc": {
        "mean": 39.1464118958,
        "stdev": 32.6618690491
    },
    "pitch": {
        "mean": 303.043548584,
        "stdev": 385.539367676
    },
    "pitch_instantaneous_confidence": {
        "mean": 0.529030203819,
        "stdev": 0.187200203538
    },
    "pitch_salience": {
        "mean": 0.609688103199,
        "stdev": 0.0687441527843
    },
    "silence_rate_20dB": {
        "mean": 0.968503952026,
        "stdev": 0.174654215574
    },
    "silence_rate_30dB": {
        "mean": 0.393700778484,
        "stdev": 0.488570183516
    },
    "silence_rate_60dB": {
        "mean": 0.0314960628748,
        "stdev": 0.174654200673
    },
    "spectral_centroid": {
        "mean": 337.065216064,
        "stdev": 390.565307617
    },
    "spectral_complexity": {
        "mean": 9.19685077667,
        "stdev": 5.06343984604
    },
    "spectral_crest": {
        "mean": 8.05451011658,
        "stdev": 1.9885828495
    },
    "spectral_decrease": {
        "mean": -6.35606483002e-08,
        "stdev": 4.60324010021e-08
    },
    "spectral_energy": {
        "mean": 0.123848006129,
        "stdev": 0.0896997973323
    },
    "spectral_energyband_high": {
        "mean": 0.000660240126308,
        "stdev": 0.0012348460732
    },
    "spectral_energyband_low": {
        "mean": 0.047244399786,
        "stdev": 0.0455236025155
    },
    "spectral_energyband_middle_high": {
        "mean": 0.00486790249124,
        "stdev": 0.00638616271317
    },
    "spectral_energyband_middle_low": {
        "mean": 0.0849015787244,
        "stdev": 0.0686763226986
    },
    "spectral_flatness_db": {
        "mean": 0.23655501008,
        "stdev": 0.0708730742335
    },
    "spectral_flux": {
        "mean": 0.126708865166,
        "stdev": 0.070411413908
    },
    "spectral_kurtosis": {
        "mean": 28.4353580475,
        "stdev": 34.6972007751
    },
    "spectral_rms": {
        "mean": 0.0142940906808,
        "stdev": 0.00609081564471
    },
    "spectral_rolloff": {
        "mean": 506.284606934,
        "stdev": 802.952636719
    },
    "spectral_skewness": {
        "mean": 4.14722251892,
        "stdev": 2.411485672
    },
    "spectral_spread": {
        "mean": 10840209,
        "stdev": 9046274
    },
    "spectral_strongpeak": {
        "mean": 0.832303464413,
        "stdev": 0.701730072498
    },
    "zerocrossingrate": {
        "mean": 0.0258750617504,
        "stdev": 0.02090254426
    },
    "barkbands": {
        "mean": [0.00316206784919, 0.0129697127268, 0.0189322512597, 0.01784238033, 0.0246874596924, 0.021257089451, 0.00258773704991, 0.0159968063235, 0.000515812425874, 0.00304999295622, 0.000303036154946, 0.000187163139344, 0.000454142456874, 0.00081858766498, 0.000164489945746, 5.1987455663e-05, 3.54780531779e-05, 4.71228631795e-05, 8.28138872748e-05, 9.06254936126e-05, 0.00017738432507, 0.000134080226417, 4.50196530437e-05, 5.27071133547e-05, 8.55000907904e-05, 8.16289975774e-05, 3.13462187478e-05],
        "stdev": [0.0065584522672, 0.00994035135955, 0.0209694206715, 0.0240915473551, 0.0248127952218, 0.0204928182065, 0.00317181204446, 0.0155958626419, 0.000539642758667, 0.00446346681565, 0.000366471678717, 0.000207856588531, 0.000706125167198, 0.00133315764833, 0.000251485762419, 7.99310073489e-05, 5.17070584465e-05, 7.70121623646e-05, 0.000140203774208, 0.000157705653692, 0.000345447508153, 0.000212222730624, 7.97116299509e-05, 0.000116715345939, 0.000212275219383, 0.000221916940063, 9.45615538512e-05]
    },
    "mfcc": {
        "mean": [-630.218688965, 187.113967896, 47.2267608643, 21.9968624115, -10.2246894836, 15.6312580109, -2.89694643021, -11.5817642212, 1.44678163528, 6.32572460175, 10.5964975357, -4.09196996689, -6.72576284409],
        "stdev": [100.357925415, 49.831489563, 23.4317245483, 20.939125061, 10.2261018753, 9.63129425049, 7.61868095398, 9.32660388947, 6.95051765442, 6.04345417023, 5.48787260056, 9.88697624207, 12.7688360214]
    },
    "sccoeffs": {
        "mean": [-0.649128139019, -0.6096778512, -0.700458407402, -0.706606149673, -0.825013399124, -0.809381067753],
        "stdev": [0.0953209772706, 0.122749626637, 0.0810117721558, 0.0901416540146, 0.0360176600516, 0.0351578481495]
    },
    "scvalleys": {
        "mean": [-3.35149669647, -4.38845729828, -5.89674043655, -7.13143873215, -7.89295578003, -8.68974018097],
        "stdev": [0.784530162811, 0.800806283951, 0.795293867588, 1.07197535038, 1.33563518524, 1.46241128445]
    }
},
"rhythm": {
    "bpm": 114.843757629,
    "confidence": 0,
    "first_peak_bpm": {
        "mean": 115,
        "stdev": 0
    },
    "first_peak_spread": {
        "mean": 0,
        "stdev": 0
    },
    "first_peak_weight": {
        "mean": 1,
        "stdev": 0
    },
    "onset_rate": 4.11809587479,
    "second_peak_bpm": {
        "mean": 0,
        "stdev": 0
    },
    "second_peak_spread": {
        "mean": 0,
        "stdev": 0
    },
    "second_peak_weight": {
        "mean": 0,
        "stdev": 0
    }
},
"sfx": {
    "inharmonicity": {
        "mean": 0.0235091168433,
        "stdev": 0.0319661349058
    },
    "oddtoevenharmonicenergyratio": {
        "mean": 28.8774662018,
        "stdev": 157.764755249
    },
    "pitch_after_max_to_before_max_energy_ratio": 1.51396214962,
    "pitch_centroid": 62.2308044434,
    "pitch_max_to_total": 0,
    "pitch_min_to_total": 0.0472440943122,
    "tristimulus": {
        "mean": [0.425015747547, 0.415340811014, 0.159643396735],
        "stdev": [0.212067887187, 0.171881273389, 0.128745377064]
    }
},
"tonal": {
    "chords_changes_rate": 0,
    "chords_number_rate": 0.0303030312061,
    "chords_strength": {
        "mean": 0.375702261925,
        "stdev": 0.046014867723
    },
    "key_strength": 0.386638820171,
    "tuning_diatonic_strength": 0.309706419706,
    "tuning_equal_tempered_deviation": 0.0908948332071,
    "tuning_frequency": 439.745910645,
    "tuning_nontempered_energy_ratio": 0.661149024963,
    "hpcp": {
        "mean": [0.0620772466063, 0.119278311729, 0.299478501081, 0.348220080137, 0.165441974998, 0.0906383246183, 0.0748628750443, 0.0331158898771, 0.086124509573, 0.152721881866, 0.095495223999, 0.272032290697, 0.497065991163, 0.274137169123, 0.112761691213, 0.128477588296, 0.105159513652, 0.22134552896, 0.236148297787, 0.0916144326329, 0.0257706567645, 0.0128715634346, 0.0103139765561, 0.0285933986306, 0.0272289756685, 0.00946694146842, 0.00621477141976, 0.00682474765927, 0.00990101136267, 0.0104300165549, 0.00644375151023, 0.00509323133156, 0.0206879135221, 0.0497543141246, 0.0637056604028, 0.050266828388],
        "stdev": [0.150753051043, 0.190162241459, 0.349628210068, 0.372340172529, 0.160795241594, 0.20246617496, 0.218117639422, 0.0994782075286, 0.179701924324, 0.309687525034, 0.159801259637, 0.260717779398, 0.459991306067, 0.218002170324, 0.253595918417, 0.268014609814, 0.220423012972, 0.3272356987, 0.347507983446, 0.113911643624, 0.0637781918049, 0.0376070328057, 0.025108197704, 0.0670193731785, 0.0492179915309, 0.0103135472164, 0.0117778340355, 0.0172985196114, 0.0359669737518, 0.0275937505066, 0.0109938802198, 0.0102408183739, 0.0238870121539, 0.0854190587997, 0.186292618513, 0.134121865034]
    },
    "chords_histogram": [0, 100, 0, 0, 0, 0, 0, 0, 0, 0, 0, 0, 0, 0, 0, 0, 0, 0, 0, 0, 0, 0, 0, 0],