{
"metadata": {
    "version": {
        "essentia": "2.1-beta5-dev"
    }
},
"lowLevel": {
    "average_loudness": 0.99068403244,
    "barkbands_kurtosis": {
        "mean": 27.169303894,
        "stdev": 32.3589820862
    },
    "barkbands_skewness": {
        "mean": 3.20816969872,
        "stdev": 2.29256510735
    },
    "barkbands_spread": {
        "mean": 4.36938381195,
        "stdev": 3.11116313934
    },
    "dissonance": {
        "mean": 0.196513727307,
        "stdev": 0.105957314372
    },
    "hfc": {
        "mean": 52.5753898621,
        "stdev": 44.4775390625
    },
    "pitch": {
        "mean": 306.366760254,
        "stdev": 731.516601562
    },
    "pitch_instantaneous_confidence": {
        "mean": 0.403804451227,
        "stdev": 0.191873192787
    },
    "pitch_salience": {
        "mean": 0.616804301739,
        "stdev": 0.0754077285528
    },
    "silence_rate_20dB": {
        "mean": 0.821705400944,
        "stdev": 0.38276091218
    },
    "silence_rate_30dB": {
        "mean": 0.310077518225,
        "stdev": 0.4625248909
    },
    "silence_rate_60dB": {
        "mean": 0.0387596897781,
        "stdev": 0.193021684885
    },
    "spectral_centroid": {
        "mean": 243.190429688,
        "stdev": 94.6808242798
    },
    "spectral_complexity": {
        "mean": 8.42635631561,
        "stdev": 4.75569820404
    },
    "spectral_crest": {
        "mean": 10.8215036392,
        "stdev": 2.19571805
    },
    "spectral_decrease": {
        "mean": -9.96875897386e-08,
        "stdev": 7.22852675494e-08
    },
    "spectral_energy": {
        "mean": 0.193441212177,
        "stdev": 0.140732705593
    },
    "spectral_energyband_high": {
        "mean": 0.000504467461724,
        "stdev": 0.000893119547982
    },
    "spectral_energyband_low": {
        "mean": 0.0656897723675,
        "stdev": 0.0384218171239
    },
    "spectral_energyband_middle_high": {
        "mean": 0.0036125429906,
        "stdev": 0.00441472465172
    },
    "spectral_energyband_middle_low": {
        "mean": 0.143897071481,
        "stdev": 0.126016184688
    },
    "spectral_flatness_db": {
        "mean": 0.282685697079,
        "stdev": 0.0818232744932
    },
    "spectral_flux": {
        "mean": 0.136516019702,
        "stdev": 0.0889468193054
    },
    "spectral_kurtosis": {
        "mean": 50.2880401611,
        "stdev": 75.7247314453
    },
    "spectral_rms": {
        "mean": 0.0177147351205,
        "stdev": 0.00795404613018
    },
    "spectral_rolloff": {
        "mean": 343.195861816,
        "stdev": 145.86680603
    },
    "spectral_skewness": {
        "mean": 4.9596529007,
        "stdev": 3.74605894089
    },
    "spectral_spread": {
        "mean": 12701048,
        "stdev": 10514227
    },
    "spectral_strongpeak": {
        "mean": 0.899503290653,
        "stdev": 0.778798282146
    },
    "zerocrossingrate": {
        "mean": 0.0208938959986,
        "stdev": 0.0133381830528
    },
    "barkbands": {
        "mean": [0.00118562974967, 0.0102844312787, 0.0339735336602, 0.0343274734914, 0.068248540163, 0.00516601465642, 0.0276515278965, 0.00623576063663, 0.00221641361713, 9.34390991461e-05, 0.00018544512568, 0.00166164617985, 0.00119901890866, 0.000153654051246, 7.33574124752e-05, 0.00012678418716, 5.76391721552e-05, 2.47574844252e-05, 4.27571358159e-05, 5.42208399565e-05, 0.000109462249384, 0.000105130449811, 3.75827003154e-05, 4.57892019767e-05, 7.19023519196e-05, 7.3314527981e-05, 3.29895119648e-05],
        "stdev": [0.00263339816593, 0.00709813088179, 0.0219449643046, 0.0257002133876, 0.0741929709911, 0.00691001908854, 0.0304848738015, 0.0066256611608, 0.00307016004808, 0.000129285981529, 0.000274487189017, 0.00220059161074, 0.00166111078579, 0.000213158375118, 0.000135523965582, 0.000170132057974, 8.0670157331e-05, 5.06108517584e-05, 7.48469537939e-05, 0.000109839827928, 0.00020240136655, 0.000185676719411, 7.06465580151e-05, 9.03038526303e-05, 0.000132293498609, 0.00015087153588, 7.1221809776e-05]
    },
    "mfcc": {
        "mean": [-651.657836914, 196.277557373, 52.4546546936, 26.0632209778, 8.70139312744, 16.6949214935, -3.51472187042, -11.1671047211, -1.32373762131, -4.50912427902, 6.53877973557, 8.8339471817, 4.77115917206],
        "stdev": [106.727386475, 73.3882827759, 30.176071167, 24.4500026703, 14.2034463882, 9.36225414276, 12.7833566666, 10.9724559784, 9.31969070435, 7.41178655624, 7.98368883133, 11.5347652435, 5.85377931595]
    },
    "sccoeffs": {
        "mean": [-0.583100140095, -0.682286918163, -0.712749540806, -0.734344124794, -0.7859993577, -0.833328306675],
        "stdev": [0.111184708774, 0.117430090904, 0.115921966732, 0.0979732349515, 0.0590253770351, 0.0399661771953]
    },
    "scvalleys": {
        "mean": [-3.1361811161, -4.34716367722, -6.29716825485, -7.08997058868, -8.355509758, -8.86109733582],
        "stdev": [0.913477182388, 1.12240898609, 1.02536904812, 1.02297663689, 1.31111240387, 1.57750475407]
    }
},
"rhythm": {
    "bpm": 161.499038696,
    "confidence": 0,
    "first_peak_bpm": {
        "mean": 161,
        "stdev": 0
    },
    "first_peak_spread": {
        "mean": 0,
        "stdev": 0
    },
    "first_peak_weight": {
        "mean": 1,
        "stdev": 0
    },
    "onset_rate": 4.74441337585,
    "second_peak_bpm": {
        "mean": 0,
        "stdev": 0
    },
    "second_peak_spread": {
        "mean": 0,
        "stdev": 0
    },
    "second_peak_weight": {
        "mean": 0,
        "stdev": 0
    }
},
"sfx": {
    "inharmonicity": {
        "mean": 0.0414737798274,
        "stdev": 0.0387622825801
    },
    "oddtoevenharmonicenergyratio": {
        "mean": 6.16912269592,
        "stdev": 40.8825912476
    },
    "pitch_after_max_to_before_max_energy_ratio": 0.41668382287,
    "pitch_centroid": 42.7760848999,
    "pitch_max_to_total": 0.0542635656893,
    "pitch_min_to_total": 0.651162803173,
    "tristimulus": {
        "mean": [0.412630081177, 0.38067060709, 0.206699311733],
        "stdev": [0.274821937084, 0.213806822896, 0.220457673073]
    }
},
"tonal": {
    "chords_changes_rate": 0.0606060624123,
    "chords_number_rate": 0.0606060624123,
    "chords_strength": {
        "mean": 0.523535251617,
        "stdev": 0.0227353014052
    },
    "key_strength": 0.615487396717,
    "tuning_diatonic_strength": 0.461342394352,
    "tuning_equal_tempered_deviation": 0.105466753244,
    "tuning_frequency": 441.272583008,
    "tuning_nontempered_energy_ratio": 0.666544079781,
    "hpcp": {
        "mean": [0.158820033073, 0.0913640782237, 0.26035413146, 0.405164241791, 0.176470324397, 0.00265864212997, 0.000945485022385, 0.000761312956456, 0.00189541082364, 0.0168644804507, 0.0684558823705, 0.153778403997, 0.155989289284, 0.100360438228, 0.153566256166, 0.208580121398, 0.106272637844, 0.00670538144186, 0.00083955534501, 0.000871372467373, 0.00607430003583, 0.0100960750133, 0.014688802883, 0.0326638408005, 0.0285718869418, 0.00641937414184, 0.00930393207818, 0.0312759354711, 0.0548876263201, 0.255249917507, 0.312002360821, 0.0909923166037, 0.00483628176153, 0.00478379242122, 0.0245160702616, 0.119900561869],
        "stdev": [0.317726135254, 0.200349062681, 0.288362711668, 0.469238609076, 0.215491905808, 0.00579177169129, 0.00224861665629, 0.0015431502834, 0.00251771323383, 0.0750399902463, 0.199931994081, 0.290899664164, 0.282276600599, 0.208426475525, 0.240006327629, 0.296337068081, 0.197794362903, 0.0147872278467, 0.0019075688906, 0.00151237205137, 0.00924907438457, 0.0169037356973, 0.042103189975, 0.11064402014, 0.0724617168307, 0.00696752918884, 0.0494715534151, 0.171274021268, 0.15700943768, 0.297918021679, 0.373615562916, 0.111414246261, 0.0101576093584, 0.00965403672308, 0.0740513056517, 0.258015185595]
    },
    "chords_histogram": [87.8787841797, 12.1212120056, 0, 0, 0, 0, 0, 0, 0, 0, 0, 0, 0, 0, 0, 0, 0, 0, 0, 0, 0, 0, 0, 0],