{
"metadata": {
    "version": {
        "essentia": "2.1-beta5-dev"
    }
},
"lowLevel": {
    "average_loudness": 0.99068403244,
    "barkbands_kurtosis": {
        "mean": 20.8272647858,
        "stdev": 30.8447036743
    },
    "barkbands_skewness": {
        "mean": 2.85556101799,
        "stdev": 2.48191857338
    },
    "barkbands_spread": {
        "mean": 7.34198236465,
        "stdev": 6.28966522217
    },
    "dissonance": {
        "mean": 0.18940243125,
        "stdev": 0.120624184608
    },
    "hfc": {
        "mean": 43.5235099792,
        "stdev": 32.2312507629
    },
    "pitch": {
        "mean": 219.467376709,
        "stdev": 96.434753418
    },
    "pitch_instantaneous_confidence": {
        "mean": 0.425993531942,
        "stdev": 0.177017837763
    },
    "pitch_salience": {
        "mean": 0.580815136433,
        "stdev": 0.0840637683868
    },
    "silence_rate_20dB": {
        "mean": 0.875,
        "stdev": 0.330718904734
    },
    "silence_rate_30dB": {
        "mean": 0.296875,
        "stdev": 0.456880986691
    },
    "silence_rate_60dB": {
        "mean": 0.0859375,
        "stdev": 0.280271738768
    },
    "spectral_centroid": {
        "mean": 293.656585693,
        "stdev": 207.955154419
    },
    "spectral_complexity": {
        "mean": 9.65625,
        "stdev": 6.66196918488
    },
    "spectral_crest": {
        "mean": 10.2606954575,
        "stdev": 3.14556002617
    },
    "spectral_decrease": {
        "mean": -9.08178137138e-08,
        "stdev": 6.84377923221e-08
    },
    "spectral_energy": {
        "mean": 0.175832867622,
        "stdev": 0.131801113486
    },
    "spectral_energyband_high": {
        "mean": 0.000830945151392,
        "stdev": 0.00146022287663
    },
    "spectral_energyband_low": {
        "mean": 0.104630291462,
        "stdev": 0.0905121639371
    },
    "spectral_energyband_middle_high": {
        "mean": 0.00424495525658,
        "stdev": 0.0062595368363
    },
    "spectral_energyband_middle_low": {
        "mean": 0.0867430567741,
        "stdev": 0.0703044608235
    },
    "spectral_flatness_db": {
        "mean": 0.266230762005,
        "stdev": 0.11621196568
    },
    "spectral_flux": {
        "mean": 0.150109112263,
        "stdev": 0.109053820372
    },
    "spectral_kurtosis": {
        "mean": 68.5734558105,
        "stdev": 97.2842330933
    },
    "spectral_rms": {
        "mean": 0.0168908014894,
        "stdev": 0.00757990824059
    },
    "spectral_rolloff": {
        "mean": 376.15814209,
        "stdev": 237.017166138
    },
    "spectral_skewness": {
        "mean": 5.39268541336,
        "stdev": 4.52268457413
    },
    "spectral_spread": {
        "mean": 13650158,
        "stdev": 11799239
    },
    "spectral_strongpeak": {
        "mean": 0.59169960022,
        "stdev": 0.60361635685
    },
    "zerocrossingrate": {
        "mean": 0.0253143310547,
        "stdev": 0.0220966488123
    },
    "barkbands": {
        "mean": [0.00785437226295, 0.0324950031936, 0.0441335961223, 0.0268671419472, 0.0145247932523, 0.0248147789389, 0.00795323494822, 0.00884655211121, 0.00241304398514, 0.00168847083114, 0.00100961921271, 0.000290815427434, 0.000634739524685, 0.0007035547751, 0.000330554845277, 0.000143342156662, 6.98431249475e-05, 4.37741400674e-05, 0.000132820176077, 0.000109099455585, 0.000194025284145, 0.000187557001482, 6.55077310512e-05, 7.35387657187e-05, 0.000107014784589, 0.000100896737422, 4.08203595725e-05],
        "stdev": [0.0146445892751, 0.0280722826719, 0.0399751700461, 0.0243235267699, 0.0175333768129, 0.0338903293014, 0.0101554943249, 0.016537450254, 0.00298889400437, 0.00326866656542, 0.00220085959882, 0.000569656898733, 0.00112292217091, 0.000936449039727, 0.000571097189095, 0.00029846795951, 0.000167749836692, 0.000106378618511, 0.000242493159021, 0.000248784403084, 0.000364968378562, 0.000348566041794, 0.000118617143016, 0.000128168234369, 0.000178188158316, 0.000177791938768, 7.63082134654e-05]
    },
    "mfcc": {
        "mean": [-647.615905762, 195.671585083, 42.3234405518, 25.092212677, 10.545003891, 14.9199934006, -1.43811762333, -7.26742601395, 5.87766265869, 4.34033679962, 5.35477685928, 0.36535564065, -1.73934578896],
        "stdev": [113.142250061, 85.3765640259, 32.5410842896, 25.5910167694, 20.4671955109, 11.8383684158, 10.7809419632, 9.22811412811, 7.92535686493, 8.03582286835, 8.18744277954, 9.43759059906, 11.4055576324]
    },
    "sccoeffs": {
        "mean": [-0.594985723495, -0.660590052605, -0.700565636158, -0.701171338558, -0.772091090679, -0.82894808054],
        "stdev": [0.124900713563, 0.123648613691, 0.118850968778, 0.122508823872, 0.0616266466677, 0.0497012250125]
    },
    "scvalleys": {
        "mean": [-3.28630018234, -4.50217819214, -6.41282367706, -7.13841867447, -8.34694099426, -8.96951293945],
        "stdev": [0.850054204464, 1.15623259544, 0.987698018551, 1.15304756165, 1.5481774807, 1.89392054081]
    }
},
"rhythm": {
    "bpm": 156.605117798,
    "confidence": 0,
    "first_peak_bpm": {
        "mean": 157,
        "stdev": 0
    },
    "first_peak_spread": {
        "mean": 0.5,
        "stdev": 0
    },
    "first_peak_weight": {
        "mean": 0.5,
        "stdev": 0
    },
    "onset_rate": 3.40067839622,
    "second_peak_bpm": {
        "mean": 0,
        "stdev": 0
    },
    "second_peak_spread": {
        "mean": 0,
        "stdev": 0
    },
    "second_peak_weight": {
        "mean": 0,
        "stdev": 0
    }
},
"sfx": {
    "inharmonicity": {
        "mean": 0.034302521497,
        "stdev": 0.0419381707907
    },
    "oddtoevenharmonicenergyratio": {
        "mean": 4.30498504639,
        "stdev": 22.511133194
    },
    "pitch_after_max_to_before_max_energy_ratio": 0.0568612478673,
    "pitch_centroid": 59.9907417297,
    "pitch_max_to_total": 0.9921875,
    "pitch_min_to_total": 0.578125,
    "tristimulus": {
        "mean": [0.401405185461, 0.393435746431, 0.205159202218],
        "stdev": [0.285106688738, 0.240143582225, 0.203883945942]
    }
},
"tonal": {
    "chords_changes_rate": 0.0606060624123,
    "chords_number_rate": 0.0606060624123,
    "chords_strength": {
        "mean": 0.406240075827,
        "stdev": 0.0216109454632
    },
    "key_strength": 0.295628756285,
    "tuning_diatonic_strength": 0.314356386662,
    "tuning_equal_tempered_deviation": 0.108014218509,
    "tuning_frequency": 436.204162598,
    "tuning_nontempered_energy_ratio": 0.68782556057,
    "hpcp": {
        "mean": [0.461814254522, 0.298631042242, 0.0948570743203, 0.0693106129766, 0.0454315729439, 0.056892901659, 0.090692691505, 0.0702178701758, 0.07206825912, 0.127345845103, 0.0958725735545, 0.0344020351768, 0.0153088122606, 0.0208976268768, 0.0396956801414, 0.0481751747429, 0.0393970124424, 0.232958316803, 0.553741812706, 0.361905425787, 0.0388125367463, 0.03282045573, 0.0434170924127, 0.0696765929461, 0.0606818906963, 0.0175213702023, 0.00650171888992, 0.0061203353107, 0.00572478305548, 0.0171102341264, 0.0547727905214, 0.0830855742097, 0.0633841976523, 0.0314530655742, 0.0287782978266, 0.232428520918],
        "stdev": [0.472903907299, 0.324778586626, 0.222475230694, 0.200818777084, 0.100786916912, 0.117109969258, 0.241983696818, 0.163296446204, 0.127827957273, 0.28557485342, 0.214160814881, 0.108813591301, 0.0399085506797, 0.102819919586, 0.130702704191, 0.160318136215, 0.0981385558844, 0.168705493212, 0.385004878044, 0.26968473196, 0.0497132577002, 0.0693994835019, 0.122570201755, 0.211379989982, 0.174276277423, 0.0427127406001, 0.0166959352791, 0.0119614303112, 0.0119204921648, 0.0324738323689, 0.0947378948331, 0.199882149696, 0.220039695501, 0.0885253474116, 0.08170709759, 0.283850908279]
    },
    "chords_histogram": [0, 0, 0, 0, 0, 0, 0, 0, 0, 0, 0, 0, 0, 0, 0, 0, 0, 0, 0, 0, 0, 0, 12.1212120056, 87.8787841797],