{
"metadata": {
    "version": {
        "essentia": "2.1-beta5-dev"
    }
},
"lowLevel": {
    "average_loudness": 0.99068403244,
    "barkbands_kurtosis": {
        "mean": 28.9925918579,
        "stdev": 26.013879776
    },
    "barkbands_skewness": {
        "mean": 3.76475811005,
        "stdev": 1.97213149071
    },
    "barkbands_spread": {
        "mean": 10.529706955,
        "stdev": 15.9318351746
    },
    "dissonance": {
        "mean": 0.248044759035,
        "stdev": 0.102671943605
    },
    "hfc": {
        "mean": 45.7534866333,
        "stdev": 35.1017913818
    },
    "pitch": {
        "mean": 486.672637939,
        "stdev": 1160.90771484
    },
    "pitch_instantaneous_confidence": {
        "mean": 0.336548894644,
        "stdev": 0.16588459909
    },
    "pitch_salience": {
        "mean": 0.627975523472,
        "stdev": 0.0969155654311
    },
    "silence_rate_20dB": {
        "mean": 0.834586441517,
        "stdev": 0.371553301811
    },
    "silence_rate_30dB": {
        "mean": 0.2932330966,
        "stdev": 0.45524418354
    },
    "silence_rate_60dB": {
        "mean": 0.00751879718155,
        "stdev": 0.0863844007254
    },
    "spectral_centroid": {
        "mean": 387.465087891,
        "stdev": 514.524536133
    },
    "spectral_complexity": {
        "mean": 10.774435997,
        "stdev": 6.36911869049
    },
    "spectral_crest": {
        "mean": 9.96146202087,
        "stdev": 2.72482728958
    },
    "spectral_decrease": {
        "mean": -9.31065713417e-08,
        "stdev": 8.17996834712e-08
    },
    "spectral_energy": {
        "mean": 0.180367022753,
        "stdev": 0.15672595799
    },
    "spectral_energyband_high": {
        "mean": 0.00191707315389,
        "stdev": 0.00273071508855
    },
    "spectral_energyband_low": {
        "mean": 0.105123601854,
        "stdev": 0.146755203605
    },
    "spectral_energyband_middle_high": {
        "mean": 0.00217097718269,
        "stdev": 0.00259317969903
    },
    "spectral_energyband_middle_low": {
        "mean": 0.0946151167154,
        "stdev": 0.071827121079
    },
    "spectral_flatness_db": {
        "mean": 0.215297743678,
        "stdev": 0.0744964778423
    },
    "spectral_flux": {
        "mean": 0.180362761021,
        "stdev": 0.121568202972
    },
    "spectral_kurtosis": {
        "mean": 7.28976726532,
        "stdev": 10.4013614655
    },
    "spectral_rms": {
        "mean": 0.0170365385711,
        "stdev": 0.00783255882561
    },
    "spectral_rolloff": {
        "mean": 630.453857422,
        "stdev": 1447.87475586
    },
    "spectral_skewness": {
        "mean": 2.3646402359,
        "stdev": 1.33384513855
    },
    "spectral_spread": {
        "mean": 20383574,
        "stdev": 10074175
    },
    "spectral_strongpeak": {
        "mean": 0.559627115726,
        "stdev": 0.48379945755
    },
    "zerocrossingrate": {
        "mean": 0.0381960757077,
        "stdev": 0.0354860685766
    },
    "barkbands": {
        "mean": [0.00746549200267, 0.0326046347618, 0.0417317301035, 0.0487502999604, 0.027619574219, 0.00434529641643, 0.0107823526487, 0.00239531509578, 0.000305537716486, 0.000474884087453, 0.00081751687685, 0.000370155496057, 0.00016094201419, 0.000140135627589, 4.76237109979e-05, 7.11841785233e-05, 6.03479384154e-05, 6.42689337838e-05, 0.000151708751218, 0.000190006147022, 0.000429170351708, 0.000382660655305, 0.000153057932039, 0.000158163820743, 0.000290249212412, 0.000276191072771, 0.000116217364848],
        "stdev": [0.0153266545385, 0.0503825396299, 0.0639560893178, 0.0434644259512, 0.034557454288, 0.00555532984436, 0.010708514601, 0.00301778293215, 0.000433372042608, 0.00046271822066, 0.00142134656198, 0.000588150578551, 0.000284186098725, 0.00023647195485, 8.40315406094e-05, 0.000130403524963, 9.58299715421e-05, 0.000116090566735, 0.000223174123676, 0.000374674040359, 0.00064732861938, 0.000550998025574, 0.000215623251279, 0.000257430277998, 0.000484312535264, 0.000491275161039, 0.000208336525247]
    },
    "mfcc": {
        "mean": [-597.692016602, 139.506134033, 69.7225112915, 35.8484458923, -8.90383243561, 14.6253499985, 6.37511396408, -5.26282215118, -0.38746163249, -5.56824159622, 1.45550870895, -1.64698529243, 4.27051210403],
        "stdev": [73.2472457886, 43.1300430298, 19.5310325623, 18.4630870819, 14.032453537, 8.99369239807, 7.55644750595, 9.17612171173, 11.671705246, 10.6700115204, 11.3978853226, 8.40606212616, 6.8440413475]
    },
    "sccoeffs": {
        "mean": [-0.562500357628, -0.705259263515, -0.757943868637, -0.776066362858, -0.808208584785, -0.805367290974],
        "stdev": [0.15186548233, 0.0964092686772, 0.0601940266788, 0.0504590757191, 0.0290904510766, 0.0282486658543]
    },
    "scvalleys": {
        "mean": [-3.21080470085, -4.38184022903, -5.85934066772, -7.00131320953, -7.3829240799, -7.59619855881],
        "stdev": [0.74717259407, 0.734583795071, 0.667056322098, 0.808439731598, 0.950280845165, 0.985735476017]
    }
},
"rhythm": {
    "bpm": 151.999084473,
    "confidence": 0,
    "first_peak_bpm": {
        "mean": 152,
        "stdev": 0
    },
    "first_peak_spread": {
        "mean": 0,
        "stdev": 0
    },
    "first_peak_weight": {
        "mean": 1,
        "stdev": 0
    },
    "onset_rate": 5.25782394409,
    "second_peak_bpm": {
        "mean": 0,
        "stdev": 0
    },
    "second_peak_spread": {
        "mean": 0,
        "stdev": 0
    },
    "second_peak_weight": {
        "mean": 0,
        "stdev": 0
    }
},
"sfx": {
    "inharmonicity": {
        "mean": 0.0505440756679,
        "stdev": 0.0521981529891
    },
    "oddtoevenharmonicenergyratio": {
        "mean": 8.55285167694,
        "stdev": 35.1011199951
    },
    "pitch_after_max_to_before_max_energy_ratio": 2.07932543755,
    "pitch_centroid": 71.4536056519,
    "pitch_max_to_total": 0.503759384155,
    "pitch_min_to_total": 0.939849615097,
    "tristimulus": {
        "mean": [0.361237347126, 0.406263411045, 0.232499271631],
        "stdev": [0.309893876314, 0.263515859842, 0.245919048786]
    }
},
"tonal": {
    "chords_changes_rate": 0,
    "chords_number_rate": 0.0294117648154,
    "chords_strength": {
        "mean": 0.594794929028,
        "stdev": 0.0521076731384
    },
    "key_strength": 0.711887538433,
    "tuning_diatonic_strength": 0.601290345192,
    "tuning_equal_tempered_deviation": 0.084474042058,
    "tuning_frequency": 438.731048584,
    "tuning_nontempered_energy_ratio": 0.667494773865,
    "hpcp": {
        "mean": [0.133441478014, 0.0704454109073, 0.0365071929991, 0.056330293417, 0.054705105722, 0.0510585419834, 0.0454715415835, 0.0783813372254, 0.108249008656, 0.0828342586756, 0.0405755490065, 0.00996203068644, 0.0219500735402, 0.0495402440429, 0.158763512969, 0.284420102835, 0.176918283105, 0.0386726036668, 0.0353520363569, 0.0223803296685, 0.0280808471143, 0.0521182790399, 0.0507594645023, 0.0970432087779, 0.0982341989875, 0.0283857937902, 0.00730400439352, 0.00401367712766, 0.0615436248481, 0.325309097767, 0.500101864338, 0.245031863451, 0.0375852622092, 0.0645074248314, 0.0538724623621, 0.0889809653163],
        "stdev": [0.299840003252, 0.135600700974, 0.0477361902595, 0.0675142556429, 0.0990948975086, 0.175491258502, 0.130399271846, 0.213682979345, 0.245028972626, 0.155018106103, 0.100444115698, 0.0227481685579, 0.117233477533, 0.168860301375, 0.276469856501, 0.413011699915, 0.293300449848, 0.0578382089734, 0.0835146531463, 0.0523646958172, 0.048619247973, 0.112471558154, 0.127255529165, 0.251099616289, 0.241211161017, 0.0679636001587, 0.0264883339405, 0.00879928097129, 0.129166170955, 0.302424490452, 0.444913029671, 0.248626187444, 0.0980059877038, 0.234616607428, 0.171458244324, 0.192755252123]
    },
    "chords_histogram": [100, 0, 0, 0, 0, 0, 0, 0, 0, 0, 0, 0, 0, 0, 0, 0, 0, 0, 0, 0, 0, 0, 0, 0],