{
"metadata": {
    "version": {
        "essentia": "2.1-beta5-dev"
    }
},
"lowLevel": {
    "average_loudness": 0.99068403244,
    "barkbands_kurtosis": {
        "mean": 17.418888092,
        "stdev": 18.5005092621
    },
    "barkbands_skewness": {
        "mean": 2.39681434631,
        "stdev": 1.74654221535
    },
    "barkbands_spread": {
        "mean": 6.30082702637,
        "stdev": 6.75960540771
    },
    "dissonance": {
        "mean": 0.172724887729,
        "stdev": 0.114064715803
    },
    "hfc": {
        "mean": 61.8431129456,
        "stdev": 54.4941825867
    },
    "pitch": {
        "mean": 218.010955811,
        "stdev": 101.611503601
    },
    "pitch_instantaneous_confidence": {
        "mean": 0.490386426449,
        "stdev": 0.254828929901
    },
    "pitch_salience": {
        "mean": 0.597948372364,
        "stdev": 0.0752476751804
    },
    "silence_rate_20dB": {
        "mean": 0.796875,
        "stdev": 0.402324795723
    },
    "silence_rate_30dB": {
        "mean": 0.2734375,
        "stdev": 0.445723503828
    },
    "silence_rate_60dB": {
        "mean": 0.0078125,
        "stdev": 0.0880424007773
    },
    "spectral_centroid": {
        "mean": 293.185333252,
        "stdev": 186.352355957
    },
    "spectral_complexity": {
        "mean": 8.75,
        "stdev": 5.79466342926
    },
    "spectral_crest": {
        "mean": 12.3397722244,
        "stdev": 3.09600138664
    },
    "spectral_decrease": {
        "mean": -1.05937395745e-07,
        "stdev": 7.63036851481e-08
    },
    "spectral_energy": {
        "mean": 0.206110373139,
        "stdev": 0.148329243064
    },
    "spectral_energyband_high": {
        "mean": 0.000624492764473,
        "stdev": 0.00135047943331
    },
    "spectral_energyband_low": {
        "mean": 0.0787155330181,
        "stdev": 0.0818312391639
    },
    "spectral_energyband_middle_high": {
        "mean": 0.0063252504915,
        "stdev": 0.014548282139
    },
    "spectral_energyband_middle_low": {
        "mean": 0.145364195108,
        "stdev": 0.11169295013
    },
    "spectral_flatness_db": {
        "mean": 0.286018818617,
        "stdev": 0.11384613812
    },
    "spectral_flux": {
        "mean": 0.114612802863,
        "stdev": 0.124890014529
    },
    "spectral_kurtosis": {
        "mean": 60.903213501,
        "stdev": 90.058303833
    },
    "spectral_rms": {
        "mean": 0.0187158361077,
        "stdev": 0.00717579619959
    },
    "spectral_rolloff": {
        "mean": 398.700714111,
        "stdev": 263.630401611
    },
    "spectral_skewness": {
        "mean": 5.48642206192,
        "stdev": 4.1376914978
    },
    "spectral_spread": {
        "mean": 10497272,
        "stdev": 9946783
    },
    "spectral_strongpeak": {
        "mean": 1.14752626419,
        "stdev": 1.15381836891
    },
    "zerocrossingrate": {
        "mean": 0.022087097168,
        "stdev": 0.0197502169758
    },
    "barkbands": {
        "mean": [0.00265321135521, 0.0193850696087, 0.0319623947144, 0.0516396760941, 0.012358976528, 0.048903580755, 0.00971839856356, 0.00765319494531, 0.0144375022501, 0.00100191915408, 0.00248600635678, 0.000593837467022, 0.000732784043066, 0.000988110317849, 0.000635035918094, 8.54852769407e-05, 7.71041086409e-05, 4.67060490337e-05, 8.3012637333e-05, 9.72270281636e-05, 0.000157451679115, 0.000119303054817, 4.51040286862e-05, 5.46421033505e-05, 8.51154909469e-05, 7.4037219747e-05, 3.24917564285e-05],
        "stdev": [0.00385319814086, 0.0166644454002, 0.0384078361094, 0.06338070333, 0.0126044396311, 0.0633577108383, 0.015535119921, 0.0161792058498, 0.0252331867814, 0.00270666996948, 0.00691260769963, 0.00200668466277, 0.00220315507613, 0.00221643247642, 0.00134978350252, 0.000289614923531, 0.000264472968411, 9.7993935924e-05, 0.000258531799773, 0.000234714214457, 0.000370246794773, 0.000253801117651, 9.29208763409e-05, 0.000120815682749, 0.000201187780476, 0.000184828866622, 8.1916587078e-05]
    },
    "mfcc": {
        "mean": [-641.877990723, 201.675292969, 44.4349822998, 20.278377533, 4.41780614853, 20.8315029144, 3.17982149124, -4.46377849579, 5.01950740814, 1.3904914856, 2.42506480217, -4.33430624008, -4.08742284775],
        "stdev": [98.5224075317, 70.5512390137, 22.9598808289, 27.5301532745, 12.6222963333, 13.9460849762, 13.5233764648, 10.271229744, 7.78919935226, 9.80780220032, 12.0606546402, 9.25614929199, 10.8200330734]
    },
    "sccoeffs": {
        "mean": [-0.512593507767, -0.565960288048, -0.620197474957, -0.684139668941, -0.802450656891, -0.829536557198],
        "stdev": [0.116824574769, 0.230603203177, 0.201715454459, 0.137396007776, 0.0483904071152, 0.0410386808217]
    },
    "scvalleys": {
        "mean": [-3.47504520416, -4.75993776321, -6.35720539093, -7.21112346649, -8.22305107117, -8.87634277344],
        "stdev": [0.602397441864, 0.790940344334, 1.18465638161, 0.980205774307, 1.3653254509, 1.56788694859]
    }
},
"rhythm": {
    "bpm": 161.499038696,
    "confidence": 0,
    "first_peak_bpm": {
        "mean": 161,
        "stdev": 0
    },
    "first_peak_spread": {
        "mean": 0,
        "stdev": 0
    },
    "first_peak_weight": {
        "mean": 1,
        "stdev": 0
    },
    "onset_rate": 4.78226518631,
    "second_peak_bpm": {
        "mean": 0,
        "stdev": 0
    },
    "second_peak_spread": {
        "mean": 0,
        "stdev": 0
    },
    "second_peak_weight": {
        "mean": 0,
        "stdev": 0
    }
},
"sfx": {
    "inharmonicity": {
        "mean": 0.0430824197829,
        "stdev": 0.0965499058366
    },
    "oddtoevenharmonicenergyratio": {
        "mean": 20.070432663,
        "stdev": 126.668807983
    },
    "pitch_after_max_to_before_max_energy_ratio": 7.49639463425,
    "pitch_centroid": 66.4191741943,
    "pitch_max_to_total": 0.03125,
    "pitch_min_to_total": 0.1015625,
    "tristimulus": {
        "mean": [0.407328158617, 0.360011041164, 0.224848270416],
        "stdev": [0.26442527771, 0.207172259688, 0.201280161738]
    }
},
"tonal": {
    "chords_changes_rate": 0,
    "chords_number_rate": 0.0303030312061,
    "chords_strength": {
        "mean": 0.403798431158,
        "stdev": 0.0330366306007
    },
    "key_strength": 0.592724025249,
    "tuning_diatonic_strength": 0.43183735013,
    "tuning_equal_tempered_deviation": 0.107120968401,
    "tuning_frequency": 437.718536377,
    "tuning_nontempered_energy_ratio": 0.65500074625,
    "hpcp": {
        "mean": [0.0174356568605, 0.0167757216841, 0.0253689270467, 0.0262517035007, 0.0235224962234, 0.0401396341622, 0.056149546057, 0.0793866291642, 0.197395592928, 0.262351512909, 0.132999569178, 0.0353929810226, 0.0158138424158, 0.00379880005494, 0.00305626355112, 0.00189152546227, 0.0162100624293, 0.112583518028, 0.204625189304, 0.131133049726, 0.0312915444374, 0.0370624177158, 0.0628245547414, 0.343117326498, 0.607063412666, 0.303488940001, 0.00908009242266, 0.00302102579735, 0.00579034723341, 0.0179605167359, 0.018509445712, 0.00972113292664, 0.00866340007633, 0.00687007466331, 0.00317106791772, 0.00802455376834],
        "stdev": [0.0233445502818, 0.0290158241987, 0.0953856110573, 0.0928454399109, 0.0664454102516, 0.11475892365, 0.170891821384, 0.241930946708, 0.25612783432, 0.323481380939, 0.180555820465, 0.171333670616, 0.0720838084817, 0.0139846587554, 0.00924532394856, 0.00430230237544, 0.0621559992433, 0.21872779727, 0.366758286953, 0.258266091347, 0.12761887908, 0.107012055814, 0.159240290523, 0.283708035946, 0.481357544661, 0.24249073863, 0.0246861632913, 0.012169518508, 0.0161819159985, 0.0363552011549, 0.031607106328, 0.0265581272542, 0.0399984307587, 0.0313764773309, 0.0101803690195, 0.00862604286522]
    },
    "chords_histogram": [100, 0, 0, 0, 0, 0, 0, 0, 0, 0, 0, 0, 0, 0, 0, 0, 0, 0, 0, 0, 0, 0, 0, 0],