{
"metadata": {
    "version": {
        "essentia": "2.1-beta5-dev"
    }
},
"lowLevel": {
    "average_loudness": 0.99068403244,
    "barkbands_kurtosis": {
        "mean": 33.6839675903,
        "stdev": 37.6461753845
    },
    "barkbands_skewness": {
        "mean": 3.74667882919,
        "stdev": 2.35980987549
    },
    "barkbands_spread": {
        "mean": 6.62115430832,
        "stdev": 6.95362949371
    },
    "dissonance": {
        "mean": 0.233978569508,
        "stdev": 0.113934136927
    },
    "hfc": {
        "mean": 31.9818820953,
        "stdev": 33.9060554504
    },
    "pitch": {
        "mean": 440.124633789,
        "stdev": 1101.38659668
    },
    "pitch_instantaneous_confidence": {
        "mean": 0.400509476662,
        "stdev": 0.198812931776
    },
    "pitch_salience": {
        "mean": 0.586381673813,
        "stdev": 0.0920838192105
    },
    "silence_rate_20dB": {
        "mean": 0.992366433144,
        "stdev": 0.0870363488793
    },
    "silence_rate_30dB": {
        "mean": 0.465648859739,
        "stdev": 0.498818963766
    },
    "silence_rate_60dB": {
        "mean": 0.0152671756223,
        "stdev": 0.122613631189
    },
    "spectral_centroid": {
        "mean": 237.062545776,
        "stdev": 170.673706055
    },
    "spectral_complexity": {
        "mean": 8.66412258148,
        "stdev": 5.72474384308
    },
    "spectral_crest": {
        "mean": 9.57788467407,
        "stdev": 2.7652785778
    },
    "spectral_decrease": {
        "mean": -6.78834197743e-08,
        "stdev": 4.13495229168e-08
    },
    "spectral_energy": {
        "mean": 0.131379589438,
        "stdev": 0.0806773379445
    },
    "spectral_energyband_high": {
        "mean": 0.000800768379122,
        "stdev": 0.00146168575156
    },
    "spectral_energyband_low": {
        "mean": 0.0640336573124,
        "stdev": 0.0441025756299
    },
    "spectral_energyband_middle_high": {
        "mean": 0.00404705712572,
        "stdev": 0.00908829644322
    },
    "spectral_energyband_middle_low": {
        "mean": 0.072866730392,
        "stdev": 0.0627403184772
    },
    "spectral_flatness_db": {
        "mean": 0.246036157012,
        "stdev": 0.0767382606864
    },
    "spectral_flux": {
        "mean": 0.155245944858,
        "stdev": 0.0765644982457
    },
    "spectral_kurtosis": {
        "mean": 13.5831460953,
        "stdev": 19.1979446411
    },
    "spectral_rms": {
        "mean": 0.0150650795549,
        "stdev": 0.00539850862697
    },
    "spectral_rolloff": {
        "mean": 317.573638916,
        "stdev": 394.291503906
    },
    "spectral_skewness": {
        "mean": 2.99786877632,
        "stdev": 1.68484735489
    },
    "spectral_spread": {
        "mean": 15502181,
        "stdev": 10202646
    },
    "spectral_strongpeak": {
        "mean": 0.442050516605,
        "stdev": 0.479813665152
    },
    "zerocrossingrate": {
        "mean": 0.0255844462663,
        "stdev": 0.0235788486898
    },
    "barkbands": {
        "mean": [0.00856153387576, 0.0237009190023, 0.0217680707574, 0.032142713666, 0.0229474995285, 0.00411077961326, 0.0113330679014, 0.00103184615728, 0.000383867620258, 0.00110579712782, 0.0015132992994, 0.000451217609225, 0.000450316321803, 0.000544689653907, 0.00010894658044, 0.000125433711219, 5.23118796991e-05, 6.54514733469e-05, 0.000118927557196, 0.000121772172861, 0.000180696166353, 0.000197310990188, 5.70730881009e-05, 6.36227778159e-05, 9.75577859208e-05, 9.85153965303e-05, 4.25142607128e-05],
        "stdev": [0.00970829091966, 0.0157392416149, 0.0194231774658, 0.0267654266208, 0.0232677776366, 0.0068256855011, 0.0136328330263, 0.00292838714086, 0.000709977874067, 0.00308865588158, 0.00313511746936, 0.000876474543475, 0.0016035202425, 0.00120024697389, 0.000204814961762, 0.000474964821478, 0.000167574704392, 0.00024188371026, 0.000293988297926, 0.000231230122154, 0.000348024943378, 0.000361234997399, 0.000105795988929, 0.000115597315016, 0.000201651986572, 0.000215480933548, 9.93679786916e-05]
    },
    "mfcc": {
        "mean": [-633.545654297, 153.733825684, 58.952922821, 34.067779541, -0.108414337039, 27.6621932983, 10.5949478149, -2.32939076424, 4.49623918533, 1.04435098171, -0.366672694683, -7.59898710251, 1.99436235428],
        "stdev": [83.6887588501, 51.476978302, 30.1119937897, 23.2446842194, 13.2533769608, 9.5353679657, 9.27069091797, 12.3895587921, 12.6486129761, 10.6292877197, 10.476064682, 6.37148189545, 6.61601257324]
    },
    "sccoeffs": {
        "mean": [-0.589641332626, -0.660344481468, -0.73592954874, -0.767451405525, -0.813861846924, -0.808938682079],
        "stdev": [0.115036793053, 0.142748594284, 0.0820711255074, 0.0778571143746, 0.0289476122707, 0.0360698923469]
    },
    "scvalleys": {
        "mean": [-3.25650668144, -5.15512371063, -6.08346223831, -7.10078954697, -7.77402973175, -8.19793510437],
        "stdev": [0.7887108922, 0.811543166637, 1.05181086063, 1.02344334126, 1.04259300232, 0.963536500931]
    }
},
"rhythm": {
    "bpm": 156.605117798,
    "confidence": 0,
    "first_peak_bpm": {
        "mean": 157,
        "stdev": 0
    },
    "first_peak_spread": {
        "mean": 0.5,
        "stdev": 0
    },
    "first_peak_weight": {
        "mean": 0.5,
        "stdev": 0
    },
    "onset_rate": 5.33293056488,
    "second_peak_bpm": {
        "mean": 0,
        "stdev": 0
    },
    "second_peak_spread": {
        "mean": 0,
        "stdev": 0
    },
    "second_peak_weight": {
        "mean": 0,
        "stdev": 0
    }
},
"sfx": {
    "inharmonicity": {
        "mean": 0.0455905124545,
        "stdev": 0.0462946332991
    },
    "oddtoevenharmonicenergyratio": {
        "mean": 2.85241818428,
        "stdev": 14.1090269089
    },
    "pitch_after_max_to_before_max_energy_ratio": 1.07086551189,
    "pitch_centroid": 39.1297149658,
    "pitch_max_to_total": 0.0458015277982,
    "pitch_min_to_total": 0.938931286335,
    "tristimulus": {
        "mean": [0.348627924919, 0.333276689053, 0.318095445633],
        "stdev": [0.276783496141, 0.192413076758, 0.277060925961]
    }
},
"tonal": {
    "chords_changes_rate": 0.0588235296309,
    "chords_number_rate": 0.088235296309,
    "chords_strength": {
        "mean": 0.419889986515,
        "stdev": 0.0553822331131
    },
    "key_strength": 0.444250971079,
    "tuning_diatonic_strength": 0.53701454401,
    "tuning_equal_tempered_deviation": 0.158316701651,
    "tuning_frequency": 438.731048584,
    "tuning_nontempered_energy_ratio": 0.729435801506,
    "hpcp": {
        "mean": [0.424250841141, 0.159163445234, 0.0233584232628, 0.0191341992468, 0.0141722513363, 0.0137478588149, 0.0157727152109, 0.0122320577502, 0.00551266595721, 0.00457241479307, 0.00563304126263, 0.005652197171, 0.0211488902569, 0.0307519435883, 0.0208411011845, 0.0197390690446, 0.0205603465438, 0.0173852741718, 0.0126462969929, 0.0079246237874, 0.0100746955723, 0.0108145605773, 0.0232098381966, 0.0832497924566, 0.0798919126391, 0.0363396704197, 0.0887676402926, 0.12121360749, 0.093695782125, 0.299008637667, 0.568898081779, 0.361250340939, 0.0873653069139, 0.0685706734657, 0.0884508043528, 0.333500236273],
        "stdev": [0.476063489914, 0.217648297548, 0.0538697876036, 0.0493518300354, 0.031827326864, 0.0291950032115, 0.0230437815189, 0.0311309304088, 0.0179122257978, 0.0131154758856, 0.0164971575141, 0.0166565123945, 0.0936681106687, 0.127508193254, 0.0486729666591, 0.0217851083726, 0.0330375805497, 0.0417077057064, 0.0327340178192, 0.0240765046328, 0.0169667676091, 0.016471164301, 0.0434907898307, 0.213823243976, 0.199705198407, 0.0659443512559, 0.206259399652, 0.278190582991, 0.207733973861, 0.259073019028, 0.444801151752, 0.304687529802, 0.191057816148, 0.222888752818, 0.205897822976, 0.376843959093]
    },
    "chords_histogram": [64.7058792114, 0, 8.82352924347, 0, 0, 0, 0, 0, 0, 0, 0, 0, 0, 0, 0, 0, 0, 26.4705886841, 0, 0, 0, 0, 0, 0],