{
"metadata": {
    "version": {
        "essentia": "2.1-beta5-dev"
    }
},
"lowLevel": {
    "average_loudness": 0.99068403244,
    "barkbands_kurtosis": {
        "mean": 22.559463501,
        "stdev": 30.471408844
    },
    "barkbands_skewness": {
        "mean": 2.21793627739,
        "stdev": 2.08484435081
    },
    "barkbands_spread": {
        "mean": 3.44365525246,
        "stdev": 3.34392333031
    },
    "dissonance": {
        "mean": 0.193490862846,
        "stdev": 0.117042534053
    },
    "hfc": {
        "mean": 36.0998191833,
        "stdev": 33.4822235107
    },
    "pitch": {
        "mean": 224.427124023,
        "stdev": 480.424102783
    },
    "pitch_instantaneous_confidence": {
        "mean": 0.397229611874,
        "stdev": 0.181970998645
    },
    "pitch_salience": {
        "mean": 0.577679514885,
        "stdev": 0.0718134343624
    },
    "silence_rate_20dB": {
        "mean": 0.75193798542,
        "stdev": 0.431888073683
    },
    "silence_rate_30dB": {
        "mean": 0.224806204438,
        "stdev": 0.417454719543
    },
    "silence_rate_60dB": {
        "mean": 0.0542635656893,
        "stdev": 0.22653695941
    },
    "spectral_centroid": {
        "mean": 155.257293701,
        "stdev": 86.3482284546
    },
    "spectral_complexity": {
        "mean": 5.52713155746,
        "stdev": 3.20628499985
    },
    "spectral_crest": {
        "mean": 10.2251777649,
        "stdev": 2.58187556267
    },
    "spectral_decrease": {
        "mean": -1.16102818026e-07,
        "stdev": 8.28000494835e-08
    },
    "spectral_energy": {
        "mean": 0.223014816642,
        "stdev": 0.159483492374
    },
    "spectral_energyband_high": {
        "mean": 0.000296763988445,
        "stdev": 0.00059164542472
    },
    "spectral_energyband_low": {
        "mean": 0.146817028522,
        "stdev": 0.102166190743
    },
    "spectral_energyband_middle_high": {
        "mean": 0.00161854817998,
        "stdev": 0.00228994595818
    },
    "spectral_energyband_middle_low": {
        "mean": 0.106649182737,
        "stdev": 0.0982615277171
    },
    "spectral_flatness_db": {
        "mean": 0.364080518484,
        "stdev": 0.128732085228
    },
    "spectral_flux": {
        "mean": 0.21282799542,
        "stdev": 0.108749635518
    },
    "spectral_kurtosis": {
        "mean": 56.7148895264,
        "stdev": 70.7724075317
    },
    "spectral_rms": {
        "mean": 0.0190262049437,
        "stdev": 0.00852821208537
    },
    "spectral_rolloff": {
        "mean": 215.999725342,
        "stdev": 104.530197144
    },
    "spectral_skewness": {
        "mean": 5.84999036789,
        "stdev": 3.87819838524
    },
    "spectral_spread": {
        "mean": 10216647,
        "stdev": 9497824
    },
    "spectral_strongpeak": {
        "mean": 0.519043207169,
        "stdev": 0.638847470284
    },
    "zerocrossingrate": {
        "mean": 0.0138005688787,
        "stdev": 0.0110835367814
    },
    "barkbands": {
        "mean": [0.0150835625827, 0.0485058166087, 0.0509877055883, 0.0456918329, 0.0375466421247, 0.0112420441583, 0.00502235908061, 0.00661929929629, 0.000142601653351, 0.000422804179834, 0.000497085857205, 0.00010583223775, 0.00063306291122, 0.000133592955535, 1.80743973033e-05, 1.20677686937e-05, 1.29280988403e-05, 7.47995409256e-06, 2.09796908166e-05, 2.12573831959e-05, 5.34227256139e-05, 6.26325054327e-05, 3.03583401546e-05, 2.9031009035e-05, 4.67487807327e-05, 4.4434244046e-05, 1.92822190002e-05],
        "stdev": [0.0169833023101, 0.0276751760393, 0.0462053567171, 0.0414674021304, 0.0521221086383, 0.0152027234435, 0.0107970871031, 0.0124835995957, 0.000301261461573, 0.000552547164261, 0.00112297956366, 0.000178947288077, 0.0013443910284, 0.00027412181953, 4.42713899247e-05, 2.26872271014e-05, 2.61509103439e-05, 1.8316322894e-05, 3.91315916204e-05, 4.82230534544e-05, 0.000103427402792, 0.000130291868118, 6.33663948975e-05, 6.15331955487e-05, 9.61612022365e-05, 9.67740052147e-05, 4.31018888776e-05]
    },
    "mfcc": {
        "mean": [-718.897583008, 189.872528076, 82.422996521, 41.5086593628, 10.8204660416, 31.557970047, 14.6587839127, -0.80894356966, 4.41301202774, 0.0883117169142, 1.69930148125, -1.50433862209, 2.2967467308],
        "stdev": [121.222816467, 60.7414016724, 21.2276592255, 29.7577953339, 18.9287662506, 12.0078353882, 13.3027505875, 16.8887290955, 12.4198007584, 8.09670734406, 9.94710826874, 9.24644756317, 5.98406219482]
    },
    "sccoeffs": {
        "mean": [-0.543218612671, -0.628408789635, -0.746120989323, -0.74904936552, -0.829646468163, -0.846244633198],
        "stdev": [0.141679912806, 0.187141433358, 0.10548312217, 0.135563164949, 0.0438438542187, 0.0307253878564]
    },
    "scvalleys": {
        "mean": [-3.12681078911, -5.73836326599, -7.04815912247, -8.20859336853, -8.8889465332, -9.15912723541],
        "stdev": [0.953440368176, 1.11209559441, 1.2496201992, 1.00322782993, 1.15491092205, 1.44931638241]
    }
},
"rhythm": {
    "bpm": 161.499038696,
    "confidence": 0,
    "first_peak_bpm": {
        "mean": 161,
        "stdev": 0
    },
    "first_peak_spread": {
        "mean": 0,
        "stdev": 0
    },
    "first_peak_weight": {
        "mean": 1,
        "stdev": 0
    },
    "onset_rate": 4.04698562622,
    "second_peak_bpm": {
        "mean": 0,
        "stdev": 0
    },
    "second_peak_spread": {
        "mean": 0,
        "stdev": 0
    },
    "second_peak_weight": {
        "mean": 0,
        "stdev": 0
    }
},
"sfx": {
    "inharmonicity": {
        "mean": 0.0568050183356,
        "stdev": 0.0557268299162
    },
    "oddtoevenharmonicenergyratio": {
        "mean": 32.5814666748,
        "stdev": 116.161224365
    },
    "pitch_after_max_to_before_max_energy_ratio": 1.05771541595,
    "pitch_centroid": 62.9934577942,
    "pitch_max_to_total": 0.418604642153,
    "pitch_min_to_total": 0.976744174957,
    "tristimulus": {
        "mean": [0.346384853125, 0.373960763216, 0.279654324055],
        "stdev": [0.327425867319, 0.275841414928, 0.303476572037]
    }
},
"tonal": {
    "chords_changes_rate": 0.0909090936184,
    "chords_number_rate": 0.121212124825,
    "chords_strength": {
        "mean": 0.324455976486,
        "stdev": 0.0567770451307
    },
    "key_strength": 0.452398210764,
    "tuning_diatonic_strength": 0.313108891249,
    "tuning_equal_tempered_deviation": 0.104145862162,
    "tuning_frequency": 438.224517822,
    "tuning_nontempered_energy_ratio": 0.658888459206,
    "hpcp": {
        "mean": [0.44722494483, 0.281300514936, 0.349877595901, 0.394257217646, 0.194724902511, 0.0322006456554, 0.00660866359249, 0.0276080984622, 0.138182759285, 0.254797071218, 0.144694373012, 0.00475133862346, 0.000593881879468, 0.00039486165042, 0.00622577918693, 0.0190775264055, 0.0216043945402, 0.0361201241612, 0.0558299161494, 0.0573229342699, 0.0560875758529, 0.0441056750715, 0.0200383644551, 0.0083294827491, 0.0122625855729, 0.00775824440643, 0.00104151619598, 0.00277593010105, 0.0118078989908, 0.0655243843794, 0.107821077108, 0.057485640049, 0.0305904913694, 0.0618267655373, 0.0874071419239, 0.336987435818],
        "stdev": [0.464170634747, 0.237531423569, 0.395967900753, 0.442257881165, 0.246605589986, 0.100598886609, 0.0177460126579, 0.143392041326, 0.23291708529, 0.406919777393, 0.248270958662, 0.0131481140852, 0.00142062711529, 0.000856872182339, 0.0291321724653, 0.0896985679865, 0.0927325710654, 0.102389901876, 0.190256714821, 0.152436241508, 0.149620383978, 0.062714509666, 0.0455602742732, 0.016186689958, 0.0247077122331, 0.0166801158339, 0.00306203775108, 0.0129329841584, 0.0465280078351, 0.163910612464, 0.285315066576, 0.145007357001, 0.10202408582, 0.212707459927, 0.199584186077, 0.354058384895]
    },
    "chords_histogram": [0, 0, 9.09090900421, 0, 0, 0, 0, 0, 51.5151519775, 0, 0, 0, 0, 0, 0, 0, 0, 0, 0, 0, 0, 12.1212120056, 27.2727279663, 0],