{
"metadata": {
    "version": {
        "essentia": "2.1-beta5-dev"
    }
},
"lowLevel": {
    "average_loudness": 0.99068403244,
    "barkbands_kurtosis": {
        "mean": 22.9515686035,
        "stdev": 22.640411377
    },
    "barkbands_skewness": {
        "mean": 3.17080712318,
        "stdev": 1.54164230824
    },
    "barkbands_spread": {
        "mean": 5.86457586288,
        "stdev": 9.10447597504
    },
    "dissonance": {
        "mean": 0.188445910811,
        "stdev": 0.0839015245438
    },
    "hfc": {
        "mean": 50.7356071472,
        "stdev": 36.3138198853
    },
    "pitch": {
        "mean": 219.575698853,
        "stdev": 451.33770752
    },
    "pitch_instantaneous_confidence": {
        "mean": 0.274451494217,
        "stdev": 0.131234526634
    },
    "pitch_salience": {
        "mean": 0.584181427956,
        "stdev": 0.0723161324859
    },
    "silence_rate_20dB": {
        "mean": 0.862595438957,
        "stdev": 0.344273984432
    },
    "silence_rate_30dB": {
        "mean": 0.175572514534,
        "stdev": 0.380455940962
    },
    "silence_rate_60dB": {
        "mean": 0.00763358781114,
        "stdev": 0.0870362967253
    },
    "spectral_centroid": {
        "mean": 229.364257812,
        "stdev": 278.771087646
    },
    "spectral_complexity": {
        "mean": 10.2366409302,
        "stdev": 5.22885560989
    },
    "spectral_crest": {
        "mean": 10.5771608353,
        "stdev": 1.89127886295
    },
    "spectral_decrease": {
        "mean": -1.332063988e-07,
        "stdev": 7.64682752674e-08
    },
    "spectral_energy": {
        "mean": 0.256713181734,
        "stdev": 0.147121027112
    },
    "spectral_energyband_high": {
        "mean": 0.00132404011674,
        "stdev": 0.00220736861229
    },
    "spectral_energyband_low": {
        "mean": 0.176173269749,
        "stdev": 0.0919573605061
    },
    "spectral_energyband_middle_high": {
        "mean": 0.00351301510818,
        "stdev": 0.00449426891282
    },
    "spectral_energyband_middle_low": {
        "mean": 0.12220352143,
        "stdev": 0.106403343379
    },
    "spectral_flatness_db": {
        "mean": 0.282234996557,
        "stdev": 0.116795584559
    },
    "spectral_flux": {
        "mean": 0.128912746906,
        "stdev": 0.0837803483009
    },
    "spectral_kurtosis": {
        "mean": 49.51121521,
        "stdev": 78.6086502075
    },
    "spectral_rms": {
        "mean": 0.0212027542293,
        "stdev": 0.00713154114783
    },
    "spectral_rolloff": {
        "mean": 344.202484131,
        "stdev": 664.748291016
    },
    "spectral_skewness": {
        "mean": 4.93619012833,
        "stdev": 4.11029195786
    },
    "spectral_spread": {
        "mean": 13581604,
        "stdev": 10694536
    },
    "spectral_strongpeak": {
        "mean": 0.471956074238,
        "stdev": 0.269033998251
    },
    "zerocrossingrate": {
        "mean": 0.0251446198672,
        "stdev": 0.0246708840132
    },
    "barkbands": {
        "mean": [0.00694267591462, 0.0407122373581, 0.082429587841, 0.0776685327291, 0.0125560797751, 0.0171658564359, 0.00876740831882, 0.00401132274419, 0.00130700285081, 0.00106468354352, 0.00125949655194, 0.000593066797592, 0.000205809730687, 0.000370576832211, 6.46177795716e-05, 8.76355625223e-05, 3.22887390212e-05, 2.52078334597e-05, 8.43708621687e-05, 0.000160021882039, 0.000246838608291, 0.000320040038787, 9.45136052906e-05, 0.000121039687656, 0.000188945719856, 0.000166400597664, 6.11385476077e-05],
        "stdev": [0.014719998464, 0.0265429317951, 0.047305110842, 0.0792269855738, 0.0115642482415, 0.0239256471395, 0.00864002667367, 0.00668442994356, 0.00195172755048, 0.00146547192708, 0.00214003585279, 0.000578028324526, 0.00021212323918, 0.000605816079769, 8.66183399921e-05, 0.000130020518554, 4.2702533392e-05, 4.09648746427e-05, 0.000130506101414, 0.000413750734879, 0.000453342247056, 0.000552068871912, 0.000137052862556, 0.000190789447515, 0.000300362968119, 0.000312548741931, 0.000129087478854]
    },
    "mfcc": {
        "mean": [-630.268859863, 189.145751953, 66.8922729492, 20.7500591278, -0.92723095417, 25.7385387421, 9.71298122406, -3.318141222, 6.35515928268, -1.70808148384, 2.64581084251, 1.94897973537, 6.00897884369],
        "stdev": [112.124862671, 68.4331817627, 18.2075119019, 18.3731040955, 13.0632400513, 10.9609642029, 9.74971199036, 8.3269701004, 8.93801116943, 11.7192087173, 13.2933273315, 9.43163394928, 6.69422149658]
    },
    "sccoeffs": {
        "mean": [-0.485472887754, -0.676874101162, -0.729639708996, -0.741335093975, -0.80503565073, -0.819805562496],
        "stdev": [0.112197339535, 0.143370062113, 0.0675975084305, 0.0438704118133, 0.0444355942309, 0.0385415107012]
    },
    "scvalleys": {
        "mean": [-3.06857609749, -4.35020780563, -5.74865674973, -7.03073215485, -8.19277381897, -8.47034931183],
        "stdev": [0.73481208086, 0.898306488991, 0.874534487724, 1.04320216179, 1.42030060291, 1.69712662697]
    }
},
"rhythm": {
    "bpm": 120.185325623,
    "confidence": 0,
    "first_peak_bpm": {
        "mean": 120,
        "stdev": 0
    },
    "first_peak_spread": {
        "mean": 0,
        "stdev": 0
    },
    "first_peak_weight": {
        "mean": 1,
        "stdev": 0
    },
    "onset_rate": 4.67076206207,
    "second_peak_bpm": {
        "mean": 0,
        "stdev": 0
    },
    "second_peak_spread": {
        "mean": 0,
        "stdev": 0
    },
    "second_peak_weight": {
        "mean": 0,
        "stdev": 0
    }
},
"sfx": {
    "inharmonicity": {
        "mean": 0.0525532774627,
        "stdev": 0.0529762208462
    },
    "oddtoevenharmonicenergyratio": {
        "mean": 22.1358108521,
        "stdev": 110.758651733
    },
    "pitch_after_max_to_before_max_energy_ratio": 0.941149532795,
    "pitch_centroid": 61.8228797913,
    "pitch_max_to_total": 0.519083976746,
    "pitch_min_to_total": 0.57251906395,
    "tristimulus": {
        "mean": [0.213163524866, 0.467287480831, 0.319548934698],
        "stdev": [0.315504848957, 0.255734920502, 0.222517251968]
    }
},
"tonal": {
    "chords_changes_rate": 0.088235296309,
    "chords_number_rate": 0.117647059262,
    "chords_strength": {
        "mean": 0.320547819138,
        "stdev": 0.0763828679919
    },
    "key_strength": 0.672672092915,
    "tuning_diatonic_strength": 0.330255776644,
    "tuning_equal_tempered_deviation": 0.0848749801517,
    "tuning_frequency": 437.718536377,
    "tuning_nontempered_energy_ratio": 0.675801873207,
    "hpcp": {
        "mean": [0.0382717512548, 0.0373602174222, 0.0157006233931, 0.0206024125218, 0.0178448017687, 0.0500091388822, 0.148835271597, 0.14916010201, 0.195190191269, 0.230876341462, 0.0819295942783, 0.00119889329653, 0.000762573676184, 0.00175777811091, 0.0128902466968, 0.0329753831029, 0.0403241105378, 0.0344890840352, 0.0305944085121, 0.0189255718142, 0.0219327453524, 0.0628378987312, 0.0858562514186, 0.282761156559, 0.500953137875, 0.270650088787, 0.0153136178851, 0.0075377849862, 0.00458967685699, 0.0166633240879, 0.0614210367203, 0.0563650913537, 0.0276547577232, 0.0545204803348, 0.0449429564178, 0.0163168665022],
        "stdev": [0.151729822159, 0.16798338294, 0.0421643480659, 0.0284370165318, 0.0296760238707, 0.112534269691, 0.333938628435, 0.286202937365, 0.318491011858, 0.402494668961, 0.157450780272, 0.00216050958261, 0.00208217999898, 0.00612574955449, 0.0229200944304, 0.0562932752073, 0.0946224778891, 0.0984075292945, 0.0609826669097, 0.0286848880351, 0.073413528502, 0.205398887396, 0.236780270934, 0.299062311649, 0.486003339291, 0.275984823704, 0.0395541340113, 0.0259004179388, 0.0142885847017, 0.0255179237574, 0.151430696249, 0.1768784374, 0.0899416878819, 0.212070703506, 0.178089007735, 0.0447348691523]
    },
    "chords_histogram": [0, 0, 0, 2.94117641449, 17.6470584869, 0, 0, 0, 0, 0, 0, 0, 0, 0, 0, 0, 0, 73.5294113159, 0, 5.88235282898, 0, 0, 0, 0],