{
"metadata": {
    "version": {
        "essentia": "2.1-beta5-dev"
    }
},
"lowLevel": {
    "average_loudness": 0.99068403244,
    "barkbands_kurtosis": {
        "mean": 23.5496025085,
        "stdev": 30.2860736847
    },
    "barkbands_skewness": {
        "mean": 2.54677629471,
        "stdev": 2.70854616165
    },
    "barkbands_spread": {
        "mean": 5.15168094635,
        "stdev": 3.69729185104
    },
    "dissonance": {
        "mean": 0.20753698051,
        "stdev": 0.100535951555
    },
    "hfc": {
        "mean": 59.1083755493,
        "stdev": 53.7570762634
    },
    "pitch": {
        "mean": 295.899291992,
        "stdev": 126.108413696
    },
    "pitch_instantaneous_confidence": {
        "mean": 0.600465297699,
        "stdev": 0.262214481831
    },
    "pitch_salience": {
        "mean": 0.519065797329,
        "stdev": 0.10197608918
    },
    "silence_rate_20dB": {
        "mean": 0.81679391861,
        "stdev": 0.386835306883
    },
    "silence_rate_30dB": {
        "mean": 0.244274809957,
        "stdev": 0.429656207561
    },
    "silence_rate_60dB": {
        "mean": 0.00763358781114,
        "stdev": 0.0870363339782
    },
    "spectral_centroid": {
        "mean": 278.98651123,
        "stdev": 120.695808411
    },
    "spectral_complexity": {
        "mean": 7.02290058136,
        "stdev": 2.20154595375
    },
    "spectral_crest": {
        "mean": 12.9018392563,
        "stdev": 2.44487690926
    },
    "spectral_decrease": {
        "mean": -1.0119146765e-07,
        "stdev": 7.1590093853e-08
    },
    "spectral_energy": {
        "mean": 0.196880027652,
        "stdev": 0.140102297068
    },
    "spectral_energyband_high": {
        "mean": 0.000243774862611,
        "stdev": 0.000167710633832
    },
    "spectral_energyband_low": {
        "mean": 0.0721192657948,
        "stdev": 0.0604393482208
    },
    "spectral_energyband_middle_high": {
        "mean": 0.00709119392559,
        "stdev": 0.0164252929389
    },
    "spectral_energyband_middle_low": {
        "mean": 0.132168829441,
        "stdev": 0.112049497664
    },
    "spectral_flatness_db": {
        "mean": 0.250058323145,
        "stdev": 0.0472547933459
    },
    "spectral_flux": {
        "mean": 0.119275420904,
        "stdev": 0.0843686908484
    },
    "spectral_kurtosis": {
        "mean": 11.4208183289,
        "stdev": 8.0786151886
    },
    "spectral_rms": {
        "mean": 0.0180503223091,
        "stdev": 0.00761365005746
    },
    "spectral_rolloff": {
        "mean": 353.407531738,
        "stdev": 170.008499146
    },
    "spectral_skewness": {
        "mean": 3.12803268433,
        "stdev": 1.04857838154
    },
    "spectral_spread": {
        "mean": 12335470,
        "stdev": 5906663.5
    },
    "spectral_strongpeak": {
        "mean": 1.77993369102,
        "stdev": 1.42710483074
    },
    "zerocrossingrate": {
        "mean": 0.0206643603742,
        "stdev": 0.0106723746285
    },
    "barkbands": {
        "mean": [0.0047709508799, 0.0260895974934, 0.0293666943908, 0.0164937600493, 0.00198513665237, 0.0493312217295, 0.0566303767264, 0.00181272136979, 0.00238337111659, 0.00517206080258, 0.000382708822144, 0.000190814651432, 0.000769046600908, 0.000754770589992, 0.00033660850022, 6.66725245537e-05, 3.80079400202e-05, 1.11552562885e-05, 3.63890248991e-05, 2.40782519541e-05, 7.75356747909e-05, 5.33226484549e-05, 3.45091721101e-05, 2.41074794758e-05, 2.00075646717e-05, 1.86557208508e-05, 5.50167260371e-06],
        "stdev": [0.00753163220361, 0.0237349402159, 0.0252863392234, 0.0133521230891, 0.00199794024229, 0.0613935515285, 0.0786882415414, 0.00229018623941, 0.00471364194527, 0.0161462649703, 0.000562176224776, 0.000238763925154, 0.00129405257758, 0.0022256297525, 0.000842007633764, 0.000111350520456, 2.13479543163e-05, 1.73159896804e-05, 2.62657085841e-05, 2.21569644054e-05, 6.34721727693e-05, 4.71746061521e-05, 2.40776935243e-05, 1.88190333574e-05, 1.62084834301e-05, 1.52669690578e-05, 8.32159730635e-06]
    },
    "mfcc": {
        "mean": [-614.776245117, 159.419342041, 56.0535507202, 31.1722393036, -2.99295115471, 15.4180574417, -3.02642917633, -5.26228141785, -4.19087219238, 3.73569321632, 7.45165252686, 11.9014101028, 3.27171826363],
        "stdev": [39.6477966309, 35.0981636047, 16.77085495, 17.8952922821, 12.3077831268, 8.5274105072, 10.2267189026, 12.1143121719, 8.44066333771, 10.7067785263, 7.4003238678, 8.41705703735, 6.42401647568]
    },
    "sccoeffs": {
        "mean": [-0.548674404621, -0.493226200342, -0.660735309124, -0.682999789715, -0.814332127571, -0.806277096272],
        "stdev": [0.117484793067, 0.221297547221, 0.157997131348, 0.0977022573352, 0.0242740530521, 0.0181794967502]
    },
    "scvalleys": {
        "mean": [-3.67368030548, -4.76019477844, -6.35950183868, -7.22271060944, -7.59915828705, -8.19796085358],
        "stdev": [0.488715976477, 0.610149860382, 0.749395668507, 0.504853606224, 0.282224476337, 0.365210443735]
    }
},
"rhythm": {
    "bpm": 178.205810547,
    "confidence": 0,
    "first_peak_bpm": {
        "mean": 178,
        "stdev": 0
    },
    "first_peak_spread": {
        "mean": 0,
        "stdev": 0
    },
    "first_peak_weight": {
        "mean": 0.666666686535,
        "stdev": 0
    },
    "onset_rate": 3.98140192032,
    "second_peak_bpm": {
        "mean": 172,
        "stdev": 0
    },
    "second_peak_spread": {
        "mean": 0,
        "stdev": 0
    },
    "second_peak_weight": {
        "mean": 0.333333343267,
        "stdev": 0
    }
},
"sfx": {
    "inharmonicity": {
        "mean": 0.0227962192148,
        "stdev": 0.040238481015
    },
    "oddtoevenharmonicenergyratio": {
        "mean": 10.7418012619,
        "stdev": 87.6036605835
    },
    "pitch_after_max_to_before_max_energy_ratio": 0.0707198157907,
    "pitch_centroid": 60.3811759949,
    "pitch_max_to_total": 0.854961812496,
    "pitch_min_to_total": 0.534351170063,
    "tristimulus": {
        "mean": [0.564791619778, 0.291324406862, 0.143883809447],
        "stdev": [0.30773165822, 0.203865230083, 0.181370735168]
    }
},
"tonal": {
    "chords_changes_rate": 0.0294117648154,
    "chords_number_rate": 0.0588235296309,
    "chords_strength": {
        "mean": 0.579653441906,
        "stdev": 0.024901734665
    },
    "key_strength": 0.539661705494,
    "tuning_diatonic_strength": 0.343948215246,
    "tuning_equal_tempered_deviation": 0.0593839734793,
    "tuning_frequency": 439.238189697,
    "tuning_nontempered_energy_ratio": 0.61313188076,
    "hpcp": {
        "mean": [0.164978861809, 0.0697291567922, 0.062052693218, 0.0546951852739, 0.0390159115195, 0.0678354799747, 0.0932448878884, 0.0529575273395, 0.00592619134113, 0.0037427409552, 0.00211297674105, 0.00107601447962, 0.00124698271975, 0.00340345711447, 0.167286515236, 0.423385798931, 0.286683797836, 0.0291429515928, 0.00195340742357, 0.0011525223963, 0.00171670201235, 0.00688506290317, 0.018737513572, 0.262648820877, 0.450398206711, 0.202215537429, 0.00464814901352, 0.0049027716741, 0.00218117935583, 0.00366497645155, 0.00711204390973, 0.0158216599375, 0.0786127150059, 0.0896906778216, 0.0496789962053, 0.14463737607],
        "stdev": [0.319659918547, 0.157950818539, 0.220650434494, 0.177053228021, 0.169331982732, 0.197837278247, 0.282970398664, 0.16818484664, 0.0128211798146, 0.00636231852695, 0.00424748845398, 0.00233166920952, 0.00286408420652, 0.0115754390135, 0.182582676411, 0.379946947098, 0.275178074837, 0.0723647624254, 0.00503993872553, 0.00213407701813, 0.00278051337227, 0.0232427492738, 0.0662295669317, 0.266207098961, 0.489408880472, 0.223551675677, 0.0105009386316, 0.0108789615333, 0.00553065724671, 0.00878655258566, 0.0167995039374, 0.0492216609418, 0.252857804298, 0.282131493092, 0.0982934013009, 0.277420759201]
    },
    "chords_histogram": [91.1764678955, 0, 0, 0, 0, 0, 0, 0, 0, 0, 0, 0, 0, 0, 0, 0, 0, 0, 0, 0, 0, 0, 0, 8.82352924347],