{
"metadata": {
    "version": {
        "essentia": "2.1-beta5-dev"
    }
},
"lowLevel": {
    "average_loudness": 0.99068403244,
    "barkbands_kurtosis": {
        "mean": 6.3996219635,
        "stdev": 9.7979516983
    },
    "barkbands_skewness": {
        "mean": 1.28570377827,
        "stdev": 1.35079038143
    },
    "barkbands_spread": {
        "mean": 7.49341249466,
        "stdev": 4.43606758118
    },
    "dissonance": {
        "mean": 0.187213137746,
        "stdev": 0.0938433259726
    },
    "hfc": {
        "mean": 64.7676467896,
        "stdev": 51.8375778198
    },
    "pitch": {
        "mean": 429.866668701,
        "stdev": 136.91242981
    },
    "pitch_instantaneous_confidence": {
        "mean": 0.620483338833,
        "stdev": 0.209037870169
    },
    "pitch_salience": {
        "mean": 0.556370794773,
        "stdev": 0.0889646187425
    },
    "silence_rate_20dB": {
        "mean": 0.860655725002,
        "stdev": 0.346305400133
    },
    "silence_rate_30dB": {
        "mean": 0.311475396156,
        "stdev": 0.463096648455
    },
    "silence_rate_60dB": {
        "mean": 0,
        "stdev": 0
    },
    "spectral_centroid": {
        "mean": 387.876251221,
        "stdev": 113.187889099
    },
    "spectral_complexity": {
        "mean": 8.37704944611,
        "stdev": 3.38591098785
    },
    "spectral_crest": {
        "mean": 10.3811445236,
        "stdev": 3.73698806763
    },
    "spectral_decrease": {
        "mean": -8.59265796294e-08,
        "stdev": 7.40201926419e-08
    },
    "spectral_energy": {
        "mean": 0.168502360582,
        "stdev": 0.144571557641
    },
    "spectral_energyband_high": {
        "mean": 0.000228773948038,
        "stdev": 0.000340260565281
    },
    "spectral_energyband_low": {
        "mean": 0.0484849624336,
        "stdev": 0.0530512295663
    },
    "spectral_energyband_middle_high": {
        "mean": 0.0107518024743,
        "stdev": 0.0160862151533
    },
    "spectral_energyband_middle_low": {
        "mean": 0.125408604741,
        "stdev": 0.116594262421
    },
    "spectral_flatness_db": {
        "mean": 0.227528214455,
        "stdev": 0.0472531914711
    },
    "spectral_flux": {
        "mean": 0.118031129241,
        "stdev": 0.0936760008335
    },
    "spectral_kurtosis": {
        "mean": 13.8317184448,
        "stdev": 8.25363063812
    },
    "spectral_rms": {
        "mean": 0.0164463818073,
        "stdev": 0.0076145529747
    },
    "spectral_rolloff": {
        "mean": 581.749389648,
        "stdev": 229.099990845
    },
    "spectral_skewness": {
        "mean": 3.42967748642,
        "stdev": 1.06921195984
    },
    "spectral_spread": {
        "mean": 11130162,
        "stdev": 6278557
    },
    "spectral_strongpeak": {
        "mean": 1.25533699989,
        "stdev": 1.07858753204
    },
    "zerocrossingrate": {
        "mean": 0.0253826212138,
        "stdev": 0.00730417529121
    },
    "barkbands": {
        "mean": [0.00118922861293, 0.00824550259858, 0.0230453405529, 0.0202315971255, 0.0106997890398, 0.0254431646317, 0.0381635725498, 0.0208735000342, 0.00753814540803, 0.00426180195063, 0.0043426300399, 0.00189558591228, 0.000490076316055, 0.000596614030655, 0.000863746914547, 0.000230062883929, 8.40911670821e-05, 2.03860545298e-05, 3.94277558371e-05, 3.50220907421e-05, 5.53686768399e-05, 4.95344647788e-05, 3.09799324896e-05, 2.07289158425e-05, 2.0849509383e-05, 2.33809332713e-05, 1.1145211829e-05],
        "stdev": [0.00261124712415, 0.00948952976614, 0.0214508641511, 0.0375541374087, 0.0162291210145, 0.0565257668495, 0.0467539988458, 0.0198222454637, 0.0157288145274, 0.0071241594851, 0.00965850427747, 0.00379635579884, 0.000465921184514, 0.000821563880891, 0.00158920022659, 0.000337968522217, 0.000106340834463, 3.08775779558e-05, 4.84690572193e-05, 4.97975706821e-05, 7.92492428445e-05, 7.19955423847e-05, 3.69191402569e-05, 2.7829384635e-05, 4.12539957324e-05, 5.63308349228e-05, 3.71011956304e-05]
    },
    "mfcc": {
        "mean": [-604.91809082, 173.032440186, 35.355342865, 14.3286085129, -2.58424067497, 10.0769319534, -9.95898151398, -6.64990568161, 1.16830611229, 12.5307626724, 8.21532440186, 9.87177753448, 9.04255485535],
        "stdev": [48.8821563721, 34.7634010315, 15.31457901, 13.9327602386, 12.2331838608, 8.20583724976, 9.42453479767, 11.0318546295, 6.83382415771, 9.04912948608, 6.79241657257, 15.5095643997, 15.307179451]
    },
    "sccoeffs": {
        "mean": [-0.587349295616, -0.516806006432, -0.584134817123, -0.661539852619, -0.800716459751, -0.820423305035],
        "stdev": [0.103418171406, 0.172348633409, 0.187644928694, 0.0958862602711, 0.0355799719691, 0.0189040508121]
    },
    "scvalleys": {
        "mean": [-3.72376155853, -4.40489912033, -6.15401744843, -6.91685009003, -7.61436843872, -8.3276052475],
        "stdev": [0.638238668442, 0.939695477486, 0.86414629221, 0.664507448673, 0.469485193491, 0.474166303873]
    }
},
"rhythm": {
    "bpm": 161.499053955,
    "confidence": 0,
    "first_peak_bpm": {
        "mean": 161,
        "stdev": 0
    },
    "first_peak_spread": {
        "mean": 0,
        "stdev": 0
    },
    "first_peak_weight": {
        "mean": 0.5,
        "stdev": 0
    },
    "onset_rate": 4.27512025833,
    "second_peak_bpm": {
        "mean": 172,
        "stdev": 0
    },
    "second_peak_spread": {
        "mean": 0,
        "stdev": 0
    },
    "second_peak_weight": {
        "mean": 0.5,
        "stdev": 0
    }
},
"sfx": {
    "inharmonicity": {
        "mean": 0.0205507129431,
        "stdev": 0.0377347655594
    },
    "oddtoevenharmonicenergyratio": {
        "mean": 8.7172498703,
        "stdev": 90.1334991455
    },
    "pitch_after_max_to_before_max_energy_ratio": 0.0181475188583,
    "pitch_centroid": 66.7645263672,
    "pitch_max_to_total": 0.98360657692,
    "pitch_min_to_total": 0.475409835577,
    "tristimulus": {
        "mean": [0.561796247959, 0.323989480734, 0.114214368165],
        "stdev": [0.218283489347, 0.154346629977, 0.179015517235]
    }
},
"tonal": {
    "chords_changes_rate": 0.0625,
    "chords_number_rate": 0.09375,
    "chords_strength": {
        "mean": 0.395012289286,
        "stdev": 0.0435553379357
    },
    "key_strength": 0.572056651115,
    "tuning_diatonic_strength": 0.483936041594,
    "tuning_equal_tempered_deviation": 0.0982561931014,
    "tuning_frequency": 436.708374023,
    "tuning_nontempered_energy_ratio": 0.746787667274,
    "hpcp": {
        "mean": [0.144653126597, 0.082875020802, 0.0695762038231, 0.172657608986, 0.173022195697, 0.131192907691, 0.144134998322, 0.0955283865333, 0.0802873298526, 0.129028230906, 0.0787093490362, 0.195578247309, 0.309821456671, 0.12634575367, 0.073589079082, 0.21888191998, 0.1963532269, 0.0625532791018, 0.044808216393, 0.0394115634263, 0.0173373147845, 0.0148931909353, 0.00937861111015, 0.0169153306633, 0.0417150966823, 0.0345320664346, 0.0971883609891, 0.194330066442, 0.115183010697, 0.0132151572034, 0.011475966312, 0.0287230815738, 0.0918463543057, 0.370966643095, 0.417354315519, 0.188805788755],
        "stdev": [0.3259319067, 0.1846537292, 0.117419458926, 0.237491607666, 0.226714149117, 0.223209187388, 0.213872015476, 0.141631439328, 0.147511944175, 0.310198605061, 0.169651910663, 0.256052464247, 0.393401771784, 0.149584814906, 0.141820386052, 0.376628547907, 0.324607878923, 0.095923922956, 0.0633511990309, 0.0561278983951, 0.0350483208895, 0.0265395995229, 0.0210045985878, 0.0615194663405, 0.173449918628, 0.127352997661, 0.179523870349, 0.367664366961, 0.194598987699, 0.0324451848865, 0.0399247482419, 0.11804740876, 0.12610308826, 0.404025048018, 0.453002661467, 0.181586623192]
    },
    "chords_histogram": [84.375, 0, 0, 0, 0, 0, 0, 0, 0, 0, 0, 0, 0, 0, 6.25, 9.375, 0, 0, 0, 0, 0, 0, 0, 0],