{
"metadata": {
    "version": {
        "essentia": "2.1-beta5-dev"
    }
},
"lowLevel": {
    "average_loudness": 0.99068403244,
    "barkbands_kurtosis": {
        "mean": 10.3987369537,
        "stdev": 12.2745809555
    },
    "barkbands_skewness": {
        "mean": 1.662976861,
        "stdev": 1.10852396488
    },
    "barkbands_spread": {
        "mean": 3.94392132759,
        "stdev": 1.44454038143
    },
    "dissonance": {
        "mean": 0.129923284054,
        "stdev": 0.0607527419925
    },
    "hfc": {
        "mean": 91.860206604,
        "stdev": 75.4870223999
    },
    "pitch": {
        "mean": 294.635803223,
        "stdev": 69.6898117065
    },
    "pitch_instantaneous_confidence": {
        "mean": 0.673251867294,
        "stdev": 0.207665011287
    },
    "pitch_salience": {
        "mean": 0.510768413544,
        "stdev": 0.0900837779045
    },
    "silence_rate_20dB": {
        "mean": 0.626865684986,
        "stdev": 0.483637273312
    },
    "silence_rate_30dB": {
        "mean": 0.179104477167,
        "stdev": 0.383439481258
    },
    "silence_rate_60dB": {
        "mean": 0,
        "stdev": 0
    },
    "spectral_centroid": {
        "mean": 290.5184021,
        "stdev": 86.0218887329
    },
    "spectral_complexity": {
        "mean": 7.63432836533,
        "stdev": 1.85898852348
    },
    "spectral_crest": {
        "mean": 13.5818901062,
        "stdev": 3.56266546249
    },
    "spectral_decrease": {
        "mean": -1.45239823723e-07,
        "stdev": 8.75664341038e-08
    },
    "spectral_energy": {
        "mean": 0.283218234777,
        "stdev": 0.172330096364
    },
    "spectral_energyband_high": {
        "mean": 0.000151964326506,
        "stdev": 0.000206353826798
    },
    "spectral_energyband_low": {
        "mean": 0.0658962726593,
        "stdev": 0.0398685894907
    },
    "spectral_energyband_middle_high": {
        "mean": 0.00957029405981,
        "stdev": 0.0157988946885
    },
    "spectral_energyband_middle_low": {
        "mean": 0.222575053573,
        "stdev": 0.162976741791
    },
    "spectral_flatness_db": {
        "mean": 0.282698839903,
        "stdev": 0.0373385623097
    },
    "spectral_flux": {
        "mean": 0.127795904875,
        "stdev": 0.0854257196188
    },
    "spectral_kurtosis": {
        "mean": 19.1193618774,
        "stdev": 7.93156528473
    },
    "spectral_rms": {
        "mean": 0.0222283024341,
        "stdev": 0.00761478254572
    },
    "spectral_rolloff": {
        "mean": 389.526000977,
        "stdev": 126.696517944
    },
    "spectral_skewness": {
        "mean": 4.1011800766,
        "stdev": 0.868594706059
    },
    "spectral_spread": {
        "mean": 8292227,
        "stdev": 4779922.5
    },
    "spectral_strongpeak": {
        "mean": 2.27579712868,
        "stdev": 1.39366877079
    },
    "zerocrossingrate": {
        "mean": 0.0164849571884,
        "stdev": 0.00596416369081
    },
    "barkbands": {
        "mean": [0.00188186299056, 0.0163325872272, 0.0327475778759, 0.0189902223647, 0.0215455759317, 0.148748248816, 0.00955567229539, 0.0120164845139, 0.0115744704381, 0.000224223549594, 0.000453628628748, 0.00109662872273, 0.00726188952103, 0.000417871837271, 2.66974966507e-05, 5.97442594881e-05, 9.93449211819e-05, 6.29619034953e-06, 1.74900451384e-05, 1.58491329785e-05, 3.29783142661e-05, 3.06521687889e-05, 2.33813716477e-05, 1.49984562086e-05, 1.6213993149e-05, 1.8037890186e-05, 8.97759582585e-06],
        "stdev": [0.00336651597172, 0.0155439348891, 0.0200418904424, 0.0136389704421, 0.0261561479419, 0.126376032829, 0.0121298553422, 0.0188233926892, 0.0160363130271, 0.000401139317546, 0.000490347854793, 0.00218505738303, 0.0151434987783, 0.000768513593357, 6.97833311278e-05, 8.03691218607e-05, 0.000193144209334, 9.31683189265e-06, 1.63488439284e-05, 1.27874318423e-05, 2.87672282866e-05, 3.56730233761e-05, 2.19838511839e-05, 1.88427202374e-05, 3.5849687265e-05, 5.06597243657e-05, 3.42105558957e-05]
    },
    "mfcc": {
        "mean": [-610.46673584, 194.699935913, 54.121887207, 14.4282779694, -6.32737731934, 18.9867305756, -4.53391075134, -12.0554285049, -13.6618232727, -2.10496473312, 2.26868009567, 10.4813127518, -0.07758051157],
        "stdev": [43.4686470032, 21.6605224609, 19.4611320496, 15.8974809647, 12.083114624, 10.1760139465, 9.66148090363, 9.85516262054, 9.13842773438, 7.38854265213, 6.29784202576, 5.78668069839, 5.71561956406]
    },
    "sccoeffs": {
        "mean": [-0.546252906322, -0.410380214453, -0.641364037991, -0.602524220943, -0.800543665886, -0.823148787022],
        "stdev": [0.0968401357532, 0.176270172, 0.111929163337, 0.125677213073, 0.0366522930562, 0.0158915296197]
    },
    "scvalleys": {
        "mean": [-3.44674801826, -4.36843776703, -6.06520700455, -7.18722581863, -7.88269519806, -8.47597885132],
        "stdev": [0.502507269382, 0.608440220356, 0.70311909914, 0.507318437099, 0.360782951117, 0.462003350258]
    }
},
"rhythm": {
    "bpm": 198.768005371,
    "confidence": 0,
    "first_peak_bpm": {
        "mean": 199,
        "stdev": 0
    },
    "first_peak_spread": {
        "mean": 0,
        "stdev": 0
    },
    "first_peak_weight": {
        "mean": 0.666666686535,
        "stdev": 0
    },
    "onset_rate": 5.20937919617,
    "second_peak_bpm": {
        "mean": 215,
        "stdev": 0
    },
    "second_peak_spread": {
        "mean": 0,
        "stdev": 0
    },
    "second_peak_weight": {
        "mean": 0.333333343267,
        "stdev": 0
    }
},
"sfx": {
    "inharmonicity": {
        "mean": 0.0124690672383,
        "stdev": 0.0276206750423
    },
    "oddtoevenharmonicenergyratio": {
        "mean": 11.634144783,
        "stdev": 89.9656829834
    },
    "pitch_after_max_to_before_max_energy_ratio": 0.361190706491,
    "pitch_centroid": 65.2169647217,
    "pitch_max_to_total": 0.701492547989,
    "pitch_min_to_total": 0.723880589008,
    "tristimulus": {
        "mean": [0.544062435627, 0.35501357913, 0.100924037397],
        "stdev": [0.211736693978, 0.131342962384, 0.139060109854]
    }
},
"tonal": {
    "chords_changes_rate": 0.0285714287311,
    "chords_number_rate": 0.0571428574622,
    "chords_strength": {
        "mean": 0.36599367857,
        "stdev": 0.0462834723294
    },
    "key_strength": 0.565062701702,
    "tuning_diatonic_strength": 0.425559550524,
    "tuning_equal_tempered_deviation": 0.0467796251178,
    "tuning_frequency": 438.224517822,
    "tuning_nontempered_energy_ratio": 0.639541208744,
    "hpcp": {
        "mean": [0.0868415310979, 0.0464581586421, 0.0105707272887, 0.00916975922883, 0.0186501350254, 0.0439042448997, 0.0443710871041, 0.0156942140311, 0.0276159271598, 0.0410418696702, 0.0155793074518, 0.00261958665214, 0.00680028321221, 0.00909861456603, 0.152903795242, 0.357674956322, 0.251264959574, 0.0481512621045, 0.0124717131257, 0.021332975477, 0.287016361952, 0.652715146542, 0.41634619236, 0.0501671954989, 0.0152828861028, 0.000992959365249, 0.00338157592341, 0.00833634007722, 0.00643981527537, 0.00761403609067, 0.0316512659192, 0.0326362475753, 0.00848057121038, 0.00364325428382, 0.00986129697412, 0.0542785078287],
        "stdev": [0.22008523345, 0.109664753079, 0.0329736098647, 0.0316942445934, 0.0863241776824, 0.147802934051, 0.114605441689, 0.0349885746837, 0.111508972943, 0.179116994143, 0.0738966017962, 0.00356961716898, 0.0105904638767, 0.0191763211042, 0.222539007664, 0.444733649492, 0.309209555387, 0.0940439775586, 0.034678094089, 0.0579929500818, 0.215623617172, 0.462591409683, 0.316298782825, 0.167240813375, 0.0801965743303, 0.00197469815612, 0.00397574901581, 0.0132161285728, 0.0119014363736, 0.0174691546708, 0.140441551805, 0.166041910648, 0.0411447025836, 0.00547393737361, 0.0174577366561, 0.115607619286]
    },
    "chords_histogram": [88.5714263916, 11.428571701, 0, 0, 0, 0, 0, 0, 0, 0, 0, 0, 0, 0, 0, 0, 0, 0, 0, 0, 0, 0, 0, 0],