{
"metadata": {
    "version": {
        "essentia": "2.1-beta5-dev"
    }
},
"lowLevel": {
    "average_loudness": 0.99068403244,
    "barkbands_kurtosis": {
        "mean": 20.0531082153,
        "stdev": 23.6645908356
    },
    "barkbands_skewness": {
        "mean": 2.68962550163,
        "stdev": 2.52409958839
    },
    "barkbands_spread": {
        "mean": 6.46421957016,
        "stdev": 4.04099035263
    },
    "dissonance": {
        "mean": 0.212969452143,
        "stdev": 0.11320193857
    },
    "hfc": {
        "mean": 71.5442504883,
        "stdev": 80.0348434448
    },
    "pitch": {
        "mean": 341.952606201,
        "stdev": 346.524993896
    },
    "pitch_instantaneous_confidence": {
        "mean": 0.546128571033,
        "stdev": 0.310503423214
    },
    "pitch_salience": {
        "mean": 0.523879349232,
        "stdev": 0.0838227272034
    },
    "silence_rate_20dB": {
        "mean": 0.869822502136,
        "stdev": 0.336498826742
    },
    "silence_rate_30dB": {
        "mean": 0.47928994894,
        "stdev": 0.499570667744
    },
    "silence_rate_60dB": {
        "mean": 0.00591715984046,
        "stdev": 0.0766951590776
    },
    "spectral_centroid": {
        "mean": 336.194641113,
        "stdev": 255.622329712
    },
    "spectral_complexity": {
        "mean": 7.77514791489,
        "stdev": 2.39261078835
    },
    "spectral_crest": {
        "mean": 12.7401256561,
        "stdev": 3.57884693146
    },
    "spectral_decrease": {
        "mean": -8.76048531495e-08,
        "stdev": 7.28770288561e-08
    },
    "spectral_energy": {
        "mean": 0.172293528914,
        "stdev": 0.145046159625
    },
    "spectral_energyband_high": {
        "mean": 0.000338956946507,
        "stdev": 0.000352674280293
    },
    "spectral_energyband_low": {
        "mean": 0.0495152771473,
        "stdev": 0.0332672744989
    },
    "spectral_energyband_middle_high": {
        "mean": 0.0171533823013,
        "stdev": 0.0286562480032
    },
    "spectral_energyband_middle_low": {
        "mean": 0.122936666012,
        "stdev": 0.130196392536
    },
    "spectral_flatness_db": {
        "mean": 0.226814761758,
        "stdev": 0.0401108637452
    },
    "spectral_flux": {
        "mean": 0.118247590959,
        "stdev": 0.0829117447138
    },
    "spectral_kurtosis": {
        "mean": 9.32753276825,
        "stdev": 6.64658546448
    },
    "spectral_rms": {
        "mean": 0.0166518613696,
        "stdev": 0.00765312416479
    },
    "spectral_rolloff": {
        "mean": 452.324798584,
        "stdev": 404.734832764
    },
    "spectral_skewness": {
        "mean": 2.85078787804,
        "stdev": 0.973417401314
    },
    "spectral_spread": {
        "mean": 14100206,
        "stdev": 7374101.5
    },
    "spectral_strongpeak": {
        "mean": 1.66312205791,
        "stdev": 1.82495164871
    },
    "zerocrossingrate": {
        "mean": 0.0248994547874,
        "stdev": 0.0102813877165
    },
    "barkbands": {
        "mean": [0.00429541384801, 0.0149256587029, 0.020426813513, 0.0121519127861, 0.0025296441745, 0.0144877601415, 0.0546981208026, 0.0214279014617, 0.00737657863647, 0.0133424019441, 0.00062607327709, 0.00307400943711, 0.000346104585333, 0.00165663578082, 0.000326555891661, 0.000101892255771, 8.58084822539e-05, 1.31780288939e-05, 4.47968632216e-05, 3.75071103917e-05, 8.6678439402e-05, 6.54752875562e-05, 5.50680560991e-05, 3.24249122059e-05, 3.0840979889e-05, 3.30836737703e-05, 1.4242823454e-05],
        "stdev": [0.00731139397249, 0.0127931796014, 0.0145028131083, 0.00777802849188, 0.00326212332584, 0.0344826318324, 0.0886506736279, 0.0679611936212, 0.0197205655277, 0.0280869007111, 0.00151026446838, 0.0108201829717, 0.000498624518514, 0.00331298122182, 0.000728209444787, 0.000145516460179, 0.000199758389499, 1.16555902423e-05, 3.51110975316e-05, 2.90899170068e-05, 7.99999252195e-05, 6.32025257801e-05, 4.92859944643e-05, 3.17338308378e-05, 4.91846512887e-05, 6.30977665423e-05, 4.33409913967e-05]
    },
    "mfcc": {
        "mean": [-607.116210938, 150.564941406, 44.7019500732, 21.8632850647, -3.6825594902, 17.3196182251, -1.85915446281, -2.49238276482, 1.60808897018, 12.8125925064, 6.75281476974, 6.58639907837, 3.0348379612],
        "stdev": [57.3381767273, 35.1760940552, 16.6649494171, 21.9297027588, 12.5697154999, 9.73072242737, 11.9128475189, 12.4887390137, 8.18960762024, 7.73352003098, 7.6941781044, 14.4233341217, 11.5537843704]
    },
    "sccoeffs": {
        "mean": [-0.575729191303, -0.550599515438, -0.605843245983, -0.682065010071, -0.80769020319, -0.813608586788],
        "stdev": [0.107317209244, 0.241830781102, 0.215896263719, 0.102287642658, 0.0349182784557, 0.0180210117251]
    },
    "scvalleys": {
        "mean": [-3.78061032295, -4.80369091034, -6.27796936035, -6.97722864151, -7.4731502533, -8.04819393158],
        "stdev": [0.727553904057, 0.831177830696, 0.678618252277, 0.589458763599, 0.409862488508, 0.559895634651]
    }
},
"rhythm": {
    "bpm": 110.006576538,
    "confidence": 0,
    "first_peak_bpm": {
        "mean": 108,
        "stdev": 0
    },
    "first_peak_spread": {
        "mean": 0.5,
        "stdev": 0
    },
    "first_peak_weight": {
        "mean": 0.5,
        "stdev": 0
    },
    "onset_rate": 5.67302036285,
    "second_peak_bpm": {
        "mean": 0,
        "stdev": 0
    },
    "second_peak_spread": {
        "mean": 0,
        "stdev": 0
    },
    "second_peak_weight": {
        "mean": 0,
        "stdev": 0
    }
},
"sfx": {
    "inharmonicity": {
        "mean": 0.0358471795917,
        "stdev": 0.0865107476711
    },
    "oddtoevenharmonicenergyratio": {
        "mean": 5.50622797012,
        "stdev": 16.3203144073
    },
    "pitch_after_max_to_before_max_energy_ratio": 0.82206505537,
    "pitch_centroid": 79.3569107056,
    "pitch_max_to_total": 0.550295829773,
    "pitch_min_to_total": 0.556213021278,
    "tristimulus": {
        "mean": [0.41284134984, 0.373961240053, 0.207280173898],
        "stdev": [0.294062763453, 0.203033968806, 0.268566012383]
    }
},
"tonal": {
    "chords_changes_rate": 0.0232558138669,
    "chords_number_rate": 0.0465116277337,
    "chords_strength": {
        "mean": 0.488463908434,
        "stdev": 0.0847267135978
    },
    "key_strength": 0.763267219067,
    "tuning_diatonic_strength": 0.552436769009,
    "tuning_equal_tempered_deviation": 0.142197445035,
    "tuning_frequency": 435.197479248,
    "tuning_nontempered_energy_ratio": 0.728567242622,
    "hpcp": {
        "mean": [0.0173478424549, 0.0419163964689, 0.146354869008, 0.27594268322, 0.181874021888, 0.0304226987064, 0.0155269084498, 0.011233032681, 0.0203125067055, 0.0535862445831, 0.037852268666, 0.00602981587872, 0.0223161317408, 0.0285482630134, 0.0662119239569, 0.189394682646, 0.189385786653, 0.12163811177, 0.156100183725, 0.120901100338, 0.0318511128426, 0.00282818404958, 0.00220620026812, 0.0579099655151, 0.137451842427, 0.10608227551, 0.0473190359771, 0.029006389901, 0.0114658800885, 0.0448427349329, 0.071377761662, 0.0436148606241, 0.128043502569, 0.256788432598, 0.150484025478, 0.0127959316596],
        "stdev": [0.0531040541828, 0.156029745936, 0.230047896504, 0.418280631304, 0.271680474281, 0.0412576049566, 0.0486371442676, 0.039698716253, 0.0575880780816, 0.157501399517, 0.103842660785, 0.0219277106225, 0.138007834554, 0.150891676545, 0.166126251221, 0.336683541536, 0.303764879704, 0.241953417659, 0.316044360399, 0.271870791912, 0.108951486647, 0.00733806658536, 0.00234969565645, 0.118707276881, 0.297031402588, 0.242040604353, 0.178190857172, 0.151303067803, 0.0412375554442, 0.173573762178, 0.242859244347, 0.127499401569, 0.227592855692, 0.435752183199, 0.26058742404, 0.0256801489741]
    },
    "chords_histogram": [0, 0, 58.1395339966, 0, 0, 0, 0, 0, 0, 0, 0, 0, 0, 0, 0, 0, 0, 0, 0, 0, 0, 0, 41.8604660034, 0],