{
"metadata": {
    "version": {
        "essentia": "2.1-beta5-dev"
    }
},
"lowLevel": {
    "average_loudness": 0.99068403244,
    "barkbands_kurtosis": {
        "mean": 49.5620002747,
        "stdev": 64.9671936035
    },
    "barkbands_skewness": {
        "mean": 3.77833390236,
        "stdev": 3.37263512611
    },
    "barkbands_spread": {
        "mean": 3.39998793602,
        "stdev": 2.44197392464
    },
    "dissonance": {
        "mean": 0.195161923766,
        "stdev": 0.11437921226
    },
    "hfc": {
        "mean": 83.494644165,
        "stdev": 66.9711227417
    },
    "pitch": {
        "mean": 233.309143066,
        "stdev": 109.015640259
    },
    "pitch_instantaneous_confidence": {
        "mean": 0.585251569748,
        "stdev": 0.256483733654
    },
    "pitch_salience": {
        "mean": 0.475656449795,
        "stdev": 0.0932817310095
    },
    "silence_rate_20dB": {
        "mean": 0.517543852329,
        "stdev": 0.499691903591
    },
    "silence_rate_30dB": {
        "mean": 0.157894730568,
        "stdev": 0.364642441273
    },
    "silence_rate_60dB": {
        "mean": 0,
        "stdev": 0
    },
    "spectral_centroid": {
        "mean": 240.136001587,
        "stdev": 132.590881348
    },
    "spectral_complexity": {
        "mean": 7.0789475441,
        "stdev": 2.89022731781
    },
    "spectral_crest": {
        "mean": 13.6495695114,
        "stdev": 3.68682098389
    },
    "spectral_decrease": {
        "mean": -1.55441526317e-07,
        "stdev": 9.22953020677e-08
    },
    "spectral_energy": {
        "mean": 0.301767557859,
        "stdev": 0.180445119739
    },
    "spectral_energyband_high": {
        "mean": 0.000255951774307,
        "stdev": 0.000269072246738
    },
    "spectral_energyband_low": {
        "mean": 0.103283159435,
        "stdev": 0.0590438246727
    },
    "spectral_energyband_middle_high": {
        "mean": 0.00474318768829,
        "stdev": 0.00590286450461
    },
    "spectral_energyband_middle_low": {
        "mean": 0.212312012911,
        "stdev": 0.173046112061
    },
    "spectral_flatness_db": {
        "mean": 0.283253550529,
        "stdev": 0.0465776249766
    },
    "spectral_flux": {
        "mean": 0.129863649607,
        "stdev": 0.104535728693
    },
    "spectral_kurtosis": {
        "mean": 12.5934848785,
        "stdev": 7.07795476913
    },
    "spectral_rms": {
        "mean": 0.0229342468083,
        "stdev": 0.00789059139788
    },
    "spectral_rolloff": {
        "mean": 309.775909424,
        "stdev": 184.212036133
    },
    "spectral_skewness": {
        "mean": 3.35135674477,
        "stdev": 0.906840980053
    },
    "spectral_spread": {
        "mean": 11736823,
        "stdev": 6283012.5
    },
    "spectral_strongpeak": {
        "mean": 2.04683947563,
        "stdev": 1.51191496849
    },
    "zerocrossingrate": {
        "mean": 0.0145542081445,
        "stdev": 0.00716803921387
    },
    "barkbands": {
        "mean": [0.00349841243587, 0.0276183132082, 0.0534544363618, 0.02205616422, 0.0328059233725, 0.12511241436, 0.00605920376256, 0.0163176525384, 0.00973465945572, 0.00032422831282, 0.000621693499852, 0.000647273845971, 0.0025036833249, 0.000443317228928, 4.99353809573e-05, 0.000146331760334, 4.38579954789e-05, 1.24379175759e-05, 4.23139790655e-05, 3.41760096489e-05, 5.87020695093e-05, 4.99579691677e-05, 4.23552955908e-05, 2.47929074249e-05, 2.63979745796e-05, 2.70370983344e-05, 1.14358272185e-05],
        "stdev": [0.00516583910212, 0.0194832812995, 0.0327937304974, 0.020324183628, 0.0555569827557, 0.128232821822, 0.00698932446539, 0.027146467939, 0.012936566025, 0.000613942276686, 0.00109691917896, 0.00107014423702, 0.00376241886988, 0.000878598541021, 7.18563314877e-05, 0.000213944877032, 5.98617480136e-05, 1.98908946913e-05, 5.14952189405e-05, 2.68548428721e-05, 5.04770396219e-05, 5.01672329847e-05, 3.63461695088e-05, 2.80864496744e-05, 4.83840703964e-05, 4.73549916933e-05, 3.71899477614e-05]
    },
    "mfcc": {
        "mean": [-607.241271973, 165.590377808, 54.1441383362, 28.382484436, 0.537547707558, 18.74949646, -0.399078756571, -5.43508815765, -6.04249382019, 2.96923589706, 0.606747865677, 6.79314422607, 4.819003582],
        "stdev": [53.6693611145, 34.2201080322, 22.3269615173, 26.5898761749, 15.4126520157, 10.6230344772, 13.9435300827, 15.9461841583, 11.1979961395, 9.67167186737, 7.80505466461, 7.26192522049, 5.77999830246]
    },
    "sccoeffs": {
        "mean": [-0.481925725937, -0.495445430279, -0.673717141151, -0.670600652695, -0.808414816856, -0.815290212631],
        "stdev": [0.0907600149512, 0.276484370232, 0.152088522911, 0.125069200993, 0.0321010388434, 0.0180435720831]
    },
    "scvalleys": {
        "mean": [-3.57267332077, -4.78971910477, -6.32973814011, -7.15094137192, -7.54698419571, -8.17600536346],
        "stdev": [0.863284647465, 0.802660405636, 0.728628396988, 0.554486632347, 0.299475431442, 0.40194568038]
    }
},
"rhythm": {
    "bpm": 154.302093506,
    "confidence": 0,
    "first_peak_bpm": {
        "mean": 152,
        "stdev": 0
    },
    "first_peak_spread": {
        "mean": 0,
        "stdev": 0
    },
    "first_peak_weight": {
        "mean": 0.5,
        "stdev": 0
    },
    "onset_rate": 5.35101413727,
    "second_peak_bpm": {
        "mean": 157,
        "stdev": 0
    },
    "second_peak_spread": {
        "mean": 0,
        "stdev": 0
    },
    "second_peak_weight": {
        "mean": 0.5,
        "stdev": 0
    }
},
"sfx": {
    "inharmonicity": {
        "mean": 0.0244296602905,
        "stdev": 0.0442434437573
    },
    "oddtoevenharmonicenergyratio": {
        "mean": 11.6528921127,
        "stdev": 95.3011779785
    },
    "pitch_after_max_to_before_max_energy_ratio": 18.9138793945,
    "pitch_centroid": 51.0875473022,
    "pitch_max_to_total": 0,
    "pitch_min_to_total": 0.280701756477,
    "tristimulus": {
        "mean": [0.551627337933, 0.286436021328, 0.161936610937],
        "stdev": [0.304281353951, 0.201063007116, 0.224912211299]
    }
},
"tonal": {
    "chords_changes_rate": 0,
    "chords_number_rate": 0.0333333350718,
    "chords_strength": {
        "mean": 0.43670541048,
        "stdev": 0.0296144746244
    },
    "key_strength": 0.563742876053,
    "tuning_diatonic_strength": 0.387152791023,
    "tuning_equal_tempered_deviation": 0.0813204050064,
    "tuning_frequency": 439.745910645,
    "tuning_nontempered_energy_ratio": 0.708399355412,
    "hpcp": {
        "mean": [0.115331940353, 0.0393347367644, 0.0024711668957, 0.00200155540369, 0.00130370946135, 0.00673404335976, 0.01190520823, 0.00615455722436, 0.00154201337136, 0.00411681411788, 0.068046502769, 0.301991760731, 0.321147501469, 0.100632168353, 0.0540581792593, 0.0487906709313, 0.0185296498239, 0.0797400474548, 0.143142998219, 0.0946093276143, 0.236375913024, 0.367986381054, 0.157831370831, 0.00418298458681, 0.00287467357703, 0.00148072873708, 0.00603369576856, 0.0115910256281, 0.00667534954846, 0.0027389312163, 0.00292143155821, 0.00207430589944, 0.0124428728595, 0.0354468747973, 0.0479865707457, 0.10101377219],
        "stdev": [0.304836422205, 0.110630854964, 0.00521412678063, 0.0033960363362, 0.00290692108683, 0.01390340738, 0.0265561528504, 0.0129670891911, 0.00435862084851, 0.0141900451854, 0.098479218781, 0.405598133802, 0.431208133698, 0.151665985584, 0.184888511896, 0.181166097522, 0.0490725971758, 0.187977209687, 0.325970500708, 0.207999095321, 0.302802622318, 0.480906277895, 0.218825042248, 0.00763869797811, 0.0051786089316, 0.00325488927774, 0.0153718059883, 0.0330052152276, 0.0182735975832, 0.00589718250558, 0.00532053271309, 0.00541575578973, 0.0614732466638, 0.179144844413, 0.166383519769, 0.256354808807]
    },
    "chords_histogram": [100, 0, 0, 0, 0, 0, 0, 0, 0, 0, 0, 0, 0, 0, 0, 0, 0, 0, 0, 0, 0, 0, 0, 0],