{
"metadata": {
    "version": {
        "essentia": "2.1-beta5-dev"
    }
},
"lowLevel": {
    "average_loudness": 0.99068403244,
    "barkbands_kurtosis": {
        "mean": 7.88243722916,
        "stdev": 16.3388710022
    },
    "barkbands_skewness": {
        "mean": 1.13885188103,
        "stdev": 1.56333184242
    },
    "barkbands_spread": {
        "mean": 7.4247508049,
        "stdev": 3.56276416779
    },
    "dissonance": {
        "mean": 0.151060461998,
        "stdev": 0.0706375688314
    },
    "hfc": {
        "mean": 95.0369491577,
        "stdev": 61.4343261719
    },
    "pitch": {
        "mean": 433.605499268,
        "stdev": 161.654876709
    },
    "pitch_instantaneous_confidence": {
        "mean": 0.738237798214,
        "stdev": 0.235312342644
    },
    "pitch_salience": {
        "mean": 0.529394447803,
        "stdev": 0.0769239366055
    },
    "silence_rate_20dB": {
        "mean": 0.779527544975,
        "stdev": 0.414565354586
    },
    "silence_rate_30dB": {
        "mean": 0.149606302381,
        "stdev": 0.356685131788
    },
    "silence_rate_60dB": {
        "mean": 0.0078740157187,
        "stdev": 0.0883856117725
    },
    "spectral_centroid": {
        "mean": 378.45223999,
        "stdev": 142.479278564
    },
    "spectral_complexity": {
        "mean": 8.43307113647,
        "stdev": 2.79648423195
    },
    "spectral_crest": {
        "mean": 12.0714035034,
        "stdev": 2.8190908432
    },
    "spectral_decrease": {
        "mean": -1.21553142662e-07,
        "stdev": 6.27359213468e-08
    },
    "spectral_energy": {
        "mean": 0.238676205277,
        "stdev": 0.123468548059
    },
    "spectral_energyband_high": {
        "mean": 0.000249282253208,
        "stdev": 0.000239185334067
    },
    "spectral_energyband_low": {
        "mean": 0.0785124003887,
        "stdev": 0.0578268952668
    },
    "spectral_energyband_middle_high": {
        "mean": 0.0169680919498,
        "stdev": 0.0279737692326
    },
    "spectral_energyband_middle_low": {
        "mean": 0.161255732179,
        "stdev": 0.0953031554818
    },
    "spectral_flatness_db": {
        "mean": 0.249598607421,
        "stdev": 0.045255150646
    },
    "spectral_flux": {
        "mean": 0.16519254446,
        "stdev": 0.0844450220466
    },
    "spectral_kurtosis": {
        "mean": 13.9006881714,
        "stdev": 6.34967708588
    },
    "spectral_rms": {
        "mean": 0.0205450784415,
        "stdev": 0.00656929751858
    },
    "spectral_rolloff": {
        "mean": 597.164855957,
        "stdev": 244.718734741
    },
    "spectral_skewness": {
        "mean": 3.50396800041,
        "stdev": 0.794413566589
    },
    "spectral_spread": {
        "mean": 10066671,
        "stdev": 5260335.5
    },
    "spectral_strongpeak": {
        "mean": 2.18822336197,
        "stdev": 1.66404104233
    },
    "zerocrossingrate": {
        "mean": 0.0231606792659,
        "stdev": 0.00833240523934
    },
    "barkbands": {
        "mean": [0.00766886025667, 0.0244291834533, 0.0307160522789, 0.0210955981165, 0.0032526650466, 0.0324652008712, 0.0334113277495, 0.0553200654685, 0.0062557333149, 0.00955504644662, 0.000413115136325, 0.0100018205121, 0.000914817035664, 0.00160207832232, 0.000620060309302, 0.000496589636896, 8.79361323314e-05, 3.89072811231e-05, 6.12284129602e-05, 3.75158633688e-05, 8.14843879198e-05, 4.68009966426e-05, 3.04751065414e-05, 2.21860864258e-05, 2.15597101487e-05, 2.08328929148e-05, 8.52712219057e-06],
        "stdev": [0.0122115528211, 0.01915919967, 0.024106644094, 0.0138504635543, 0.00404509017244, 0.0631946921349, 0.0466800183058, 0.0690092965961, 0.00594164337963, 0.0183017849922, 0.000833470665384, 0.0265778973699, 0.0020912210457, 0.00276177213527, 0.000769055797718, 0.00113312387839, 8.60477230162e-05, 5.75631311222e-05, 5.04019953951e-05, 6.22256557108e-05, 7.72914572735e-05, 5.08602024638e-05, 2.6007035558e-05, 1.74377928488e-05, 2.82239452645e-05, 3.39555190294e-05, 2.24769337365e-05]
    },
    "mfcc": {
        "mean": [-595.264465332, 168.352279663, 33.3532791138, 18.2306957245, 1.13817679882, 16.1093025208, -2.95946002007, -4.37556600571, 7.17299461365, 17.4715862274, 15.2829532623, 14.3251838684, 5.73274278641],
        "stdev": [49.4687461853, 24.2717399597, 19.8736419678, 15.7671194077, 10.0760440826, 7.9717130661, 8.63533210754, 10.7303237915, 14.4450092316, 15.6089267731, 12.8094272614, 18.3607368469, 13.8681020737]
    },
    "sccoeffs": {
        "mean": [-0.541346371174, -0.422619491816, -0.535255968571, -0.615160882473, -0.789329707623, -0.813297390938],
        "stdev": [0.128330796957, 0.19525384903, 0.185623630881, 0.102073222399, 0.0459020249546, 0.0215981341898]
    },
    "scvalleys": {
        "mean": [-3.60230255127, -4.69563150406, -6.28387928009, -7.02448129654, -7.51568126678, -8.19975376129],
        "stdev": [0.565437793732, 0.728152275085, 0.7541462183, 0.56716054678, 0.395217895508, 0.42034894228]
    }
},
"rhythm": {
    "bpm": 143.554672241,
    "confidence": 0,
    "first_peak_bpm": {
        "mean": 144,
        "stdev": 0
    },
    "first_peak_spread": {
        "mean": 0,
        "stdev": 0
    },
    "first_peak_weight": {
        "mean": 0.5,
        "stdev": 0
    },
    "onset_rate": 5.50098228455,
    "second_peak_bpm": {
        "mean": 167,
        "stdev": 0
    },
    "second_peak_spread": {
        "mean": 0,
        "stdev": 0
    },
    "second_peak_weight": {
        "mean": 0.5,
        "stdev": 0
    }
},
"sfx": {
    "inharmonicity": {
        "mean": 0.0149915926158,
        "stdev": 0.0368608385324
    },
    "oddtoevenharmonicenergyratio": {
        "mean": 0.544261038303,
        "stdev": 1.75615942478
    },
    "pitch_after_max_to_before_max_energy_ratio": 0.405123084784,
    "pitch_centroid": 52.3266868591,
    "pitch_max_to_total": 0.448818892241,
    "pitch_min_to_total": 0.755905508995,
    "tristimulus": {
        "mean": [0.568207919598, 0.326330274343, 0.10546168685],
        "stdev": [0.211551204324, 0.142087757587, 0.197429165244]
    }
},
"tonal": {
    "chords_changes_rate": 0.0303030312061,
    "chords_number_rate": 0.0606060624123,
    "chords_strength": {
        "mean": 0.427491694689,
        "stdev": 0.0717521756887
    },
    "key_strength": 0.666512489319,
    "tuning_diatonic_strength": 0.502125263214,
    "tuning_equal_tempered_deviation": 0.0651477947831,
    "tuning_frequency": 436.456176758,
    "tuning_nontempered_energy_ratio": 0.647830963135,
    "hpcp": {
        "mean": [0.361914455891, 0.208404868841, 0.0580407418311, 0.0260635260493, 0.0047450219281, 0.00512353004888, 0.00497305532917, 0.00216738856398, 0.00357912806794, 0.0103481030092, 0.011883658357, 0.0486928969622, 0.0963154584169, 0.0685773044825, 0.174504205585, 0.306690335274, 0.17279407382, 0.121420569718, 0.188038423657, 0.108870789409, 0.0436369664967, 0.0390123911202, 0.0223338399082, 0.0687365010381, 0.142173662782, 0.0858951807022, 0.00485202204436, 0.00316172698513, 0.0231374762952, 0.174402952194, 0.296321839094, 0.155255824327, 0.0150429019704, 0.0119420262054, 0.0445554740727, 0.224076509476],
        "stdev": [0.408185660839, 0.241588592529, 0.176446855068, 0.11419647187, 0.0133489966393, 0.0133035015315, 0.0141724143177, 0.00498732039705, 0.00440807035193, 0.0126176504418, 0.0165851768106, 0.133816987276, 0.286526888609, 0.181006386876, 0.244514718652, 0.419110625982, 0.236143603921, 0.214767947793, 0.30846965313, 0.180670171976, 0.140444129705, 0.101756118238, 0.0462470836937, 0.13760407269, 0.326848000288, 0.209008693695, 0.00894502270967, 0.0123467110097, 0.0813994780183, 0.276092261076, 0.425521820784, 0.248417526484, 0.0388229526579, 0.03610528633, 0.0850718021393, 0.249379992485]
    },
    "chords_histogram": [0, 0, 90.9090881348, 0, 0, 0, 0, 0, 0, 0, 0, 0, 0, 0, 0, 0, 0, 0, 0, 0, 0, 0, 9.09090900421, 0],