{
"metadata": {
    "version": {
        "essentia": "2.1-beta5-dev"
    }
},
"lowLevel": {
    "average_loudness": 0.99068403244,
    "barkbands_kurtosis": {
        "mean": 22.7879562378,
        "stdev": 24.9244365692
    },
    "barkbands_skewness": {
        "mean": 2.90531229973,
        "stdev": 1.86864244938
    },
    "barkbands_spread": {
        "mean": 6.00322675705,
        "stdev": 6.74382734299
    },
    "dissonance": {
        "mean": 0.201180681586,
        "stdev": 0.0924265682697
    },
    "hfc": {
        "mean": 65.5301818848,
        "stdev": 75.6912002563
    },
    "pitch": {
        "mean": 316.681488037,
        "stdev": 248.015319824
    },
    "pitch_instantaneous_confidence": {
        "mean": 0.513802111149,
        "stdev": 0.271336764097
    },
    "pitch_salience": {
        "mean": 0.549529314041,
        "stdev": 0.0966357588768
    },
    "silence_rate_20dB": {
        "mean": 0.834782600403,
        "stdev": 0.371376872063
    },
    "silence_rate_30dB": {
        "mean": 0.313043475151,
        "stdev": 0.463731646538
    },
    "silence_rate_60dB": {
        "mean": 0.0260869562626,
        "stdev": 0.159393936396
    },
    "spectral_centroid": {
        "mean": 292.538574219,
        "stdev": 172.586959839
    },
    "spectral_complexity": {
        "mean": 7.53913021088,
        "stdev": 1.99689733982
    },
    "spectral_crest": {
        "mean": 11.5268735886,
        "stdev": 2.71182799339
    },
    "spectral_decrease": {
        "mean": -9.96556295263e-08,
        "stdev": 7.56540288194e-08
    },
    "spectral_energy": {
        "mean": 0.194555714726,
        "stdev": 0.149775981903
    },
    "spectral_energyband_high": {
        "mean": 0.000301598309306,
        "stdev": 0.00030678321491
    },
    "spectral_energyband_low": {
        "mean": 0.0662528127432,
        "stdev": 0.0401617176831
    },
    "spectral_energyband_middle_high": {
        "mean": 0.0155908809975,
        "stdev": 0.0339674688876
    },
    "spectral_energyband_middle_low": {
        "mean": 0.135015726089,
        "stdev": 0.133924797177
    },
    "spectral_flatness_db": {
        "mean": 0.243912160397,
        "stdev": 0.0438021123409
    },
    "spectral_flux": {
        "mean": 0.131322413683,
        "stdev": 0.0783486291766
    },
    "spectral_kurtosis": {
        "mean": 10.9205446243,
        "stdev": 7.79427957535
    },
    "spectral_rms": {
        "mean": 0.0180050395429,
        "stdev": 0.00742086442187
    },
    "spectral_rolloff": {
        "mean": 431.038543701,
        "stdev": 318.579803467
    },
    "spectral_skewness": {
        "mean": 3.07833886147,
        "stdev": 1.02864849567
    },
    "spectral_spread": {
        "mean": 13057468,
        "stdev": 6660599.5
    },
    "spectral_strongpeak": {
        "mean": 1.44759869576,
        "stdev": 1.47982537746
    },
    "zerocrossingrate": {
        "mean": 0.0229194965214,
        "stdev": 0.0161050166935
    },
    "barkbands": {
        "mean": [0.0020635065157, 0.0168996937573, 0.0317891091108, 0.024040248245, 0.0196913238615, 0.0241801310331, 0.0473400056362, 0.0101708378643, 0.00075523898704, 0.0122635206208, 0.00047869476839, 0.000904657295905, 0.000397827854613, 0.0027131868992, 0.000341441656929, 8.07191318017e-05, 7.51865300117e-05, 1.16834353321e-05, 3.93675582018e-05, 2.70300042757e-05, 9.51133552007e-05, 5.29478056706e-05, 4.23403980676e-05, 2.72171273537e-05, 2.81180036836e-05, 3.21177321894e-05, 1.36539420055e-05],
        "stdev": [0.00301787746139, 0.0120215946808, 0.0212826095521, 0.0192026048899, 0.0218131449074, 0.0478229187429, 0.089838154614, 0.0188729912043, 0.00170123681892, 0.0335046201944, 0.000769335136283, 0.0015996407019, 0.000462705997052, 0.00549713894725, 0.000803930510301, 0.000208713012398, 6.19058846496e-05, 1.9029741452e-05, 3.8880523789e-05, 2.04432253668e-05, 7.96548702056e-05, 4.90787533636e-05, 3.70640955225e-05, 3.10570576403e-05, 5.56748491363e-05, 6.09955641266e-05, 4.08313972002e-05]
    },
    "mfcc": {
        "mean": [-608.894042969, 161.249542236, 54.0517921448, 28.0407581329, -2.71227741241, 19.7364730835, 0.609286785126, -3.21560430527, -5.79258298874, -0.56181615591, 4.71798801422, 10.734038353, 0.689121305943],
        "stdev": [50.6459197998, 34.432308197, 19.9178009033, 20.8953399658, 9.94620132446, 8.44832515717, 12.5594511032, 13.834233284, 12.3034992218, 11.5941438675, 9.80282020569, 11.9447870255, 8.43856239319]
    },
    "sccoeffs": {
        "mean": [-0.586903095245, -0.559975266457, -0.69055300951, -0.659603595734, -0.796758770943, -0.80746024847],
        "stdev": [0.096469335258, 0.196119785309, 0.16999232769, 0.115882873535, 0.0259166359901, 0.017162758857]
    },
    "scvalleys": {
        "mean": [-3.30652880669, -4.6633849144, -6.0787229538, -7.23152828217, -7.64403772354, -8.14526367188],
        "stdev": [0.693551361561, 0.719888627529, 0.565517008305, 0.527804195881, 0.361361950636, 0.44091796875]
    }
},
"rhythm": {
    "bpm": 139.674819946,
    "confidence": 0,
    "first_peak_bpm": {
        "mean": 140,
        "stdev": 0
    },
    "first_peak_spread": {
        "mean": 0,
        "stdev": 0
    },
    "first_peak_weight": {
        "mean": 1,
        "stdev": 0
    },
    "onset_rate": 5.31618070602,
    "second_peak_bpm": {
        "mean": 0,
        "stdev": 0
    },
    "second_peak_spread": {
        "mean": 0,
        "stdev": 0
    },
    "second_peak_weight": {
        "mean": 0,
        "stdev": 0
    }
},
"sfx": {
    "inharmonicity": {
        "mean": 0.0259438417852,
        "stdev": 0.0404284261167
    },
    "oddtoevenharmonicenergyratio": {
        "mean": 43.1501274109,
        "stdev": 186.962936401
    },
    "pitch_after_max_to_before_max_energy_ratio": 0.32412058115,
    "pitch_centroid": 64.7309875488,
    "pitch_max_to_total": 0.991304337978,
    "pitch_min_to_total": 0.452173918486,
    "tristimulus": {
        "mean": [0.434798896313, 0.389221221209, 0.175979852676],
        "stdev": [0.285719782114, 0.213365003467, 0.169833153486]
    }
},
"tonal": {
    "chords_changes_rate": 0.0666666701436,
    "chords_number_rate": 0.10000000149,
    "chords_strength": {
        "mean": 0.424499899149,
        "stdev": 0.071031704545
    },
    "key_strength": 0.684481739998,
    "tuning_diatonic_strength": 0.392446935177,
    "tuning_equal_tempered_deviation": 0.127672314644,
    "tuning_frequency": 435.448913574,
    "tuning_nontempered_energy_ratio": 0.738708794117,
    "hpcp": {
        "mean": [0.146668344736, 0.0700370892882, 0.025300687179, 0.0220548827201, 0.0366064757109, 0.0553684085608, 0.0555801391602, 0.0528813749552, 0.152248889208, 0.32637566328, 0.216076537967, 0.0173177365214, 0.00968959648162, 0.0155236981809, 0.0784844905138, 0.207442745566, 0.144915044308, 0.0151439271867, 0.0262430422008, 0.0457827970386, 0.0372897200286, 0.0368837378919, 0.0341941788793, 0.124160811305, 0.289348453283, 0.192779242992, 0.0308494511992, 0.0172132682055, 0.00469515565783, 0.00559535669163, 0.0231904331595, 0.0319111272693, 0.0785726755857, 0.117727145553, 0.064838424325, 0.100592665374],
        "stdev": [0.335300832987, 0.132670834661, 0.0809829458594, 0.0808623358607, 0.179537892342, 0.202797144651, 0.18872153759, 0.188701614738, 0.214980363846, 0.416772037745, 0.280644804239, 0.0307736042887, 0.0483069755137, 0.0785448327661, 0.131549715996, 0.369944423437, 0.255944907665, 0.0218034535646, 0.0826615467668, 0.184354990721, 0.131467223167, 0.179050073028, 0.135272055864, 0.206454142928, 0.384567320347, 0.26624533534, 0.0717240571976, 0.058542650193, 0.00858566816896, 0.00761323422194, 0.0351785831153, 0.0677377134562, 0.16745698452, 0.303408414125, 0.147584289312, 0.240457907319]
    },
    "chords_histogram": [90, 0, 0, 0, 0, 0, 0, 0, 0, 0, 0, 0, 0, 0, 0, 0, 0, 0, 3.33333325386, 0, 0, 0, 0, 6.66666650772],