{
"metadata": {
    "version": {
        "essentia": "2.1-beta5-dev"
    }
},
"lowLevel": {
    "average_loudness": 0.99068403244,
    "barkbands_kurtosis": {
        "mean": 20.6481800079,
        "stdev": 22.0532817841
    },
    "barkbands_skewness": {
        "mean": 2.82787704468,
        "stdev": 2.14088582993
    },
    "barkbands_spread": {
        "mean": 6.2157497406,
        "stdev": 5.25497436523
    },
    "dissonance": {
        "mean": 0.208192929626,
        "stdev": 0.0928880572319
    },
    "hfc": {
        "mean": 59.3445243835,
        "stdev": 77.2829742432
    },
    "pitch": {
        "mean": 272.477478027,
        "stdev": 144.163604736
    },
    "pitch_instantaneous_confidence": {
        "mean": 0.480427652597,
        "stdev": 0.3070320189
    },
    "pitch_salience": {
        "mean": 0.542862951756,
        "stdev": 0.0843748003244
    },
    "silence_rate_20dB": {
        "mean": 0.864285707474,
        "stdev": 0.342485100031
    },
    "silence_rate_30dB": {
        "mean": 0.5,
        "stdev": 0.5
    },
    "silence_rate_60dB": {
        "mean": 0.0142857143655,
        "stdev": 0.118666052818
    },
    "spectral_centroid": {
        "mean": 309.421203613,
        "stdev": 177.04196167
    },
    "spectral_complexity": {
        "mean": 7.55000019073,
        "stdev": 2.58657264709
    },
    "spectral_crest": {
        "mean": 12.5802183151,
        "stdev": 3.74920988083
    },
    "spectral_decrease": {
        "mean": -7.76961073257e-08,
        "stdev": 7.00403717246e-08
    },
    "spectral_energy": {
        "mean": 0.15243332088,
        "stdev": 0.139393284917
    },
    "spectral_energyband_high": {
        "mean": 0.000257584411884,
        "stdev": 0.000240687964833
    },
    "spectral_energyband_low": {
        "mean": 0.0466204695404,
        "stdev": 0.0284491982311
    },
    "spectral_energyband_middle_high": {
        "mean": 0.0169869586825,
        "stdev": 0.0339960791171
    },
    "spectral_energyband_middle_low": {
        "mean": 0.106288582087,
        "stdev": 0.123757079244
    },
    "spectral_flatness_db": {
        "mean": 0.224997624755,
        "stdev": 0.0448001287878
    },
    "spectral_flux": {
        "mean": 0.0994134396315,
        "stdev": 0.0776399224997
    },
    "spectral_kurtosis": {
        "mean": 9.11202144623,
        "stdev": 6.51922893524
    },
    "spectral_rms": {
        "mean": 0.0154250944033,
        "stdev": 0.00769463321194
    },
    "spectral_rolloff": {
        "mean": 420.512695312,
        "stdev": 390.5128479
    },
    "spectral_skewness": {
        "mean": 2.85796093941,
        "stdev": 0.896976590157
    },
    "spectral_spread": {
        "mean": 13910880,
        "stdev": 6174216
    },
    "spectral_strongpeak": {
        "mean": 1.47755169868,
        "stdev": 1.54930436611
    },
    "zerocrossingrate": {
        "mean": 0.0233258921653,
        "stdev": 0.0142031889409
    },
    "barkbands": {
        "mean": [0.00162092410028, 0.0121029363945, 0.024189658463, 0.0115694766864, 0.0031090725679, 0.00715445540845, 0.0695137605071, 0.00115808099508, 0.00235158158466, 0.0155315855518, 0.000254062790191, 0.000211533129914, 0.000333467905875, 0.00265414849855, 0.00021309449221, 9.81472912827e-05, 4.45007244707e-05, 1.2965238966e-05, 3.47801578755e-05, 3.28185342369e-05, 6.59111756249e-05, 4.93573097629e-05, 3.82855796488e-05, 2.60508404608e-05, 2.47124953603e-05, 2.77206581814e-05, 9.60181023402e-06],
        "stdev": [0.00360213289969, 0.011247378774, 0.0133413057774, 0.00723733007908, 0.00368103920482, 0.0134408744052, 0.0999195873737, 0.00152188714128, 0.00632262742147, 0.0305806659162, 0.000980211305432, 0.000273009267403, 0.000529428594746, 0.00572452321649, 0.000490274105687, 0.000211858510738, 4.71733110317e-05, 1.55582401931e-05, 3.37519049936e-05, 2.78913976217e-05, 5.21960100741e-05, 4.60474402644e-05, 3.19835198752e-05, 2.67427567451e-05, 3.43299543601e-05, 4.5868120651e-05, 2.60312244791e-05]
    },
    "mfcc": {
        "mean": [-614.762207031, 156.533065796, 46.5223503113, 22.8275413513, -4.00340795517, 14.5816068649, -3.11465907097, -5.09875583649, 1.62736177444, 12.9258069992, 6.49876880646, 3.97252631187, 1.16366410255],
        "stdev": [49.3845825195, 29.3894577026, 18.2545013428, 20.8723754883, 9.44262981415, 7.65337848663, 9.35053443909, 10.5760593414, 6.91078901291, 7.60177135468, 7.25308513641, 9.72634124756, 9.13288974762]
    },
    "sccoeffs": {
        "mean": [-0.595705986023, -0.578942120075, -0.610241949558, -0.702183425426, -0.811344563961, -0.81701695919],
        "stdev": [0.103517472744, 0.23619261384, 0.190780282021, 0.120439812541, 0.0238728672266, 0.0154900513589]
    },
    "scvalleys": {
        "mean": [-3.74979782104, -4.75298261642, -6.19540166855, -6.96312618256, -7.55674266815, -8.18501091003],
        "stdev": [0.576752126217, 0.62838858366, 0.597348093987, 0.49650478363, 0.353832125664, 0.424079507589]
    }
},
"rhythm": {
    "bpm": 172.265625,
    "confidence": 0,
    "first_peak_bpm": {
        "mean": 172,
        "stdev": 0
    },
    "first_peak_spread": {
        "mean": 0,
        "stdev": 0
    },
    "first_peak_weight": {
        "mean": 0.666666686535,
        "stdev": 0
    },
    "onset_rate": 3.10322999954,
    "second_peak_bpm": {
        "mean": 167,
        "stdev": 0
    },
    "second_peak_spread": {
        "mean": 0,
        "stdev": 0
    },
    "second_peak_weight": {
        "mean": 0.333333343267,
        "stdev": 0
    }
},
"sfx": {
    "inharmonicity": {
        "mean": 0.0314685069025,
        "stdev": 0.0420963466167
    },
    "oddtoevenharmonicenergyratio": {
        "mean": 13.9895467758,
        "stdev": 92.2580413818
    },
    "pitch_after_max_to_before_max_energy_ratio": 1.49745488167,
    "pitch_centroid": 61.4811210632,
    "pitch_max_to_total": 0.257142871618,
    "pitch_min_to_total": 0.307142853737,
    "tristimulus": {
        "mean": [0.367747098207, 0.419963210821, 0.212289869785],
        "stdev": [0.298901230097, 0.204771384597, 0.214984670281]
    }
},
"tonal": {
    "chords_changes_rate": 0,
    "chords_number_rate": 0.0277777779847,
    "chords_strength": {
        "mean": 0.537688136101,
        "stdev": 0.0670069754124
    },
    "key_strength": 0.720269024372,
    "tuning_diatonic_strength": 0.534623086452,
    "tuning_equal_tempered_deviation": 0.0958637818694,
    "tuning_frequency": 436.456176758,
    "tuning_nontempered_energy_ratio": 0.667616844177,
    "hpcp": {
        "mean": [0.00205809157342, 0.0026540895924, 0.00814357306808, 0.0197870731354, 0.0166050475091, 0.00851775053889, 0.0162679757923, 0.0142254102975, 0.00541801936924, 0.00461833085865, 0.00879909843206, 0.116401314735, 0.271869838238, 0.180696770549, 0.0411702767015, 0.0306065548211, 0.00982359796762, 0.00510917510837, 0.00614172685891, 0.00980374589562, 0.0148413199931, 0.0116682471707, 0.00595563650131, 0.0417018607259, 0.102722331882, 0.0752838328481, 0.151800885797, 0.376297444105, 0.257754206657, 0.0238716825843, 0.0177566967905, 0.058115106076, 0.2445563972, 0.363674521446, 0.167439594865, 0.00609148759395],
        "stdev": [0.00386370532215, 0.00989218614995, 0.0106477532536, 0.0276557188481, 0.0221459344029, 0.0156623069197, 0.0283875986934, 0.0233494434506, 0.0132146924734, 0.0142820840701, 0.0254347156733, 0.167852118611, 0.402747631073, 0.259021341801, 0.131474450231, 0.164132028818, 0.0454980656505, 0.0118192043155, 0.0114296386018, 0.0428665950894, 0.0599851310253, 0.0469236709177, 0.0239985976368, 0.108096554875, 0.266199231148, 0.202269107103, 0.188143447042, 0.45688560605, 0.319499820471, 0.0340948142111, 0.0722368583083, 0.187748968601, 0.293494254351, 0.439152121544, 0.203595608473, 0.0148193258792]
    },
    "chords_histogram": [0, 0, 0, 0, 0, 0, 0, 0, 0, 100, 0, 0, 0, 0, 0, 0, 0, 0, 0, 0, 0, 0, 0, 0],