{
"metadata": {
    "version": {
        "essentia": "2.1-beta5-dev"
    }
},
"lowLevel": {
    "average_loudness": 0.99068403244,
    "barkbands_kurtosis": {
        "mean": 36.9224319458,
        "stdev": 45.7133178711
    },
    "barkbands_skewness": {
        "mean": 3.08880805969,
        "stdev": 2.57465410233
    },
    "barkbands_spread": {
        "mean": 3.30717206001,
        "stdev": 3.5630505085
    },
    "dissonance": {
        "mean": 0.166178524494,
        "stdev": 0.11275895685
    },
    "hfc": {
        "mean": 83.3945541382,
        "stdev": 68.4911270142
    },
    "pitch": {
        "mean": 257.204925537,
        "stdev": 100.518486023
    },
    "pitch_instantaneous_confidence": {
        "mean": 0.619263470173,
        "stdev": 0.274398952723
    },
    "pitch_salience": {
        "mean": 0.467870742083,
        "stdev": 0.117416754365
    },
    "silence_rate_20dB": {
        "mean": 0.568000018597,
        "stdev": 0.495354682207
    },
    "silence_rate_30dB": {
        "mean": 0.263999998569,
        "stdev": 0.44079965353
    },
    "silence_rate_60dB": {
        "mean": 0.01600000076,
        "stdev": 0.125475108624
    },
    "spectral_centroid": {
        "mean": 271.961395264,
        "stdev": 131.59362793
    },
    "spectral_complexity": {
        "mean": 6.59999990463,
        "stdev": 2.58302116394
    },
    "spectral_crest": {
        "mean": 13.8066492081,
        "stdev": 3.37791109085
    },
    "spectral_decrease": {
        "mean": -1.4280831806e-07,
        "stdev": 9.58255554906e-08
    },
    "spectral_energy": {
        "mean": 0.277848273516,
        "stdev": 0.187365397811
    },
    "spectral_energyband_high": {
        "mean": 0.000145136800711,
        "stdev": 0.000168468352058
    },
    "spectral_energyband_low": {
        "mean": 0.0686304494739,
        "stdev": 0.0545764304698
    },
    "spectral_energyband_middle_high": {
        "mean": 0.00475677009672,
        "stdev": 0.00674401642755
    },
    "spectral_energyband_middle_low": {
        "mean": 0.219545558095,
        "stdev": 0.176804319024
    },
    "spectral_flatness_db": {
        "mean": 0.29616522789,
        "stdev": 0.05943890661
    },
    "spectral_flux": {
        "mean": 0.104812957346,
        "stdev": 0.0994717329741
    },
    "spectral_kurtosis": {
        "mean": 19.9644203186,
        "stdev": 13.2605876923
    },
    "spectral_rms": {
        "mean": 0.0216207336634,
        "stdev": 0.00861153844744
    },
    "spectral_rolloff": {
        "mean": 325.58203125,
        "stdev": 167.762390137
    },
    "spectral_skewness": {
        "mean": 4.0418176651,
        "stdev": 1.31304359436
    },
    "spectral_spread": {
        "mean": 8664120,
        "stdev": 4585660.5
    },
    "spectral_strongpeak": {
        "mean": 2.20373392105,
        "stdev": 1.60972225666
    },
    "zerocrossingrate": {
        "mean": 0.0154140628874,
        "stdev": 0.00496967090294
    },
    "barkbands": {
        "mean": [0.00213361019269, 0.0157343260944, 0.0355601906776, 0.0194333568215, 0.0309542752802, 0.131099790335, 0.0174387004226, 0.0132697010413, 0.00725310249254, 0.000230000165175, 0.000343527528457, 0.000866178597789, 0.00219217175618, 0.000940704252571, 4.01952202083e-05, 0.000121777200548, 4.04939964938e-05, 1.26102340801e-05, 2.410451998e-05, 2.94892506645e-05, 4.4335880375e-05, 3.08272647089e-05, 1.99029345822e-05, 1.03563988887e-05, 9.31784597924e-06, 1.13367168524e-05, 4.03865351473e-06],
        "stdev": [0.00699216360226, 0.0192519761622, 0.0264657624066, 0.0175839215517, 0.0451192036271, 0.111195728183, 0.0294978618622, 0.0242416318506, 0.0110816629604, 0.000326863548253, 0.000341884442605, 0.00212682154961, 0.0041258581914, 0.00249807094224, 6.40149664832e-05, 0.000333480275003, 6.36720724287e-05, 2.00743743335e-05, 2.94003348245e-05, 5.25941322849e-05, 6.59010620438e-05, 3.59473233402e-05, 1.83636111615e-05, 9.90509306575e-06, 1.49947809405e-05, 2.79420510196e-05, 1.2131737094e-05]
    },
    "mfcc": {
        "mean": [-630.048339844, 180.414611816, 52.5579032898, 26.6219673157, -5.56358718872, 16.7726268768, -3.47707438469, -7.55110502243, -10.0035638809, -0.819730997086, 3.04200601578, 6.13261699677, -1.66246688366],
        "stdev": [54.1798019409, 39.2704315186, 20.9538936615, 24.5642814636, 15.6506977081, 13.5927457809, 12.5129022598, 15.6048727036, 13.5821218491, 8.17001152039, 7.4666557312, 7.86895608902, 6.26103019714]
    },
    "sccoeffs": {
        "mean": [-0.533536612988, -0.454367697239, -0.632436335087, -0.673208534718, -0.819488227367, -0.815472960472],
        "stdev": [0.141472116113, 0.257097065449, 0.165417537093, 0.146820217371, 0.0324547663331, 0.0240825526416]
    },
    "scvalleys": {
        "mean": [-3.71259474754, -4.85567903519, -6.52532672882, -7.32687759399, -7.84414434433, -8.56134223938],
        "stdev": [0.798688113689, 0.916670084, 0.680497646332, 0.584959805012, 0.522247195244, 0.428475409746]
    }
},
"rhythm": {
    "bpm": 129.19921875,
    "confidence": 0,
    "first_peak_bpm": {
        "mean": 129,
        "stdev": 0
    },
    "first_peak_spread": {
        "mean": 0,
        "stdev": 0
    },
    "first_peak_weight": {
        "mean": 1,
        "stdev": 0
    },
    "onset_rate": 5.58369207382,
    "second_peak_bpm": {
        "mean": 0,
        "stdev": 0
    },
    "second_peak_spread": {
        "mean": 0,
        "stdev": 0
    },
    "second_peak_weight": {
        "mean": 0,
        "stdev": 0
    }
},
"sfx": {
    "inharmonicity": {
        "mean": 0.0187175963074,
        "stdev": 0.0345260240138
    },
    "oddtoevenharmonicenergyratio": {
        "mean": 18.5007686615,
        "stdev": 125.898933411
    },
    "pitch_after_max_to_before_max_energy_ratio": 46.3617134094,
    "pitch_centroid": 66.8656845093,
    "pitch_max_to_total": 0,
    "pitch_min_to_total": 0.736000001431,
    "tristimulus": {
        "mean": [0.568835437298, 0.306915551424, 0.124248839915],
        "stdev": [0.256736189127, 0.193271562457, 0.189103603363]
    }
},
"tonal": {
    "chords_changes_rate": 0.03125,
    "chords_number_rate": 0.0625,
    "chords_strength": {
        "mean": 0.511243760586,
        "stdev": 0.0330229178071
    },
    "key_strength": 0.534796535969,
    "tuning_diatonic_strength": 0.415243625641,
    "tuning_equal_tempered_deviation": 0.0610937587917,
    "tuning_frequency": 438.731048584,
    "tuning_nontempered_energy_ratio": 0.634387910366,
    "hpcp": {
        "mean": [0.0100055541843, 0.00724241044372, 0.00311059923843, 0.00391614623368, 0.00296176061966, 0.0118615655228, 0.0410005562007, 0.0369351767004, 0.0113577656448, 0.0171969681978, 0.0149096567184, 0.00209186575375, 0.000543859205209, 0.00765268644318, 0.230913132429, 0.514633655548, 0.332820028067, 0.0506297498941, 0.0132767464966, 0.014000909403, 0.0675764605403, 0.111779056489, 0.0786554962397, 0.175588682294, 0.256362259388, 0.107205040753, 0.0031105610542, 0.00301890121773, 0.00615395978093, 0.103735156357, 0.196225330234, 0.099217183888, 0.00283546047285, 0.00125982228201, 0.00166189030278, 0.00551607413217],
        "stdev": [0.0157465506345, 0.0110183684155, 0.00469480035827, 0.00805961806327, 0.00598580623046, 0.0522228963673, 0.175912469625, 0.14318408072, 0.029825553298, 0.0877446085215, 0.0776718109846, 0.00957412831485, 0.00141096836887, 0.0275903232396, 0.255471974611, 0.46550732851, 0.313914477825, 0.0962514132261, 0.0599262230098, 0.0373133532703, 0.176903426647, 0.282875478268, 0.205422118306, 0.284677475691, 0.418383061886, 0.187252819538, 0.00566206919029, 0.00656845280901, 0.0211921874434, 0.1611956954, 0.322699457407, 0.168656557798, 0.00673770066351, 0.0033072703518, 0.00546661252156, 0.012345680967]
    },
    "chords_histogram": [9.375, 0, 0, 0, 0, 0, 0, 0, 0, 0, 0, 0, 0, 0, 0, 0, 0, 0, 0, 90.625, 0, 0, 0, 0],