{
"metadata": {
    "version": {
        "essentia": "2.1-beta5-dev"
    }
},
"lowLevel": {
    "average_loudness": 0.99068403244,
    "barkbands_kurtosis": {
        "mean": 13.5178995132,
        "stdev": 16.635175705
    },
    "barkbands_skewness": {
        "mean": 1.97054064274,
        "stdev": 1.88592374325
    },
    "barkbands_spread": {
        "mean": 8.41684341431,
        "stdev": 9.70185661316
    },
    "dissonance": {
        "mean": 0.195461452007,
        "stdev": 0.0941084697843
    },
    "hfc": {
        "mean": 76.3883590698,
        "stdev": 104.405006409
    },
    "pitch": {
        "mean": 380.586425781,
        "stdev": 211.747894287
    },
    "pitch_instantaneous_confidence": {
        "mean": 0.570662617683,
        "stdev": 0.3215097785
    },
    "pitch_salience": {
        "mean": 0.517930626869,
        "stdev": 0.124765790999
    },
    "silence_rate_20dB": {
        "mean": 0.888888895512,
        "stdev": 0.314269244671
    },
    "silence_rate_30dB": {
        "mean": 0.595238089561,
        "stdev": 0.490845769644
    },
    "silence_rate_60dB": {
        "mean": 0.0158730167896,
        "stdev": 0.124984249473
    },
    "spectral_centroid": {
        "mean": 455.602935791,
        "stdev": 383.441986084
    },
    "spectral_complexity": {
        "mean": 6.82539701462,
        "stdev": 2.38407230377
    },
    "spectral_crest": {
        "mean": 13.3839988708,
        "stdev": 5.57510375977
    },
    "spectral_decrease": {
        "mean": -7.01091238398e-08,
        "stdev": 7.1703851745e-08
    },
    "spectral_energy": {
        "mean": 0.139619678259,
        "stdev": 0.145062565804
    },
    "spectral_energyband_high": {
        "mean": 0.000189906771993,
        "stdev": 0.000219690235099
    },
    "spectral_energyband_low": {
        "mean": 0.0285209529102,
        "stdev": 0.021301176399
    },
    "spectral_energyband_middle_high": {
        "mean": 0.015161476098,
        "stdev": 0.0326611809433
    },
    "spectral_energyband_middle_low": {
        "mean": 0.101103298366,
        "stdev": 0.118179418147
    },
    "spectral_flatness_db": {
        "mean": 0.226127967238,
        "stdev": 0.0624535642564
    },
    "spectral_flux": {
        "mean": 0.0970068275928,
        "stdev": 0.0678483396769
    },
    "spectral_kurtosis": {
        "mean": 11.456609726,
        "stdev": 9.20128154755
    },
    "spectral_rms": {
        "mean": 0.0143630392849,
        "stdev": 0.00811580661684
    },
    "spectral_rolloff": {
        "mean": 640.527526855,
        "stdev": 1069.58166504
    },
    "spectral_skewness": {
        "mean": 3.06146740913,
        "stdev": 1.20499956608
    },
    "spectral_spread": {
        "mean": 13498187,
        "stdev": 7719543.5
    },
    "spectral_strongpeak": {
        "mean": 2.07312321663,
        "stdev": 2.49489545822
    },
    "zerocrossingrate": {
        "mean": 0.032691590488,
        "stdev": 0.0228798426688
    },
    "barkbands": {
        "mean": [0.00179183040746, 0.00840355828404, 0.013069906272, 0.00751835294068, 0.00175983668305, 0.00162929028738, 0.00284875393845, 0.0820196419954, 0.00502533605322, 0.000318506587064, 6.87249994371e-05, 0.013046788983, 0.000258445477812, 6.51068839943e-05, 0.000826074799988, 7.33712367946e-05, 0.000640721002128, 1.17543922897e-05, 4.1680981667e-05, 2.30285131693e-05, 4.90943930345e-05, 3.17408812407e-05, 2.6829284252e-05, 1.88861122297e-05, 1.87295354408e-05, 2.28813842114e-05, 1.02217991298e-05],
        "stdev": [0.0034516621381, 0.00816702377051, 0.00902889762074, 0.00638234009966, 0.00247556529939, 0.0018550377572, 0.00472407788038, 0.11169526726, 0.00641686236486, 0.000401868950576, 0.000115366026876, 0.0304471068084, 0.000681728997733, 9.81538323686e-05, 0.00117685331497, 9.43497798289e-05, 0.00100455596112, 1.23231047837e-05, 4.35579495388e-05, 1.77074707608e-05, 4.24843092333e-05, 3.17030207952e-05, 2.35129955399e-05, 2.22206272156e-05, 3.42433013429e-05, 5.53795034648e-05, 3.45114422089e-05]
    },
    "mfcc": {
        "mean": [-626.661682129, 156.958251953, 34.4059028625, 19.1426486969, -5.03804349899, 7.33827924728, -5.64911317825, 2.14825749397, 9.39356136322, 16.3356666565, 13.4908723831, 20.2710361481, 8.27090930939],
        "stdev": [45.9223937988, 35.473865509, 25.4409408569, 21.0935783386, 8.65873527527, 8.82020950317, 12.3179626465, 8.30052566528, 9.91173458099, 9.48366451263, 8.68427371979, 12.4047775269, 10.200922966]
    },
    "sccoeffs": {
        "mean": [-0.613128840923, -0.578394114971, -0.639986693859, -0.682579517365, -0.768904685974, -0.820240557194],
        "stdev": [0.125372722745, 0.196880728006, 0.137885659933, 0.118557304144, 0.0685163885355, 0.0153370117769]
    },
    "scvalleys": {
        "mean": [-4.06234359741, -4.56145620346, -6.33070850372, -7.19336032867, -7.65048646927, -8.3681640625],
        "stdev": [0.54612749815, 0.750437796116, 0.679852604866, 0.464417725801, 0.323292762041, 0.428172171116]
    }
},
"rhythm": {
    "bpm": 161.499023438,
    "confidence": 0,
    "first_peak_bpm": {
        "mean": 161,
        "stdev": 0
    },
    "first_peak_spread": {
        "mean": 0,
        "stdev": 0
    },
    "first_peak_weight": {
        "mean": 0.5,
        "stdev": 0
    },
    "onset_rate": 5.52129983902,
    "second_peak_bpm": {
        "mean": 172,
        "stdev": 0
    },
    "second_peak_spread": {
        "mean": 0,
        "stdev": 0
    },
    "second_peak_weight": {
        "mean": 0.5,
        "stdev": 0
    }
},
"sfx": {
    "inharmonicity": {
        "mean": 0.0355212651193,
        "stdev": 0.0458522886038
    },
    "oddtoevenharmonicenergyratio": {
        "mean": 3.84383535385,
        "stdev": 17.8173179626
    },
    "pitch_after_max_to_before_max_energy_ratio": 0.0301796402782,
    "pitch_centroid": 59.5522537231,
    "pitch_max_to_total": 0.984126985073,
    "pitch_min_to_total": 0.603174626827,
    "tristimulus": {
        "mean": [0.39796936512, 0.410975784063, 0.191054940224],
        "stdev": [0.315362453461, 0.199929729104, 0.226597592235]
    }
},
"tonal": {
    "chords_changes_rate": 0.0303030312061,
    "chords_number_rate": 0.0606060624123,
    "chords_strength": {
        "mean": 0.474655836821,
        "stdev": 0.00987558718771
    },
    "key_strength": 0.419915109873,
    "tuning_diatonic_strength": 0.35124373436,
    "tuning_equal_tempered_deviation": 0.0764126852155,
    "tuning_frequency": 437.213165283,
    "tuning_nontempered_energy_ratio": 0.631719231606,
    "hpcp": {
        "mean": [0.0250654462725, 0.0264803804457, 0.0286125894636, 0.0684422403574, 0.0774011239409, 0.0889495238662, 0.139171227813, 0.121206283569, 0.139328211546, 0.178091317415, 0.0973936095834, 0.0202345494181, 0.0112603791058, 0.0222959909588, 0.255447119474, 0.468803703785, 0.253481537104, 0.0538819544017, 0.0724229216576, 0.0465311482549, 0.0133092273027, 0.0367381609976, 0.0358245074749, 0.116252891719, 0.264432758093, 0.162154152989, 0.00962435547262, 0.00505301123485, 0.00253142393194, 0.0208381656557, 0.0627316236496, 0.0455063581467, 0.00436775106937, 0.00213047722355, 0.00312087195925, 0.0119364168495],
        "stdev": [0.0353073552251, 0.0635286197066, 0.0825517103076, 0.227700546384, 0.21246252954, 0.221500515938, 0.319125056267, 0.272210717201, 0.215436667204, 0.350292146206, 0.205508232117, 0.0701797530055, 0.0432980768383, 0.0880141630769, 0.236368998885, 0.452011734247, 0.254357427359, 0.176817521453, 0.182811081409, 0.126196965575, 0.0308158807456, 0.168825909495, 0.170817226171, 0.160879343748, 0.367971241474, 0.221630364656, 0.0179097801447, 0.0228429902345, 0.010038244538, 0.0439720191061, 0.136421501637, 0.0985422208905, 0.00696796504781, 0.00506854709238, 0.0082846712321, 0.0211526229978]
    },
    "chords_histogram": [72.7272720337, 27.2727279663, 0, 0, 0, 0, 0, 0, 0, 0, 0, 0, 0, 0, 0, 0, 0, 0, 0, 0, 0, 0, 0, 0],