{
"metadata": {
    "version": {
        "essentia": "2.1-beta5-dev"
    }
},
"lowLevel": {
    "average_loudness": 0.98340767622,
    "barkbands_kurtosis": {
        "mean": 23.5818881989,
        "stdev": 20.6594142914
    },
    "barkbands_skewness": {
        "mean": 3.41430926323,
        "stdev": 1.64477097988
    },
    "barkbands_spread": {
        "mean": 6.90347337723,
        "stdev": 5.53306865692
    },
    "dissonance": {
        "mean": 0.250659167767,
        "stdev": 0.0611998178065
    },
    "hfc": {
        "mean": 43.9763145447,
        "stdev": 61.23802948
    },
    "pitch": {
        "mean": 247.051208496,
        "stdev": 155.106323242
    },
    "pitch_instantaneous_confidence": {
        "mean": 0.372517317533,
        "stdev": 0.224519699812
    },
    "pitch_salience": {
        "mean": 0.554848670959,
        "stdev": 0.0999373197556
    },
    "silence_rate_20dB": {
        "mean": 0.89010989666,
        "stdev": 0.312752693892
    },
    "silence_rate_30dB": {
        "mean": 0.653846144676,
        "stdev": 0.475742548704
    },
    "silence_rate_60dB": {
        "mean": 0,
        "stdev": 0
    },
    "spectral_centroid": {
        "mean": 293.628936768,
        "stdev": 187.166366577
    },
    "spectral_complexity": {
        "mean": 10.6373624802,
        "stdev": 6.6885433197
    },
    "spectral_crest": {
        "mean": 12.1491270065,
        "stdev": 3.65916800499
    },
    "spectral_decrease": {
        "mean": -6.41400319523e-08,
        "stdev": 5.92921871601e-08
    },
    "spectral_energy": {
        "mean": 0.125382617116,
        "stdev": 0.11740744859
    },
    "spectral_energyband_high": {
        "mean": 0.000627252331469,
        "stdev": 0.00077784480527
    },
    "spectral_energyband_low": {
        "mean": 0.0522568821907,
        "stdev": 0.0390938892961
    },
    "spectral_energyband_middle_high": {
        "mean": 0.00831866823137,
        "stdev": 0.0177207384259
    },
    "spectral_energyband_middle_low": {
        "mean": 0.0775880515575,
        "stdev": 0.101581700146
    },
    "spectral_flatness_db": {
        "mean": 0.202852129936,
        "stdev": 0.0488429330289
    },
    "spectral_flux": {
        "mean": 0.131829530001,
        "stdev": 0.0854268297553
    },
    "spectral_kurtosis": {
        "mean": 7.39974880219,
        "stdev": 4.30291175842
    },
    "spectral_rms": {
        "mean": 0.0142330406234,
        "stdev": 0.00646770233288
    },
    "spectral_rolloff": {
        "mean": 354.942901611,
        "stdev": 228.363037109
    },
    "spectral_skewness": {
        "mean": 2.58558154106,
        "stdev": 0.632957398891
    },
    "spectral_spread": {
        "mean": 13839678,
        "stdev": 6276872
    },
    "spectral_strongpeak": {
        "mean": 1.0241547823,
        "stdev": 1.39737510681
    },
    "zerocrossingrate": {
        "mean": 0.0258037857711,
        "stdev": 0.0168559737504
    },
    "barkbands": {
        "mean": [0.00179882673547, 0.0124674607068, 0.0252026859671, 0.0193835888058, 0.00469922879711, 0.0038203317672, 0.0452872253954, 0.00121281889733, 0.00198082323186, 0.00383066432551, 0.00209476146847, 0.000333901203703, 0.000732405111194, 0.000155040761456, 0.00123294105288, 0.000109888933366, 0.000106891391624, 8.45585600473e-05, 0.000113474103273, 0.000211785314605, 0.000198646535864, 0.000146902122651, 6.30227441434e-05, 3.35363511113e-05, 3.13576056215e-05, 3.29790018441e-05, 1.5634463125e-05],
        "stdev": [0.00270372093655, 0.00871382188052, 0.0178509019315, 0.0269501917064, 0.00811608694494, 0.00784603599459, 0.0897295027971, 0.00207701465115, 0.00200661411509, 0.00823642779142, 0.00481119006872, 0.000484962336486, 0.00157787278295, 0.000282133667497, 0.0030544642359, 0.000174667002284, 0.000130114189233, 0.000141103562783, 0.000154517154442, 0.000382581230951, 0.000260335829807, 0.000201645321795, 7.12325709173e-05, 4.20155374741e-05, 6.12951844232e-05, 8.27651310829e-05, 5.65771806578e-05]
    },
    "mfcc": {
        "mean": [-597.216064453, 146.709671021, 39.018081665, 31.4780864716, -6.95193433762, 15.2988243103, 1.81373775005, 2.15749812126, 5.17452764511, 7.87497806549, 4.46961545944, 4.6666674614, 1.09704720974],
        "stdev": [66.0229034424, 19.8391113281, 22.6901988983, 13.1662435532, 12.8807830811, 9.28616905212, 10.0068683624, 9.45185279846, 9.05460929871, 9.82362270355, 7.54593992233, 7.4759926796, 7.7969379425]
    },
    "sccoeffs": {
        "mean": [-0.577617645264, -0.647452712059, -0.650693356991, -0.73959082365, -0.812263309956, -0.797149181366],
        "stdev": [0.110401943326, 0.171552851796, 0.0972708165646, 0.0705728381872, 0.0252774376422, 0.0327919721603]
    },
    "scvalleys": {
        "mean": [-3.67382264137, -4.69755458832, -5.87998342514, -6.73300886154, -7.13540554047, -8.00785446167],
        "stdev": [0.617754399776, 0.677208662033, 0.741697788239, 0.814164459705, 0.763951778412, 0.554989755154]
    }
},
"rhythm": {
    "bpm": 166.708679199,
    "confidence": 0,
    "first_peak_bpm": {
        "mean": 167,
        "stdev": 0
    },
    "first_peak_spread": {
        "mean": 0,
        "stdev": 0
    },
    "first_peak_weight": {
        "mean": 1,
        "stdev": 0
    },
    "onset_rate": 5.25454902649,
    "second_peak_bpm": {
        "mean": 0,
        "stdev": 0
    },
    "second_peak_spread": {
        "mean": 0,
        "stdev": 0
    },
    "second_peak_weight": {
        "mean": 0,
        "stdev": 0
    }
},
"sfx": {
    "inharmonicity": {
        "mean": 0.0365698970854,
        "stdev": 0.0362433344126
    },
    "oddtoevenharmonicenergyratio": {
        "mean": 35.0856895447,
        "stdev": 153.054412842
    },
    "pitch_after_max_to_before_max_energy_ratio": 16.1615524292,
    "pitch_centroid": 111.638183594,
    "pitch_max_to_total": 0.131868138909,
    "pitch_min_to_total": 0.181318685412,
    "tristimulus": {
        "mean": [0.31447532773, 0.380828857422, 0.304695814848],
        "stdev": [0.29878693819, 0.184068754315, 0.23252658546]
    }
},
"tonal": {
    "chords_changes_rate": 0.0638297870755,
    "chords_number_rate": 0.0638297870755,
    "chords_strength": {
        "mean": 0.421297520399,
        "stdev": 0.0630891025066
    },
    "key_strength": 0.527185440063,
    "tuning_diatonic_strength": 0.363396048546,
    "tuning_equal_tempered_deviation": 0.0925117507577,
    "tuning_frequency": 437.718536377,
    "tuning_nontempered_energy_ratio": 0.668943405151,
    "hpcp": {
        "mean": [0.237012252212, 0.126510724425, 0.0239600725472, 0.0426269993186, 0.0409907475114, 0.0471037998796, 0.0472748316824, 0.0333909466863, 0.0857546105981, 0.136849164963, 0.103841632605, 0.124290794134, 0.150539457798, 0.0790701434016, 0.0612273737788, 0.129736080766, 0.105310715735, 0.0265503786504, 0.0106214471161, 0.0178157780319, 0.0453620478511, 0.0763577073812, 0.0598603524268, 0.0556514561176, 0.0773839280009, 0.0427886582911, 0.0388392545283, 0.128293097019, 0.115604378283, 0.0939454510808, 0.183720484376, 0.131175473332, 0.0371757932007, 0.0304473508149, 0.0192376673222, 0.121113024652],
        "stdev": [0.42179992795, 0.232038453221, 0.0440281033516, 0.0786766633391, 0.10837264359, 0.185320883989, 0.157858103514, 0.0769911333919, 0.206300824881, 0.309323310852, 0.2067296803, 0.27277854085, 0.319360405207, 0.208679318428, 0.148498609662, 0.315523326397, 0.242551639676, 0.0685111731291, 0.0343375243247, 0.0616692639887, 0.0980880483985, 0.143006205559, 0.116143546999, 0.133822053671, 0.169110566378, 0.073651611805, 0.0842830017209, 0.315944939852, 0.280795961618, 0.149031117558, 0.333129197359, 0.232417196035, 0.109040699899, 0.144369184971, 0.0554879084229, 0.221399128437]
    },
    "chords_histogram": [0, 0, 0, 0, 0, 0, 0, 0, 0, 40.4255332947, 0, 0, 0, 0, 0, 0, 0, 57.4468078613, 2.12765955925, 0, 0, 0, 0, 0],