{
"metadata": {
    "version": {
        "essentia": "2.1-beta5-dev"
    }
},
"lowLevel": {
    "average_loudness": 0.99068403244,
    "barkbands_kurtosis": {
        "mean": 77.2968826294,
        "stdev": 55.3454360962
    },
    "barkbands_skewness": {
        "mean": 5.87558364868,
        "stdev": 2.7071762085
    },
    "barkbands_spread": {
        "mean": 5.32921266556,
        "stdev": 9.11114883423
    },
    "dissonance": {
        "mean": 0.314725279808,
        "stdev": 0.061440102756
    },
    "hfc": {
        "mean": 36.8443641663,
        "stdev": 21.1654510498
    },
    "pitch": {
        "mean": 143.420516968,
        "stdev": 88.2839508057
    },
    "pitch_instantaneous_confidence": {
        "mean": 0.306299507618,
        "stdev": 0.118448331952
    },
    "pitch_salience": {
        "mean": 0.53093290329,
        "stdev": 0.127081170678
    },
    "silence_rate_20dB": {
        "mean": 0.45588234067,
        "stdev": 0.49804982543
    },
    "silence_rate_30dB": {
        "mean": 0.272058814764,
        "stdev": 0.445020079613
    },
    "silence_rate_60dB": {
        "mean": 0.0367647074163,
        "stdev": 0.18818359077
    },
    "spectral_centroid": {
        "mean": 219.882202148,
        "stdev": 271.511505127
    },
    "spectral_complexity": {
        "mean": 7.83823537827,
        "stdev": 3.60803985596
    },
    "spectral_crest": {
        "mean": 11.5638303757,
        "stdev": 2.60059833527
    },
    "spectral_decrease": {
        "mean": -1.5707246348e-07,
        "stdev": 1.03726542022e-07
    },
    "spectral_energy": {
        "mean": 0.30062302947,
        "stdev": 0.198051571846
    },
    "spectral_energyband_high": {
        "mean": 0.000540509354323,
        "stdev": 0.000428722356446
    },
    "spectral_energyband_low": {
        "mean": 0.258180767298,
        "stdev": 0.179605409503
    },
    "spectral_energyband_middle_high": {
        "mean": 0.000967065105215,
        "stdev": 0.00164878356736
    },
    "spectral_energyband_middle_low": {
        "mean": 0.0985579192638,
        "stdev": 0.0795193091035
    },
    "spectral_flatness_db": {
        "mean": 0.269420206547,
        "stdev": 0.0832965373993
    },
    "spectral_flux": {
        "mean": 0.138092681766,
        "stdev": 0.0887715518475
    },
    "spectral_kurtosis": {
        "mean": 6.7834148407,
        "stdev": 3.72928404808
    },
    "spectral_rms": {
        "mean": 0.022139865905,
        "stdev": 0.00978958420455
    },
    "spectral_rolloff": {
        "mean": 287.531585693,
        "stdev": 543.721435547
    },
    "spectral_skewness": {
        "mean": 2.55647516251,
        "stdev": 0.67561340332
    },
    "spectral_spread": {
        "mean": 15492712,
        "stdev": 5850128
    },
    "spectral_strongpeak": {
        "mean": 0.723226070404,
        "stdev": 0.406063765287
    },
    "zerocrossingrate": {
        "mean": 0.0194809865206,
        "stdev": 0.0226141139865
    },
    "barkbands": {
        "mean": [0.00768499076366, 0.0674659386277, 0.125426337123, 0.071338430047, 0.01876065135, 0.00530214421451, 0.00143826450221, 0.00117810105439, 0.000459966191556, 0.000109855798655, 0.000174860004336, 0.000172062165802, 0.000217451524804, 8.49563657539e-05, 1.5081030142e-05, 4.54966793768e-05, 7.55024229875e-05, 1.9112643713e-05, 7.85202209954e-05, 5.77826212975e-05, 0.000178260044777, 0.000115128299512, 6.62613165332e-05, 4.84137890453e-05, 4.25177495345e-05, 4.97413311678e-05, 1.60001745826e-05],
        "stdev": [0.0112235723063, 0.0624552406371, 0.0854821056128, 0.0746874958277, 0.016087744385, 0.00717122899368, 0.00368902902119, 0.002802177798, 0.00123711046763, 0.000215432868572, 0.000383792881621, 0.000543423288036, 0.000483704498038, 0.000194519059733, 2.94524015771e-05, 5.40018372703e-05, 5.49134383618e-05, 6.01817555435e-05, 6.95809430908e-05, 7.99443150754e-05, 0.000156552472617, 9.69355460256e-05, 4.27597769885e-05, 4.24031932198e-05, 6.29030473647e-05, 8.04521769169e-05, 3.79489829356e-05]
    },
    "mfcc": {
        "mean": [-614.19708252, 129.240814209, 66.5255737305, 57.511756897, 12.1839790344, 26.0923595428, 10.0045366287, 6.17436504364, -2.40808176994, -3.28484725952, -0.0538517013192, 8.0109500885, 0.175897061825],
        "stdev": [41.6302757263, 21.8573608398, 18.6531429291, 20.9717788696, 15.0135602951, 11.6549568176, 9.84718513489, 9.31899452209, 8.1672706604, 8.96612644196, 7.86827945709, 9.12105083466, 8.03804969788]
    },
    "sccoeffs": {
        "mean": [-0.49748274684, -0.737412333488, -0.800155341625, -0.755622148514, -0.800912439823, -0.794131815434],
        "stdev": [0.146335825324, 0.102809138596, 0.0488997511566, 0.0503762923181, 0.0270665958524, 0.0200436487794]
    },
    "scvalleys": {
        "mean": [-2.99839615822, -5.06546401978, -6.40194511414, -7.24178266525, -7.30879974365, -7.86265277863],
        "stdev": [0.826681435108, 0.750096619129, 0.666357457638, 0.468971580267, 0.349154978991, 0.391880899668]
    }
},
"rhythm": {
    "bpm": 149.827667236,
    "confidence": 0,
    "first_peak_bpm": {
        "mean": 148,
        "stdev": 0
    },
    "first_peak_spread": {
        "mean": 0.5,
        "stdev": 0
    },
    "first_peak_weight": {
        "mean": 0.5,
        "stdev": 0
    },
    "onset_rate": 3.84369564056,
    "second_peak_bpm": {
        "mean": 0,
        "stdev": 0
    },
    "second_peak_spread": {
        "mean": 0,
        "stdev": 0
    },
    "second_peak_weight": {
        "mean": 0,
        "stdev": 0
    }
},
"sfx": {
    "inharmonicity": {
        "mean": 0.0431018508971,
        "stdev": 0.0407678447664
    },
    "oddtoevenharmonicenergyratio": {
        "mean": 89.2293167114,
        "stdev": 240.246490479
    },
    "pitch_after_max_to_before_max_energy_ratio": 0.588984429836,
    "pitch_centroid": 73.408454895,
    "pitch_max_to_total": 0.647058844566,
    "pitch_min_to_total": 0.0588235296309,
    "tristimulus": {
        "mean": [0.453272044659, 0.378676682711, 0.168051317334],
        "stdev": [0.374956697226, 0.315829128027, 0.19031701982]
    }
},
"tonal": {
    "chords_changes_rate": 0.171428576112,
    "chords_number_rate": 0.114285714924,
    "chords_strength": {
        "mean": 0.373916208744,
        "stdev": 0.0482919961214
    },
    "key_strength": 0.506547629833,
    "tuning_diatonic_strength": 0.328134089708,
    "tuning_equal_tempered_deviation": 0.146339580417,
    "tuning_frequency": 440.763122559,
    "tuning_nontempered_energy_ratio": 0.734717130661,
    "hpcp": {
        "mean": [0.147589698434, 0.0719614997506, 0.0374528765678, 0.026563860476, 0.0345049798489, 0.0447336249053, 0.0267993882298, 0.0259689874947, 0.1256685853, 0.146008342505, 0.0931118354201, 0.131600067019, 0.106905348599, 0.044908773154, 0.247800007463, 0.413865178823, 0.198176845908, 0.0544200725853, 0.0713977590203, 0.0565821416676, 0.0540317855775, 0.0391958653927, 0.0281924121082, 0.0621722340584, 0.0695894137025, 0.0427813567221, 0.0748856961727, 0.115535095334, 0.0736653879285, 0.029739683494, 0.033130120486, 0.0478593371809, 0.070575453341, 0.0971094220877, 0.113090351224, 0.155562326312],
        "stdev": [0.313609778881, 0.169882148504, 0.132961556315, 0.108661100268, 0.110923156142, 0.169353738427, 0.08814766258, 0.0648487061262, 0.252848953009, 0.267212003469, 0.175541222095, 0.31368458271, 0.220479369164, 0.109110750258, 0.284913122654, 0.480817973614, 0.213501438498, 0.132972627878, 0.188139110804, 0.175414815545, 0.186129957438, 0.136621430516, 0.0678791105747, 0.160694494843, 0.193198218942, 0.13958312571, 0.17572799325, 0.267244189978, 0.191760852933, 0.0995856299996, 0.166093483567, 0.148026451468, 0.217696920037, 0.22806493938, 0.270489424467, 0.290352135897]
    },
    "chords_histogram": [0, 0, 0, 0, 0, 0, 0, 0, 0, 0, 0, 0, 40, 11.428571701, 0, 0, 0, 0, 0, 0, 0, 0, 31.428571701, 17.1428565979],