{
"metadata": {
    "version": {
        "essentia": "2.1-beta5-dev"
    }
},
"lowLevel": {
    "average_loudness": 0.99068403244,
    "barkbands_kurtosis": {
        "mean": 10.4529438019,
        "stdev": 13.4866876602
    },
    "barkbands_skewness": {
        "mean": 2.10037183762,
        "stdev": 1.72492432594
    },
    "barkbands_spread": {
        "mean": 11.3462562561,
        "stdev": 8.83907985687
    },
    "dissonance": {
        "mean": 0.216435924172,
        "stdev": 0.0916747972369
    },
    "hfc": {
        "mean": 40.8146018982,
        "stdev": 45.7512969971
    },
    "pitch": {
        "mean": 355.294464111,
        "stdev": 191.365600586
    },
    "pitch_instantaneous_confidence": {
        "mean": 0.534805297852,
        "stdev": 0.328819274902
    },
    "pitch_salience": {
        "mean": 0.562680959702,
        "stdev": 0.0798843279481
    },
    "silence_rate_20dB": {
        "mean": 0.976000010967,
        "stdev": 0.153049066663
    },
    "silence_rate_30dB": {
        "mean": 0.592000007629,
        "stdev": 0.491463005543
    },
    "silence_rate_60dB": {
        "mean": 0.0480000004172,
        "stdev": 0.213766232133
    },
    "spectral_centroid": {
        "mean": 405.090911865,
        "stdev": 300.931335449
    },
    "spectral_complexity": {
        "mean": 7.96799993515,
        "stdev": 2.40976691246
    },
    "spectral_crest": {
        "mean": 9.46126365662,
        "stdev": 1.92154192924
    },
    "spectral_decrease": {
        "mean": -4.9842743266e-08,
        "stdev": 4.05468831843e-08
    },
    "spectral_energy": {
        "mean": 0.098036237061,
        "stdev": 0.0807183161378
    },
    "spectral_energyband_high": {
        "mean": 0.000297540915199,
        "stdev": 0.000315042678267
    },
    "spectral_energyband_low": {
        "mean": 0.0454613268375,
        "stdev": 0.0289642885327
    },
    "spectral_energyband_middle_high": {
        "mean": 0.0146840494126,
        "stdev": 0.0241888035089
    },
    "spectral_energyband_middle_low": {
        "mean": 0.0448141731322,
        "stdev": 0.0358568876982
    },
    "spectral_flatness_db": {
        "mean": 0.202962100506,
        "stdev": 0.0499433577061
    },
    "spectral_flux": {
        "mean": 0.0929315537214,
        "stdev": 0.0542468056083
    },
    "spectral_kurtosis": {
        "mean": 7.58135461807,
        "stdev": 4.8091044426
    },
    "spectral_rms": {
        "mean": 0.0126553131267,
        "stdev": 0.00556298345327
    },
    "spectral_rolloff": {
        "mean": 708.011779785,
        "stdev": 749.907714844
    },
    "spectral_skewness": {
        "mean": 2.62486028671,
        "stdev": 0.802147507668
    },
    "spectral_spread": {
        "mean": 14922225,
        "stdev": 6919899
    },
    "spectral_strongpeak": {
        "mean": 0.981726527214,
        "stdev": 1.13463246822
    },
    "zerocrossingrate": {
        "mean": 0.0298124998808,
        "stdev": 0.0233054794371
    },
    "barkbands": {
        "mean": [0.00213618483394, 0.0145293287933, 0.0215950980783, 0.00886196643114, 0.00226487684995, 0.00112493848428, 0.00569472648203, 0.0263583213091, 0.000452015694464, 9.16076969588e-05, 0.00903855916113, 0.00387110887095, 0.000148225866724, 0.000344427651726, 1.5433446606e-05, 0.00103784771636, 9.65953367995e-05, 1.12922316475e-05, 4.83915755467e-05, 3.1222079997e-05, 8.16209503682e-05, 5.85552952543e-05, 3.86026258639e-05, 2.83386725641e-05, 3.13984237437e-05, 3.20511571772e-05, 1.21743905765e-05],
        "stdev": [0.00370331690647, 0.0145286777988, 0.0123895136639, 0.00570560758933, 0.00329710403457, 0.00178327574395, 0.00530701782554, 0.0310776699334, 0.000805248622783, 0.000120080199849, 0.0162652172148, 0.0064111459069, 0.000280892301816, 0.000653712369967, 2.36023679463e-05, 0.00112893956248, 0.00011735001317, 1.72070122062e-05, 3.61433449143e-05, 4.23145575041e-05, 6.05881832598e-05, 6.37850753265e-05, 3.14284297929e-05, 2.83540775854e-05, 5.891962428e-05, 6.80613884469e-05, 3.27071320498e-05]
    },
    "mfcc": {
        "mean": [-612.810974121, 145.98324585, 35.2829971313, 23.2913246155, 1.02633059025, 14.7635288239, -3.71586441994, 2.8723359108, 8.1386013031, 7.10805654526, 6.30593681335, 22.9215583801, 21.4424495697],
        "stdev": [35.9400062561, 25.5107498169, 19.0979385376, 13.0593242645, 10.7755737305, 7.53206634521, 6.55672597885, 8.39826393127, 12.727599144, 7.97915267944, 6.68840694427, 14.0709123611, 22.7292041779]
    },
    "sccoeffs": {
        "mean": [-0.550801694393, -0.617231369019, -0.619619488716, -0.67847019434, -0.802255630493, -0.810449302197],
        "stdev": [0.125699803233, 0.207237020135, 0.181625679135, 0.0943682491779, 0.0326022878289, 0.0178209580481]
    },
    "scvalleys": {
        "mean": [-4.02697372437, -4.71378803253, -6.29751110077, -7.06291532516, -7.53735733032, -8.11133575439],
        "stdev": [0.576899886131, 0.708558261395, 0.553587138653, 0.569683134556, 0.362981915474, 0.386380374432]
    }
},
"rhythm": {
    "bpm": 161.499038696,
    "confidence": 0,
    "first_peak_bpm": {
        "mean": 161,
        "stdev": 0
    },
    "first_peak_spread": {
        "mean": 0,
        "stdev": 0
    },
    "first_peak_weight": {
        "mean": 1,
        "stdev": 0
    },
    "onset_rate": 4.86340856552,
    "second_peak_bpm": {
        "mean": 0,
        "stdev": 0
    },
    "second_peak_spread": {
        "mean": 0,
        "stdev": 0
    },
    "second_peak_weight": {
        "mean": 0,
        "stdev": 0
    }
},
"sfx": {
    "inharmonicity": {
        "mean": 0.0342124514282,
        "stdev": 0.0492506511509
    },
    "oddtoevenharmonicenergyratio": {
        "mean": 4.60861873627,
        "stdev": 20.5027484894
    },
    "pitch_after_max_to_before_max_energy_ratio": 0.0459817536175,
    "pitch_centroid": 47.4937705994,
    "pitch_max_to_total": 0.959999978542,
    "pitch_min_to_total": 0.815999984741,
    "tristimulus": {
        "mean": [0.388944536448, 0.410254776478, 0.20080049336],
        "stdev": [0.249107971787, 0.170650914311, 0.229883596301]
    }
},
"tonal": {
    "chords_changes_rate": 0,
    "chords_number_rate": 0.03125,
    "chords_strength": {
        "mean": 0.487722307444,
        "stdev": 0.0163310784847
    },
    "key_strength": 0.724374711514,
    "tuning_diatonic_strength": 0.545828342438,
    "tuning_equal_tempered_deviation": 0.104368828237,
    "tuning_frequency": 436.960693359,
    "tuning_nontempered_energy_ratio": 0.676862359047,
    "hpcp": {
        "mean": [0.00659184949473, 0.00415750499815, 0.0194793771952, 0.0462005510926, 0.0325968340039, 0.00518534891307, 0.00321990111843, 0.0176946260035, 0.258457958698, 0.54482960701, 0.353256672621, 0.102429397404, 0.0736701786518, 0.0279396921396, 0.0183255299926, 0.0388687513769, 0.0384631492198, 0.0366698689759, 0.0509383231401, 0.0340329483151, 0.00956500507891, 0.00745846703649, 0.0168168116361, 0.0177192557603, 0.0109503921121, 0.0121965743601, 0.031637314707, 0.0518428608775, 0.0507468916476, 0.168714627624, 0.400890946388, 0.273671925068, 0.0330308005214, 0.0380459427834, 0.0306038223207, 0.0115838032216],
        "stdev": [0.0232822727412, 0.00945168640465, 0.0344572775066, 0.0699463561177, 0.0454393289983, 0.00834010541439, 0.00820431206375, 0.0513853654265, 0.229705870152, 0.464017689228, 0.325431346893, 0.235965564847, 0.222395136952, 0.0657336041331, 0.028005791828, 0.0441991426051, 0.0471169985831, 0.0869544371963, 0.110024064779, 0.0792216211557, 0.0311250928789, 0.0234234500676, 0.0620939396322, 0.0658328831196, 0.0340496972203, 0.035644069314, 0.122206874192, 0.184298023582, 0.184023410082, 0.195224106312, 0.458126217127, 0.316530615091, 0.0727662742138, 0.173647150397, 0.120997555554, 0.0501904785633]
    },
    "chords_histogram": [100, 0, 0, 0, 0, 0, 0, 0, 0, 0, 0, 0, 0, 0, 0, 0, 0, 0, 0, 0, 0, 0, 0, 0],