{
"metadata": {
    "version": {
        "essentia": "2.1-beta5-dev"
    }
},
"lowLevel": {
    "average_loudness": 0.99068403244,
    "barkbands_kurtosis": {
        "mean": 15.4177179337,
        "stdev": 24.2654418945
    },
    "barkbands_skewness": {
        "mean": 2.54841208458,
        "stdev": 1.97774863243
    },
    "barkbands_spread": {
        "mean": 9.08679771423,
        "stdev": 4.97881269455
    },
    "dissonance": {
        "mean": 0.196992173791,
        "stdev": 0.0837242007256
    },
    "hfc": {
        "mean": 64.458946228,
        "stdev": 56.0467948914
    },
    "pitch": {
        "mean": 472.248901367,
        "stdev": 415.906829834
    },
    "pitch_instantaneous_confidence": {
        "mean": 0.589316248894,
        "stdev": 0.242708906531
    },
    "pitch_salience": {
        "mean": 0.487459599972,
        "stdev": 0.105622038245
    },
    "silence_rate_20dB": {
        "mean": 0.849056601524,
        "stdev": 0.357993632555
    },
    "silence_rate_30dB": {
        "mean": 0.0754716992378,
        "stdev": 0.264150947332
    },
    "silence_rate_60dB": {
        "mean": 0,
        "stdev": 0
    },
    "spectral_centroid": {
        "mean": 279.413085938,
        "stdev": 201.258377075
    },
    "spectral_complexity": {
        "mean": 9.37735843658,
        "stdev": 4.44983196259
    },
    "spectral_crest": {
        "mean": 10.0599212646,
        "stdev": 2.34454727173
    },
    "spectral_decrease": {
        "mean": -1.19011211552e-07,
        "stdev": 5.66293891779e-08
    },
    "spectral_energy": {
        "mean": 0.231091752648,
        "stdev": 0.110373593867
    },
    "spectral_energyband_high": {
        "mean": 0.00053690437926,
        "stdev": 0.000631312723272
    },
    "spectral_energyband_low": {
        "mean": 0.158292084932,
        "stdev": 0.087569065392
    },
    "spectral_energyband_middle_high": {
        "mean": 0.0265701245517,
        "stdev": 0.0352603122592
    },
    "spectral_energyband_middle_low": {
        "mean": 0.0596741475165,
        "stdev": 0.0375041477382
    },
    "spectral_flatness_db": {
        "mean": 0.230096846819,
        "stdev": 0.0533860065043
    },
    "spectral_flux": {
        "mean": 0.176548853517,
        "stdev": 0.066051736474
    },
    "spectral_kurtosis": {
        "mean": 7.98010349274,
        "stdev": 3.29799818993
    },
    "spectral_rms": {
        "mean": 0.0205127522349,
        "stdev": 0.00544961495325
    },
    "spectral_rolloff": {
        "mean": 471.292755127,
        "stdev": 351.610717773
    },
    "spectral_skewness": {
        "mean": 2.77860236168,
        "stdev": 0.540375888348
    },
    "spectral_spread": {
        "mean": 13396828,
        "stdev": 3692280.25
    },
    "spectral_strongpeak": {
        "mean": 0.628601193428,
        "stdev": 0.935029447079
    },
    "zerocrossingrate": {
        "mean": 0.0219910815358,
        "stdev": 0.0118205929175
    },
    "barkbands": {
        "mean": [0.0176713038236, 0.0676868855953, 0.0590075738728, 0.0176694430411, 0.00379345938563, 0.00131162395701, 0.0158534105867, 0.0207676105201, 0.000135216148919, 0.000157484784722, 0.0193553771824, 0.00336956814863, 0.000276059028693, 0.000505250529386, 0.00065974809695, 0.00195442372933, 0.000182544317795, 3.07901173073e-05, 0.000109588800115, 0.000130987958983, 0.000149876155774, 0.000107667561679, 7.56952213123e-05, 3.33818206855e-05, 4.04504135076e-05, 4.40657386207e-05, 1.17928329928e-05],
        "stdev": [0.0157021898776, 0.0311878528446, 0.0451026298106, 0.0140951564535, 0.00513735273853, 0.00217042327859, 0.0143393371254, 0.0257936678827, 0.000165372213814, 0.000210047714063, 0.0251661278307, 0.00912449788302, 0.000368164910469, 0.000883689848706, 0.00117249914911, 0.00332911661826, 0.000282508961391, 6.71123780194e-05, 0.000115843780804, 0.000285852554953, 0.000233134662267, 0.000134281857754, 5.62970417377e-05, 2.63389138127e-05, 2.75478341791e-05, 2.01371713047e-05, 7.89426667325e-06]
    },
    "mfcc": {
        "mean": [-580.363586426, 148.034835815, 38.6692199707, 28.2586517334, 1.81810677052, 18.8645420074, 6.23184537888, 9.17767238617, 12.2726793289, 7.72031402588, 1.20771944523, 13.6532936096, 31.0855922699],
        "stdev": [40.4059257507, 21.4414958954, 22.131149292, 19.5578117371, 9.64809513092, 7.68756055832, 11.1978960037, 9.06707191467, 7.8997631073, 8.82428264618, 10.6758022308, 10.569683075, 13.0174369812]
    },
    "sccoeffs": {
        "mean": [-0.452379345894, -0.548206329346, -0.552120864391, -0.650758802891, -0.789066016674, -0.804781913757],
        "stdev": [0.135939985514, 0.149920031428, 0.164729788899, 0.119038678706, 0.0332710854709, 0.0192483663559]
    },
    "scvalleys": {
        "mean": [-3.44735908508, -4.82576227188, -6.05255079269, -7.05161094666, -7.20526409149, -7.85339069366],
        "stdev": [0.504165232182, 0.552708745003, 0.602103769779, 0.559381067753, 0.427810490131, 0.319199323654]
    }
},
"rhythm": {
    "bpm": 0,
    "confidence": 0,
    "first_peak_bpm": {
        "mean": 0,
        "stdev": 0
    },
    "first_peak_spread": {
        "mean": 0,
        "stdev": 0
    },
    "first_peak_weight": {
        "mean": 0,
        "stdev": 0
    },
    "onset_rate": 4.11242485046,
    "second_peak_bpm": {
        "mean": 0,
        "stdev": 0
    },
    "second_peak_spread": {
        "mean": 0,
        "stdev": 0
    },
    "second_peak_weight": {
        "mean": 0,
        "stdev": 0
    }
},
"sfx": {
    "inharmonicity": {
        "mean": 0.0200422760099,
        "stdev": 0.031028766185
    },
    "oddtoevenharmonicenergyratio": {
        "mean": 1.77254498005,
        "stdev": 6.59208011627
    },
    "pitch_after_max_to_before_max_energy_ratio": 0.906369388103,
    "pitch_centroid": 51.6092720032,
    "pitch_max_to_total": 0.518867909908,
    "pitch_min_to_total": 0.603773593903,
    "tristimulus": {
        "mean": [0.439487248659, 0.392412036657, 0.168100789189],
        "stdev": [0.219172045588, 0.191640943289, 0.238476410508]
    }
},
"tonal": {
    "chords_changes_rate": 0.0357142873108,
    "chords_number_rate": 0.0714285746217,
    "chords_strength": {
        "mean": 0.265011668205,
        "stdev": 0.0193539559841
    },
    "key_strength": 0.490250617266,
    "tuning_diatonic_strength": 0.301131039858,
    "tuning_equal_tempered_deviation": 0.043553173542,
    "tuning_frequency": 437.213165283,
    "tuning_nontempered_energy_ratio": 0.597852468491,
    "hpcp": {
        "mean": [0.625862956047, 0.305384486914, 0.0109417727217, 0.0047493041493, 0.00851589255035, 0.119367785752, 0.192086145282, 0.0842739790678, 0.0695136636496, 0.178580969572, 0.126014396548, 0.106048665941, 0.172819465399, 0.102633081377, 0.0324764810503, 0.0106907114387, 0.00251400726847, 0.0190842747688, 0.0381720550358, 0.0212083756924, 0.00776160834357, 0.0166079048067, 0.0220821611583, 0.0442328229547, 0.0421127378941, 0.0494047887623, 0.0604746975005, 0.0359863303602, 0.0252294521779, 0.0146955866367, 0.0099425567314, 0.0117260767147, 0.00875501986593, 0.00878195278347, 0.0263016466051, 0.348119527102],
        "stdev": [0.465748399496, 0.22976320982, 0.0270921289921, 0.0178117733449, 0.0141908945516, 0.179571449757, 0.244394257665, 0.0857690423727, 0.121633253992, 0.340546309948, 0.233182087541, 0.232744500041, 0.361451178789, 0.217687129974, 0.0924216136336, 0.0462000593543, 0.00434776442125, 0.0861974656582, 0.185216978192, 0.101138561964, 0.00712778791785, 0.0111058047041, 0.0476480983198, 0.186069652438, 0.170722186565, 0.178478419781, 0.218365252018, 0.142139256001, 0.118764445186, 0.0482696890831, 0.00757773593068, 0.0178375057876, 0.0216670725495, 0.0290651787072, 0.07916867733, 0.271870553493]
    },
    "chords_histogram": [0, 0, 0, 0, 0, 0, 0, 0, 0, 0, 0, 0, 0, 0, 0, 0, 0, 0, 78.5714263916, 21.428571701, 0, 0, 0, 0],