{
"metadata": {
    "version": {
        "essentia": "2.1-beta5-dev"
    }
},
"lowLevel": {
    "average_loudness": 0.964204192162,
    "barkbands_kurtosis": {
        "mean": 18.8515148163,
        "stdev": 22.3479862213
    },
    "barkbands_skewness": {
        "mean": 2.75409126282,
        "stdev": 2.01641726494
    },
    "barkbands_spread": {
        "mean": 7.60663032532,
        "stdev": 5.02318000793
    },
    "dissonance": {
        "mean": 0.202827215195,
        "stdev": 0.0664798244834
    },
    "hfc": {
        "mean": 9.57696151733,
        "stdev": 14.3980979919
    },
    "pitch": {
        "mean": 342.303833008,
        "stdev": 178.280975342
    },
    "pitch_instantaneous_confidence": {
        "mean": 0.458552122116,
        "stdev": 0.262738019228
    },
    "pitch_salience": {
        "mean": 0.516726732254,
        "stdev": 0.120479494333
    },
    "silence_rate_20dB": {
        "mean": 0.990825712681,
        "stdev": 0.0953422188759
    },
    "silence_rate_30dB": {
        "mean": 0.949541270733,
        "stdev": 0.218890011311
    },
    "silence_rate_60dB": {
        "mean": 0.0688073411584,
        "stdev": 0.253125816584
    },
    "spectral_centroid": {
        "mean": 270.410217285,
        "stdev": 187.312454224
    },
    "spectral_complexity": {
        "mean": 6,
        "stdev": 2.68191361427
    },
    "spectral_crest": {
        "mean": 9.82509231567,
        "stdev": 2.62251329422
    },
    "spectral_decrease": {
        "mean": -1.80491053214e-08,
        "stdev": 3.20622888239e-08
    },
    "spectral_energy": {
        "mean": 0.0350290797651,
        "stdev": 0.0617422796786
    },
    "spectral_energyband_high": {
        "mean": 6.57702039462e-05,
        "stdev": 0.000136561677209
    },
    "spectral_energyband_low": {
        "mean": 0.0229929033667,
        "stdev": 0.0512631721795
    },
    "spectral_energyband_middle_high": {
        "mean": 0.00395891070366,
        "stdev": 0.00781093724072
    },
    "spectral_energyband_middle_low": {
        "mean": 0.0117236766964,
        "stdev": 0.0226786676794
    },
    "spectral_flatness_db": {
        "mean": 0.223372325301,
        "stdev": 0.0496588982642
    },
    "spectral_flux": {
        "mean": 0.0667701810598,
        "stdev": 0.0645714327693
    },
    "spectral_kurtosis": {
        "mean": 11.3283958435,
        "stdev": 15.9907741547
    },
    "spectral_rms": {
        "mean": 0.00718752061948,
        "stdev": 0.00407704664394
    },
    "spectral_rolloff": {
        "mean": 404.191955566,
        "stdev": 304.408630371
    },
    "spectral_skewness": {
        "mean": 3.04753541946,
        "stdev": 1.14670050144
    },
    "spectral_spread": {
        "mean": 13145414,
        "stdev": 5156136
    },
    "spectral_strongpeak": {
        "mean": 0.374689817429,
        "stdev": 0.674532413483
    },
    "zerocrossingrate": {
        "mean": 0.0217755511403,
        "stdev": 0.0131960511208
    },
    "barkbands": {
        "mean": [0.00214325590059, 0.0084987198934, 0.00878406129777, 0.00463807955384, 0.000484760646941, 0.000472953252029, 0.00387539807707, 0.00178284756839, 0.000303528388031, 0.0012358300155, 0.00216485420242, 3.16286532325e-05, 0.000207152115763, 7.35871362849e-05, 7.2793540312e-05, 0.000127755964058, 3.53392279067e-05, 5.27062684341e-06, 1.84679665836e-05, 1.07980185931e-05, 1.70972161868e-05, 1.31198976305e-05, 8.17025920696e-06, 5.4268061831e-06, 6.45131740384e-06, 8.0411300587e-06, 3.43712963513e-06],
        "stdev": [0.00309975957498, 0.011994403787, 0.0251168645918, 0.0172028318048, 0.00252621690743, 0.000895225966815, 0.00613838806748, 0.00380481849425, 0.000550402270164, 0.00369037524797, 0.00426157563925, 4.03458579967e-05, 0.000570323783904, 0.000161606818438, 0.000118867690617, 0.000236431296798, 7.40460818633e-05, 1.14237000162e-05, 2.6579007681e-05, 1.7881151507e-05, 3.32196214003e-05, 3.10712603095e-05, 1.23693016576e-05, 1.05727394839e-05, 1.56200385391e-05, 2.11780352402e-05, 1.24558209791e-05]
    },
    "mfcc": {
        "mean": [-702.702636719, 161.256378174, 37.10206604, 22.1492080688, -3.98040246964, 11.685790062, 5.83545303345, 10.2285585403, 9.5333814621, 9.45403289795, 3.1893427372, 8.52228927612, 17.8616504669],
        "stdev": [66.9042892456, 30.1396121979, 23.9458427429, 16.5697231293, 9.75535202026, 8.66122436523, 11.5196084976, 10.1175909042, 9.17047405243, 7.67606925964, 9.10124778748, 7.04421758652, 10.1538991928]
    },
    "sccoeffs": {
        "mean": [-0.582821190357, -0.749684453011, -0.663215100765, -0.729429841042, -0.813242614269, -0.836440086365],
        "stdev": [0.122149445117, 0.13113462925, 0.137208461761, 0.0956871882081, 0.0394188761711, 0.0193317010999]
    },
    "scvalleys": {
        "mean": [-4.70188713074, -5.22432041168, -6.80638694763, -7.91118049622, -8.38902854919, -9.10775089264],
        "stdev": [0.737176954746, 0.744417726994, 0.742043495178, 0.694389045238, 0.665895700455, 0.729356825352]
    }
},
"rhythm": {
    "bpm": 93.1241149902,
    "confidence": 0,
    "first_peak_bpm": {
        "mean": 92,
        "stdev": 0
    },
    "first_peak_spread": {
        "mean": 0.5,
        "stdev": 0
    },
    "first_peak_weight": {
        "mean": 0.5,
        "stdev": 0
    },
    "onset_rate": 2.39166975021,
    "second_peak_bpm": {
        "mean": 0,
        "stdev": 0
    },
    "second_peak_spread": {
        "mean": 0,
        "stdev": 0
    },
    "second_peak_weight": {
        "mean": 0,
        "stdev": 0
    }
},
"sfx": {
    "inharmonicity": {
        "mean": 0.0386422760785,
        "stdev": 0.0450230427086
    },
    "oddtoevenharmonicenergyratio": {
        "mean": 7.91431283951,
        "stdev": 51.519241333
    },
    "pitch_after_max_to_before_max_energy_ratio": 1.57266116142,
    "pitch_centroid": 97.3166351318,
    "pitch_max_to_total": 0.238532111049,
    "pitch_min_to_total": 0.76146787405,
    "tristimulus": {
        "mean": [0.293457895517, 0.444482505322, 0.262059688568],
        "stdev": [0.240258336067, 0.178620487452, 0.252008348703]
    }
},
"tonal": {
    "chords_changes_rate": 0.0892857164145,
    "chords_number_rate": 0.0535714291036,
    "chords_strength": {
        "mean": 0.424029380083,
        "stdev": 0.0541131086648
    },
    "key_strength": 0.717368423939,
    "tuning_diatonic_strength": 0.389708280563,
    "tuning_equal_tempered_deviation": 0.18932184577,
    "tuning_frequency": 442.293365479,
    "tuning_nontempered_energy_ratio": 0.948867619038,
    "hpcp": {
        "mean": [0.127949804068, 0.0236751846969, 0.00213600951247, 0.00618703616783, 0.0692709833384, 0.246879726648, 0.2466686517, 0.241365417838, 0.516792058945, 0.410649210215, 0.0804517120123, 0.0139913279563, 0.0115083036944, 0.0238721650094, 0.045741289854, 0.037073303014, 0.0106808971614, 0.00539177423343, 0.00804697722197, 0.025057611987, 0.078297317028, 0.0906412005424, 0.182555958629, 0.307888120413, 0.158863171935, 0.00678062485531, 0.0336943902075, 0.0392004586756, 0.0254209432751, 0.0432075336576, 0.0399796068668, 0.0158921256661, 0.00683410931379, 0.00304720527492, 0.0289690308273, 0.13306120038],
        "stdev": [0.309375911951, 0.0549426041543, 0.00503582693636, 0.0216961000115, 0.135594502091, 0.342933446169, 0.334195494652, 0.280220031738, 0.434404313564, 0.396704912186, 0.11766666919, 0.0524551086128, 0.0364784002304, 0.102668367326, 0.134740337729, 0.0773650407791, 0.0184228569269, 0.0168634653091, 0.0323413833976, 0.103329047561, 0.17147564888, 0.188851162791, 0.240627974272, 0.431942075491, 0.223732858896, 0.0120581043884, 0.0619666427374, 0.0718739405274, 0.0606654696167, 0.0997544974089, 0.0741692110896, 0.0339606814086, 0.0286701060832, 0.00922908075154, 0.0811604633927, 0.323357969522]
    },
    "chords_histogram": [28.571428299, 0, 0, 0, 0, 0, 0, 0, 0, 0, 0, 0, 0, 0, 0, 19.6428565979, 0, 51.7857131958, 0, 0, 0, 0, 0, 0],