{
"metadata": {
    "version": {
        "essentia": "2.1-beta5-dev"
    }
},
"lowLevel": {
    "average_loudness": 0.957673430443,
    "barkbands_kurtosis": {
        "mean": 25.334602356,
        "stdev": 21.5931987762
    },
    "barkbands_skewness": {
        "mean": 3.43354082108,
        "stdev": 2.08282828331
    },
    "barkbands_spread": {
        "mean": 7.26027727127,
        "stdev": 8.25301837921
    },
    "dissonance": {
        "mean": 0.212114855647,
        "stdev": 0.0866449996829
    },
    "hfc": {
        "mean": 30.0566539764,
        "stdev": 31.9295978546
    },
    "pitch": {
        "mean": 267.093688965,
        "stdev": 436.398590088
    },
    "pitch_instantaneous_confidence": {
        "mean": 0.369189232588,
        "stdev": 0.241457313299
    },
    "pitch_salience": {
        "mean": 0.451288193464,
        "stdev": 0.137965515256
    },
    "silence_rate_20dB": {
        "mean": 0.866666674614,
        "stdev": 0.339935421944
    },
    "silence_rate_30dB": {
        "mean": 0.50476193428,
        "stdev": 0.499977618456
    },
    "silence_rate_60dB": {
        "mean": 0.0142857143655,
        "stdev": 0.118666060269
    },
    "spectral_centroid": {
        "mean": 265.114746094,
        "stdev": 255.260177612
    },
    "spectral_complexity": {
        "mean": 7.58095216751,
        "stdev": 2.80401349068
    },
    "spectral_crest": {
        "mean": 12.415807724,
        "stdev": 3.01462268829
    },
    "spectral_decrease": {
        "mean": -7.72158870177e-08,
        "stdev": 8.01639288284e-08
    },
    "spectral_energy": {
        "mean": 0.148868009448,
        "stdev": 0.153552547097
    },
    "spectral_energyband_high": {
        "mean": 0.00041963980766,
        "stdev": 0.00075542088598
    },
    "spectral_energyband_low": {
        "mean": 0.113825492561,
        "stdev": 0.132891997695
    },
    "spectral_energyband_middle_high": {
        "mean": 0.00441737519577,
        "stdev": 0.010118374601
    },
    "spectral_energyband_middle_low": {
        "mean": 0.0431112758815,
        "stdev": 0.0570645108819
    },
    "spectral_flatness_db": {
        "mean": 0.242560610175,
        "stdev": 0.056112613529
    },
    "spectral_flux": {
        "mean": 0.0936607345939,
        "stdev": 0.0992272123694
    },
    "spectral_kurtosis": {
        "mean": 10.4820747375,
        "stdev": 10.2969198227
    },
    "spectral_rms": {
        "mean": 0.0150840766728,
        "stdev": 0.00791590102017
    },
    "spectral_rolloff": {
        "mean": 351.50390625,
        "stdev": 581.441955566
    },
    "spectral_skewness": {
        "mean": 2.89681220055,
        "stdev": 1.29886806011
    },
    "spectral_spread": {
        "mean": 15852409,
        "stdev": 9802458
    },
    "spectral_strongpeak": {
        "mean": 0.624224543571,
        "stdev": 0.996256768703
    },
    "zerocrossingrate": {
        "mean": 0.0234607513994,
        "stdev": 0.0232994109392
    },
    "barkbands": {
        "mean": [0.0096302870661, 0.0445517078042, 0.0488625653088, 0.0132175795734, 0.00401625689119, 0.00333449360915, 0.0074255457148, 0.00601922674105, 0.00223993393593, 0.00698147667572, 0.0001034479792, 0.0014666672796, 0.00019532557053, 0.000102354613773, 9.21642858884e-05, 5.27473348484e-05, 7.23368721083e-05, 1.53024902829e-05, 4.65281264042e-05, 4.20429933001e-05, 8.02775466582e-05, 8.33221129142e-05, 4.50299448858e-05, 3.87133550248e-05, 6.14762902842e-05, 6.22858860879e-05, 2.62261928583e-05],
        "stdev": [0.0204732138664, 0.0618533678353, 0.0519910976291, 0.0312844030559, 0.0107137253508, 0.00539179518819, 0.0150314802304, 0.0109593970701, 0.00352268526331, 0.0178855024278, 0.000157209986355, 0.004080042243, 0.000401856348617, 0.000175331733772, 0.000193139538169, 0.000119843272842, 0.000138031944516, 2.27331966016e-05, 5.54757425562e-05, 6.20398204774e-05, 0.00011286753579, 0.000148840481415, 6.93684487487e-05, 8.1417740148e-05, 0.000138456118293, 0.000145828103996, 7.1533555456e-05]
    },
    "mfcc": {
        "mean": [-636.186889648, 155.219146729, 56.9933586121, 28.7758407593, -7.82079219818, 10.3812360764, 6.6948595047, 7.7353758812, 11.466925621, 12.1222600937, 10.3890028, 7.7997045517, 7.37309503555],
        "stdev": [55.2474899292, 39.3125267029, 24.698223114, 18.3212471008, 11.6959781647, 7.83342170715, 9.46125221252, 10.9769430161, 10.220788002, 10.3860616684, 11.4345855713, 7.4991979599, 9.24087619781]
    },
    "sccoeffs": {
        "mean": [-0.462107151747, -0.68448638916, -0.689947366714, -0.750585913658, -0.803511202335, -0.824500441551],
        "stdev": [0.137168288231, 0.149924442172, 0.167414098978, 0.109796665609, 0.0476828254759, 0.0205126330256]
    },
    "scvalleys": {
        "mean": [-4.03890895844, -4.73220443726, -6.09937906265, -7.44002723694, -7.78839826584, -8.22264099121],
        "stdev": [0.738626599312, 0.671709179878, 0.531908214092, 0.752703905106, 0.604264199734, 0.754035055637]
    }
},
"rhythm": {
    "bpm": 128.14881897,
    "confidence": 0,
    "first_peak_bpm": {
        "mean": 129,
        "stdev": 0
    },
    "first_peak_spread": {
        "mean": 0.333333313465,
        "stdev": 0
    },
    "first_peak_weight": {
        "mean": 0.666666686535,
        "stdev": 0
    },
    "onset_rate": 3.29728889465,
    "second_peak_bpm": {
        "mean": 0,
        "stdev": 0
    },
    "second_peak_spread": {
        "mean": 0,
        "stdev": 0
    },
    "second_peak_weight": {
        "mean": 0,
        "stdev": 0
    }
},
"sfx": {
    "inharmonicity": {
        "mean": 0.0286393705755,
        "stdev": 0.0341620855033
    },
    "oddtoevenharmonicenergyratio": {
        "mean": 26.3387832642,
        "stdev": 125.985374451
    },
    "pitch_after_max_to_before_max_energy_ratio": 0.601141571999,
    "pitch_centroid": 106.373031616,
    "pitch_max_to_total": 0.761904776096,
    "pitch_min_to_total": 0.17619048059,
    "tristimulus": {
        "mean": [0.365189939737, 0.353220462799, 0.281589627266],
        "stdev": [0.329579591751, 0.285663634539, 0.277477532625]
    }
},
"tonal": {
    "chords_changes_rate": 0.0555555559695,
    "chords_number_rate": 0.0555555559695,
    "chords_strength": {
        "mean": 0.543162405491,
        "stdev": 0.100890412927
    },
    "key_strength": 0.767552495003,
    "tuning_diatonic_strength": 0.353799641132,
    "tuning_equal_tempered_deviation": 0.128425806761,
    "tuning_frequency": 435.700531006,
    "tuning_nontempered_energy_ratio": 0.697879254818,
    "hpcp": {
        "mean": [0.0332949347794, 0.0496384762228, 0.204301521182, 0.269132137299, 0.117681071162, 0.0213880669326, 0.0125246522948, 0.00889172777534, 0.0276505947113, 0.0356865227222, 0.0205425471067, 0.0431284271181, 0.0933059677482, 0.0743884965777, 0.0282320994884, 0.0243666190654, 0.0201469492167, 0.162084370852, 0.322054684162, 0.182025298476, 0.0342752076685, 0.0360388979316, 0.0466214343905, 0.115388855338, 0.192699044943, 0.118238084018, 0.0138778369874, 0.00930223427713, 0.0176706649363, 0.0640112310648, 0.167781382799, 0.137978628278, 0.0378111638129, 0.029974065721, 0.0329227298498, 0.0417323149741],
        "stdev": [0.135406017303, 0.144975736737, 0.324461638927, 0.390823453665, 0.17141854763, 0.0725149437785, 0.0366222932935, 0.0244553610682, 0.117528222501, 0.12686599791, 0.0584930554032, 0.0895438864827, 0.2116073668, 0.172616794705, 0.129065707326, 0.062237508595, 0.0363331846893, 0.234800100327, 0.460840135813, 0.260027974844, 0.141205400229, 0.139769181609, 0.176441118121, 0.229919910431, 0.351532310247, 0.22957867384, 0.0444425158203, 0.0426017194986, 0.10627245158, 0.143659487367, 0.346148401499, 0.282088845968, 0.149717271328, 0.138776287436, 0.145359188318, 0.173707678914]
    },
    "chords_histogram": [12.9629631042, 0, 0, 0, 0, 0, 0, 0, 0, 0, 0, 0, 0, 0, 0, 0, 0, 0, 0, 57.4074058533, 0, 0, 0, 29.6296291351],