{
"metadata": {
    "version": {
        "essentia": "2.1-beta5-dev"
    }
},
"lowLevel": {
    "average_loudness": 0.968789696693,
    "barkbands_kurtosis": {
        "mean": 27.9034023285,
        "stdev": 44.7698097229
    },
    "barkbands_skewness": {
        "mean": 3.07686448097,
        "stdev": 2.60983490944
    },
    "barkbands_spread": {
        "mean": 6.82991504669,
        "stdev": 6.22973680496
    },
    "dissonance": {
        "mean": 0.190951317549,
        "stdev": 0.103810481727
    },
    "hfc": {
        "mean": 18.4142494202,
        "stdev": 20.927816391
    },
    "pitch": {
        "mean": 498.73324585,
        "stdev": 1090.50671387
    },
    "pitch_instantaneous_confidence": {
        "mean": 0.455643922091,
        "stdev": 0.234039142728
    },
    "pitch_salience": {
        "mean": 0.514677643776,
        "stdev": 0.12287376821
    },
    "silence_rate_20dB": {
        "mean": 0.990566015244,
        "stdev": 0.0966695994139
    },
    "silence_rate_30dB": {
        "mean": 0.877358496189,
        "stdev": 0.328025817871
    },
    "silence_rate_60dB": {
        "mean": 0.00471698120236,
        "stdev": 0.0685179829597
    },
    "spectral_centroid": {
        "mean": 277.870269775,
        "stdev": 226.474243164
    },
    "spectral_complexity": {
        "mean": 6.51415109634,
        "stdev": 3.5547990799
    },
    "spectral_crest": {
        "mean": 10.8558635712,
        "stdev": 2.70998358727
    },
    "spectral_decrease": {
        "mean": -3.3089296636e-08,
        "stdev": 3.74021418281e-08
    },
    "spectral_energy": {
        "mean": 0.0642962753773,
        "stdev": 0.0722284540534
    },
    "spectral_energyband_high": {
        "mean": 0.000353306328179,
        "stdev": 0.000807922915556
    },
    "spectral_energyband_low": {
        "mean": 0.0399474054575,
        "stdev": 0.0598109327257
    },
    "spectral_energyband_middle_high": {
        "mean": 0.00262696202844,
        "stdev": 0.00437203561887
    },
    "spectral_energyband_middle_low": {
        "mean": 0.0260265134275,
        "stdev": 0.0362423062325
    },
    "spectral_flatness_db": {
        "mean": 0.259948521852,
        "stdev": 0.0789938420057
    },
    "spectral_flux": {
        "mean": 0.0833970978856,
        "stdev": 0.0700054466724
    },
    "spectral_kurtosis": {
        "mean": 23.4710426331,
        "stdev": 28.2190361023
    },
    "spectral_rms": {
        "mean": 0.010256415233,
        "stdev": 0.00448773568496
    },
    "spectral_rolloff": {
        "mean": 401.411254883,
        "stdev": 372.146209717
    },
    "spectral_skewness": {
        "mean": 3.83625006676,
        "stdev": 2.343490839
    },
    "spectral_spread": {
        "mean": 14539223,
        "stdev": 11279377
    },
    "spectral_strongpeak": {
        "mean": 0.365495145321,
        "stdev": 0.489386379719
    },
    "zerocrossingrate": {
        "mean": 0.0225300341845,
        "stdev": 0.0189689993858
    },
    "barkbands": {
        "mean": [0.00451388023794, 0.0168425682932, 0.0146462870762, 0.00550997490063, 0.00224159588106, 0.00529422005638, 0.00535481562838, 0.00095299363602, 0.00397516833618, 0.00272877956741, 0.00031323870644, 0.00105789559893, 0.000124885962578, 0.000140801930684, 6.71845264151e-05, 7.15060159564e-05, 5.64019283047e-05, 1.14439444587e-05, 2.35362349486e-05, 2.45651954174e-05, 6.22763473075e-05, 6.62078527967e-05, 3.07723094011e-05, 3.15750876325e-05, 5.67810166103e-05, 5.95993187744e-05, 3.36655612045e-05],
        "stdev": [0.00707020424306, 0.0188318863511, 0.0255760867149, 0.0218059271574, 0.00494097126648, 0.00854230765253, 0.0102186277509, 0.00132536329329, 0.00588796334341, 0.00628109648824, 0.000877739745192, 0.00178104999941, 0.000230398436543, 0.000244986120379, 0.000139374707942, 0.000100290038972, 0.000125805250718, 1.87936566363e-05, 4.86657081638e-05, 5.27360389242e-05, 0.000134499234264, 0.000155161411385, 6.62365564494e-05, 7.53878921387e-05, 0.000129368534544, 0.000158875074703, 0.000108735272079]
    },
    "mfcc": {
        "mean": [-689.432617188, 173.287826538, 48.1409988403, 18.3715572357, -0.777962863445, 18.3412952423, 3.0713801384, -0.920494496822, 11.3605852127, 3.21919894218, 3.74576950073, 3.07315921783, 7.71986722946],
        "stdev": [92.7014465332, 60.2281684875, 30.2430686951, 30.2062664032, 15.0536613464, 13.6679058075, 16.3357067108, 10.4533863068, 10.2954950333, 9.87833118439, 10.6395330429, 9.75508499146, 8.83323860168]
    },
    "sccoeffs": {
        "mean": [-0.573658704758, -0.676312983036, -0.6538169384, -0.72915327549, -0.812795877457, -0.836208462715],
        "stdev": [0.133950605989, 0.156597584486, 0.168097227812, 0.0914450734854, 0.0503104776144, 0.0259799025953]
    },
    "scvalleys": {
        "mean": [-4.21329498291, -5.25970935822, -6.6403260231, -7.75803470612, -8.49099826813, -8.90828704834],
        "stdev": [0.691004216671, 1.0535929203, 1.02498984337, 0.834281504154, 1.08381950855, 1.30814921856]
    }
},
"rhythm": {
    "bpm": 129.19921875,
    "confidence": 0,
    "first_peak_bpm": {
        "mean": 129,
        "stdev": 0
    },
    "first_peak_spread": {
        "mean": 0,
        "stdev": 0
    },
    "first_peak_weight": {
        "mean": 0.666666686535,
        "stdev": 0
    },
    "onset_rate": 5.32895851135,
    "second_peak_bpm": {
        "mean": 123,
        "stdev": 0
    },
    "second_peak_spread": {
        "mean": 0,
        "stdev": 0
    },
    "second_peak_weight": {
        "mean": 0.333333343267,
        "stdev": 0
    }
},
"sfx": {
    "inharmonicity": {
        "mean": 0.0460075326264,
        "stdev": 0.0833801701665
    },
    "oddtoevenharmonicenergyratio": {
        "mean": 13.5120258331,
        "stdev": 66.2143936157
    },
    "pitch_after_max_to_before_max_energy_ratio": 1.41147851944,
    "pitch_centroid": 134.40322876,
    "pitch_max_to_total": 0.783018887043,
    "pitch_min_to_total": 0.966981112957,
    "tristimulus": {
        "mean": [0.296953529119, 0.432311207056, 0.266018301249],
        "stdev": [0.276128470898, 0.234327584505, 0.278212875128]
    }
},
"tonal": {
    "chords_changes_rate": 0.037037037313,
    "chords_number_rate": 0.0555555559695,
    "chords_strength": {
        "mean": 0.472797900438,
        "stdev": 0.113980479538
    },
    "key_strength": 0.765601456165,
    "tuning_diatonic_strength": 0.5602196455,
    "tuning_equal_tempered_deviation": 0.297084957361,
    "tuning_frequency": 447.174194336,
    "tuning_nontempered_energy_ratio": 0.989131271839,
    "hpcp": {
        "mean": [0.217516347766, 0.0630241110921, 0.0414017923176, 0.0419095121324, 0.0399954617023, 0.0474442280829, 0.0452981963754, 0.0377548635006, 0.0295516122133, 0.0160500667989, 0.00807398930192, 0.0116712404415, 0.00986191630363, 0.0780574977398, 0.241051018238, 0.190551638603, 0.0272963996977, 0.0115026906133, 0.0322404168546, 0.116650886834, 0.166971459985, 0.0783264487982, 0.0200272183865, 0.0506567545235, 0.0456048510969, 0.0695555135608, 0.103409580886, 0.0508479364216, 0.0893722474575, 0.143338784575, 0.0628282651305, 0.00465430365875, 0.0092155393213, 0.0463651902974, 0.258570313454, 0.389924973249],
        "stdev": [0.311404854059, 0.178537607193, 0.156513869762, 0.163442507386, 0.121332406998, 0.110473640263, 0.144480749965, 0.120047658682, 0.0570599287748, 0.0308422166854, 0.0172686520964, 0.0297126751393, 0.027109997347, 0.125634789467, 0.400532215834, 0.331763029099, 0.0521833635867, 0.043821465224, 0.0932174250484, 0.238329127431, 0.322317570448, 0.168670386076, 0.0684320256114, 0.182381376624, 0.167090386152, 0.151022136211, 0.250495284796, 0.115890830755, 0.186738297343, 0.300207555294, 0.122759483755, 0.0136910108849, 0.0478668287396, 0.151374563575, 0.33618581295, 0.447229295969]
    },
    "chords_histogram": [61.1111106873, 0, 0, 0, 0, 0, 0, 0, 0, 0, 0, 0, 0, 0, 0, 12.9629631042, 0, 0, 0, 0, 25.9259262085, 0, 0, 0],