{
"metadata": {
    "version": {
        "essentia": "2.1-beta5-dev"
    }
},
"lowLevel": {
    "average_loudness": 0.989243626595,
    "barkbands_kurtosis": {
        "mean": 9.80515956879,
        "stdev": 19.7620697021
    },
    "barkbands_skewness": {
        "mean": 1.66300046444,
        "stdev": 1.64081168175
    },
    "barkbands_spread": {
        "mean": 7.94079875946,
        "stdev": 4.2688627243
    },
    "dissonance": {
        "mean": 0.15653462708,
        "stdev": 0.0746324583888
    },
    "hfc": {
        "mean": 53.2265052795,
        "stdev": 48.3556022644
    },
    "pitch": {
        "mean": 337.996307373,
        "stdev": 113.654472351
    },
    "pitch_instantaneous_confidence": {
        "mean": 0.634949326515,
        "stdev": 0.241558268666
    },
    "pitch_salience": {
        "mean": 0.572227120399,
        "stdev": 0.104320816696
    },
    "silence_rate_20dB": {
        "mean": 0.956937789917,
        "stdev": 0.202997103333
    },
    "silence_rate_30dB": {
        "mean": 0.454545468092,
        "stdev": 0.497929394245
    },
    "silence_rate_60dB": {
        "mean": 0.0143540669233,
        "stdev": 0.118945389986
    },
    "spectral_centroid": {
        "mean": 400.506652832,
        "stdev": 183.188934326
    },
    "spectral_complexity": {
        "mean": 8.67464160919,
        "stdev": 2.94110965729
    },
    "spectral_crest": {
        "mean": 9.76130390167,
        "stdev": 3.04347634315
    },
    "spectral_decrease": {
        "mean": -7.14620327358e-08,
        "stdev": 5.63890694139e-08
    },
    "spectral_energy": {
        "mean": 0.140079602599,
        "stdev": 0.110407538712
    },
    "spectral_energyband_high": {
        "mean": 0.0001506832632,
        "stdev": 0.000200084265089
    },
    "spectral_energyband_low": {
        "mean": 0.0586544834077,
        "stdev": 0.0642009526491
    },
    "spectral_energyband_middle_high": {
        "mean": 0.016208993271,
        "stdev": 0.032180160284
    },
    "spectral_energyband_middle_low": {
        "mean": 0.0728612020612,
        "stdev": 0.0612177588046
    },
    "spectral_flatness_db": {
        "mean": 0.212682530284,
        "stdev": 0.0426285564899
    },
    "spectral_flux": {
        "mean": 0.105610489845,
        "stdev": 0.0814161524177
    },
    "spectral_kurtosis": {
        "mean": 13.8934631348,
        "stdev": 7.80634880066
    },
    "spectral_rms": {
        "mean": 0.0149008473381,
        "stdev": 0.00714312586933
    },
    "spectral_rolloff": {
        "mean": 610.759887695,
        "stdev": 263.079803467
    },
    "spectral_skewness": {
        "mean": 3.46696209908,
        "stdev": 0.916876852512
    },
    "spectral_spread": {
        "mean": 10634213,
        "stdev": 5383768
    },
    "spectral_strongpeak": {
        "mean": 1.14594769478,
        "stdev": 1.45843875408
    },
    "zerocrossingrate": {
        "mean": 0.0232692882419,
        "stdev": 0.00970840640366
    },
    "barkbands": {
        "mean": [0.00366223580204, 0.0207836646587, 0.0278132855892, 0.00817581824958, 0.00332487653941, 0.0203860551119, 0.015442869626, 0.0073480149731, 0.0122241219506, 0.00677028903738, 0.00805339589715, 0.00339692574926, 0.00100163696334, 0.00061687635025, 0.000386315194191, 0.000344682281138, 0.000122241021018, 1.53404034791e-05, 3.69609260815e-05, 4.33421155321e-05, 4.4216743845e-05, 2.9168679248e-05, 2.02434657695e-05, 1.06181569208e-05, 1.01818786788e-05, 1.1992097825e-05, 4.05867967856e-06],
        "stdev": [0.00660393573344, 0.0240660123527, 0.0308076404035, 0.0153487380594, 0.00489633250982, 0.0357092991471, 0.0196309294552, 0.0133662950248, 0.0171435028315, 0.0130944391713, 0.0275842379779, 0.00573003897443, 0.00290044071153, 0.000944147235714, 0.000388102518627, 0.000379181758035, 0.000145898738992, 2.20477468247e-05, 4.07738189097e-05, 7.73930878495e-05, 7.7872442489e-05, 5.45358525414e-05, 1.86955749086e-05, 8.54975678521e-06, 8.52812172525e-06, 8.93824562809e-06, 4.17430646849e-06]
    },
    "mfcc": {
        "mean": [-612.462402344, 176.020278931, 17.7103881836, 4.86698961258, -6.86981105804, 9.62637329102, -5.64682722092, -3.42275047302, 3.78870248795, 9.53334331512, 0.365938097239, 2.74626755714, 6.02690219879],
        "stdev": [62.4479408264, 26.7092456818, 18.6262016296, 19.03972435, 14.5360603333, 11.8784723282, 15.1218137741, 14.4726409912, 13.6365499496, 9.46692752838, 10.6817770004, 12.3691167831, 14.3939571381]
    },
    "sccoeffs": {
        "mean": [-0.553895771503, -0.579358696938, -0.55855435133, -0.669969081879, -0.782695710659, -0.825550615788],
        "stdev": [0.143880411983, 0.165023207664, 0.176292508841, 0.0819304063916, 0.0411204919219, 0.0223432220519]
    },
    "scvalleys": {
        "mean": [-4.21342325211, -4.5052690506, -5.9530787468, -6.79479026794, -7.7056889534, -8.52214717865],
        "stdev": [0.80576133728, 0.598060131073, 0.796648681164, 0.650517463684, 0.587384581566, 0.480684429407]
    }
},
"rhythm": {
    "bpm": 206.718765259,
    "confidence": 0,
    "first_peak_bpm": {
        "mean": 207,
        "stdev": 0
    },
    "first_peak_spread": {
        "mean": 0,
        "stdev": 0
    },
    "first_peak_weight": {
        "mean": 0.666666686535,
        "stdev": 0
    },
    "onset_rate": 4.576587677,
    "second_peak_bpm": {
        "mean": 178,
        "stdev": 0
    },
    "second_peak_spread": {
        "mean": 0,
        "stdev": 0
    },
    "second_peak_weight": {
        "mean": 0.166666671634,
        "stdev": 0
    }
},
"sfx": {
    "inharmonicity": {
        "mean": 0.0373243875802,
        "stdev": 0.0811284482479
    },
    "oddtoevenharmonicenergyratio": {
        "mean": 1.11582446098,
        "stdev": 2.52927422523
    },
    "pitch_after_max_to_before_max_energy_ratio": 1.22405028343,
    "pitch_centroid": 113.858856201,
    "pitch_max_to_total": 0.622009575367,
    "pitch_min_to_total": 0.339712917805,
    "tristimulus": {
        "mean": [0.371025621891, 0.454342663288, 0.169846951962],
        "stdev": [0.17150080204, 0.143500894308, 0.162912383676]
    }
},
"tonal": {
    "chords_changes_rate": 0.0566037744284,
    "chords_number_rate": 0.0754716992378,
    "chords_strength": {
        "mean": 0.425980120897,
        "stdev": 0.0419304892421
    },
    "key_strength": 0.573984742165,
    "tuning_diatonic_strength": 0.421406894922,
    "tuning_equal_tempered_deviation": 0.132301673293,
    "tuning_frequency": 435.952270508,
    "tuning_nontempered_energy_ratio": 0.756091177464,
    "hpcp": {
        "mean": [0.138444811106, 0.112699508667, 0.0557012930512, 0.0864344611764, 0.0611279532313, 0.0900821760297, 0.199488371611, 0.213182687759, 0.111253224313, 0.0299816112965, 0.0101123377681, 0.0330035984516, 0.143201470375, 0.147290498018, 0.119404546916, 0.182061091065, 0.127335518599, 0.0482218191028, 0.0352240391076, 0.0245989114046, 0.0747148543596, 0.24544544518, 0.235343381763, 0.0752608925104, 0.0307627413422, 0.0292418468744, 0.106459014118, 0.221582084894, 0.139982163906, 0.030968286097, 0.0648892745376, 0.0466925725341, 0.0158461835235, 0.0192956905812, 0.0118127539754, 0.0450607687235],
        "stdev": [0.302875131369, 0.244484752417, 0.123444706202, 0.262021809816, 0.159212067723, 0.216315641999, 0.32887634635, 0.360365867615, 0.234277933836, 0.127747267485, 0.0442333854735, 0.059149608016, 0.285834550858, 0.273166686296, 0.221348136663, 0.336177706718, 0.23267108202, 0.172591656446, 0.100155942142, 0.0584906861186, 0.105306565762, 0.369033843279, 0.349046677351, 0.156229838729, 0.0769773572683, 0.114320211112, 0.188987389207, 0.374462872744, 0.245211482048, 0.0715471208096, 0.217752441764, 0.15585064888, 0.0554696284235, 0.0825029090047, 0.0328854322433, 0.0917324498296]
    },
    "chords_histogram": [28.3018875122, 32.0754699707, 7.54716968536, 0, 0, 0, 0, 0, 0, 0, 0, 0, 0, 0, 0, 0, 0, 0, 0, 0, 0, 0, 32.0754699707, 0],