{
"metadata": {
    "version": {
        "essentia": "2.1-beta5-dev"
    }
},
"lowLevel": {
    "average_loudness": 0.935581088066,
    "barkbands_kurtosis": {
        "mean": 14.5664873123,
        "stdev": 20.9150066376
    },
    "barkbands_skewness": {
        "mean": 2.15879225731,
        "stdev": 2.21207499504
    },
    "barkbands_spread": {
        "mean": 7.48263502121,
        "stdev": 3.68610310555
    },
    "dissonance": {
        "mean": 0.182649299502,
        "stdev": 0.0896593853831
    },
    "hfc": {
        "mean": 27.1451587677,
        "stdev": 42.9166145325
    },
    "pitch": {
        "mean": 441.420227051,
        "stdev": 358.147644043
    },
    "pitch_instantaneous_confidence": {
        "mean": 0.619182825089,
        "stdev": 0.263020604849
    },
    "pitch_salience": {
        "mean": 0.484880030155,
        "stdev": 0.119116008282
    },
    "silence_rate_20dB": {
        "mean": 0.972093045712,
        "stdev": 0.164705976844
    },
    "silence_rate_30dB": {
        "mean": 0.795348823071,
        "stdev": 0.403445959091
    },
    "silence_rate_60dB": {
        "mean": 0.00465116277337,
        "stdev": 0.0680406466126
    },
    "spectral_centroid": {
        "mean": 267.199127197,
        "stdev": 155.341873169
    },
    "spectral_complexity": {
        "mean": 5.77209281921,
        "stdev": 2.56436657906
    },
    "spectral_crest": {
        "mean": 11.0769224167,
        "stdev": 2.49258852005
    },
    "spectral_decrease": {
        "mean": -4.17953813781e-08,
        "stdev": 4.82757798181e-08
    },
    "spectral_energy": {
        "mean": 0.0815656632185,
        "stdev": 0.0950405374169
    },
    "spectral_energyband_high": {
        "mean": 7.01696699252e-05,
        "stdev": 6.55244948575e-05
    },
    "spectral_energyband_low": {
        "mean": 0.0436739511788,
        "stdev": 0.044793561101
    },
    "spectral_energyband_middle_high": {
        "mean": 0.0028224978596,
        "stdev": 0.00674419896677
    },
    "spectral_energyband_middle_low": {
        "mean": 0.037816517055,
        "stdev": 0.0563725084066
    },
    "spectral_flatness_db": {
        "mean": 0.250439316034,
        "stdev": 0.0468142591417
    },
    "spectral_flux": {
        "mean": 0.0833141133189,
        "stdev": 0.0649451985955
    },
    "spectral_kurtosis": {
        "mean": 11.1609916687,
        "stdev": 6.20369338989
    },
    "spectral_rms": {
        "mean": 0.011219618842,
        "stdev": 0.00575477536768
    },
    "spectral_rolloff": {
        "mean": 419.045898438,
        "stdev": 280.094818115
    },
    "spectral_skewness": {
        "mean": 3.17965435982,
        "stdev": 0.835445463657
    },
    "spectral_spread": {
        "mean": 12534616,
        "stdev": 6034049.5
    },
    "spectral_strongpeak": {
        "mean": 0.939159810543,
        "stdev": 1.61333906651
    },
    "zerocrossingrate": {
        "mean": 0.018259447068,
        "stdev": 0.00919608864933
    },
    "barkbands": {
        "mean": [0.00612520705909, 0.0209766980261, 0.0138502391055, 0.00409784168005, 0.000935722026043, 0.00310569675639, 0.00243328022771, 0.00454361410812, 0.022162521258, 0.000553869875148, 0.000104400176497, 6.23011292191e-05, 0.00190985191148, 0.000200177368242, 0.000242057809373, 0.000124597325339, 3.9304002712e-05, 7.1349109021e-06, 1.29855352498e-05, 1.3894782569e-05, 1.58907023433e-05, 1.34113188324e-05, 1.05803419501e-05, 5.9393059928e-06, 7.22823187971e-06, 7.98140717961e-06, 3.02245962303e-06],
        "stdev": [0.00765328062698, 0.0193242523819, 0.015730317682, 0.0180499590933, 0.00254089990631, 0.00520814349875, 0.00316239381209, 0.00807651411742, 0.0420811921358, 0.0012926524505, 0.000251202785876, 0.000128911095089, 0.00592501601204, 0.000326884095557, 0.000535787898116, 0.000276376813417, 0.000102090045402, 1.30735688799e-05, 1.25343567561e-05, 1.15557813842e-05, 1.65412347997e-05, 1.88522553799e-05, 7.33299566491e-06, 5.41913641428e-06, 9.63245202001e-06, 8.80756215338e-06, 5.33031061423e-06]
    },
    "mfcc": {
        "mean": [-673.212158203, 160.914901733, 40.1882362366, 22.0643463135, -0.383508622646, 13.2266988754, 1.17686712742, 1.989351511, 10.3521175385, 23.6802482605, 19.3320293427, 12.0905456543, 6.33901548386],
        "stdev": [47.8357887268, 29.9854812622, 18.8454017639, 19.8604564667, 11.2299404144, 8.65299510956, 11.870059967, 12.8659515381, 9.91652202606, 11.5747728348, 10.4988412857, 13.810136795, 12.2683362961]
    },
    "sccoeffs": {
        "mean": [-0.511019647121, -0.61037093401, -0.641415417194, -0.683032870293, -0.824223518372, -0.834243714809],
        "stdev": [0.096117079258, 0.123417377472, 0.154497534037, 0.11959657073, 0.0322174541652, 0.015661707148]
    },
    "scvalleys": {
        "mean": [-4.43112277985, -5.17611551285, -6.69309473038, -7.63863515854, -8.07249355316, -8.77401065826],
        "stdev": [0.67712277174, 0.894432783127, 0.654675424099, 0.562398731709, 0.346052229404, 0.330173492432]
    }
},
"rhythm": {
    "bpm": 108.429603577,
    "confidence": 0,
    "first_peak_bpm": {
        "mean": 108,
        "stdev": 0
    },
    "first_peak_spread": {
        "mean": 0.333333313465,
        "stdev": 0
    },
    "first_peak_weight": {
        "mean": 0.666666686535,
        "stdev": 0
    },
    "onset_rate": 2.01636862755,
    "second_peak_bpm": {
        "mean": 0,
        "stdev": 0
    },
    "second_peak_spread": {
        "mean": 0,
        "stdev": 0
    },
    "second_peak_weight": {
        "mean": 0,
        "stdev": 0
    }
},
"sfx": {
    "inharmonicity": {
        "mean": 0.0255740787834,
        "stdev": 0.0437604635954
    },
    "oddtoevenharmonicenergyratio": {
        "mean": 2.89552617073,
        "stdev": 15.4558391571
    },
    "pitch_after_max_to_before_max_energy_ratio": 0.539134740829,
    "pitch_centroid": 92.7082901001,
    "pitch_max_to_total": 0.590697646141,
    "pitch_min_to_total": 0.595348834991,
    "tristimulus": {
        "mean": [0.525306284428, 0.32028862834, 0.15440505743],
        "stdev": [0.282240122557, 0.204389974475, 0.203886970878]
    }
},
"tonal": {
    "chords_changes_rate": 0.0181818176061,
    "chords_number_rate": 0.0363636352122,
    "chords_strength": {
        "mean": 0.522891819477,
        "stdev": 0.0403852164745
    },
    "key_strength": 0.643642604351,
    "tuning_diatonic_strength": 0.575700044632,
    "tuning_equal_tempered_deviation": 0.196831688285,
    "tuning_frequency": 432.940917969,
    "tuning_nontempered_energy_ratio": 0.886921167374,
    "hpcp": {
        "mean": [0.639226555824, 0.644420087337, 0.171578511596, 0.057755894959, 0.0436729006469, 0.021133100614, 0.0270962286741, 0.0327237583697, 0.0221845582128, 0.0215813666582, 0.0107697295025, 0.00365989957936, 0.0236217323691, 0.0345718972385, 0.0146220969036, 0.00176722835749, 0.00208700308576, 0.00329542881809, 0.00515998108312, 0.00566744199023, 0.0954266786575, 0.311906427145, 0.256963640451, 0.0433576367795, 0.0122510474175, 0.00783786736429, 0.0242928545922, 0.0741651281714, 0.0556510798633, 0.0390576831996, 0.0898893177509, 0.0745934545994, 0.0334574989974, 0.0185424648225, 0.0118400137872, 0.143754705787],
        "stdev": [0.366785258055, 0.366450160742, 0.185662135482, 0.184377759695, 0.165649324656, 0.0825644657016, 0.040227022022, 0.0476335808635, 0.0757402926683, 0.133624732494, 0.0622292235494, 0.010154590942, 0.0416067056358, 0.065715059638, 0.0273196697235, 0.00376059417613, 0.00331035046838, 0.0118040377274, 0.0301403030753, 0.0236769840121, 0.143171265721, 0.39913263917, 0.336326599121, 0.0704428479075, 0.0586068816483, 0.0357444994152, 0.0817054137588, 0.259314209223, 0.189897552133, 0.115361601114, 0.256643682718, 0.158143341541, 0.136481150985, 0.0786321237683, 0.0367836356163, 0.124607220292]
    },
    "chords_histogram": [74.5454559326, 0, 0, 0, 0, 0, 0, 0, 0, 0, 0, 0, 0, 0, 0, 0, 0, 25.4545459747, 0, 0, 0, 0, 0, 0],