{
"metadata": {
    "version": {
        "essentia": "2.1-beta5-dev"
    }
},
"lowLevel": {
    "average_loudness": 0.985795617104,
    "barkbands_kurtosis": {
        "mean": 19.5893173218,
        "stdev": 26.1519145966
    },
    "barkbands_skewness": {
        "mean": 2.93899226189,
        "stdev": 2.09063696861
    },
    "barkbands_spread": {
        "mean": 8.33275318146,
        "stdev": 5.73862171173
    },
    "dissonance": {
        "mean": 0.242080792785,
        "stdev": 0.0931949466467
    },
    "hfc": {
        "mean": 41.0032958984,
        "stdev": 64.9156265259
    },
    "pitch": {
        "mean": 304.397186279,
        "stdev": 430.168884277
    },
    "pitch_instantaneous_confidence": {
        "mean": 0.423958986998,
        "stdev": 0.246475294232
    },
    "pitch_salience": {
        "mean": 0.558674454689,
        "stdev": 0.0908435583115
    },
    "silence_rate_20dB": {
        "mean": 0.944186031818,
        "stdev": 0.229562178254
    },
    "silence_rate_30dB": {
        "mean": 0.679069757462,
        "stdev": 0.466834515333
    },
    "silence_rate_60dB": {
        "mean": 0.00930232554674,
        "stdev": 0.0959989205003
    },
    "spectral_centroid": {
        "mean": 346.838989258,
        "stdev": 234.331008911
    },
    "spectral_complexity": {
        "mean": 8.16744232178,
        "stdev": 2.79532146454
    },
    "spectral_crest": {
        "mean": 9.53364753723,
        "stdev": 2.89850306511
    },
    "spectral_decrease": {
        "mean": -5.59633903663e-08,
        "stdev": 5.31200470277e-08
    },
    "spectral_energy": {
        "mean": 0.109637528658,
        "stdev": 0.105717033148
    },
    "spectral_energyband_high": {
        "mean": 0.000412846362451,
        "stdev": 0.000312447053147
    },
    "spectral_energyband_low": {
        "mean": 0.051206253469,
        "stdev": 0.0466478839517
    },
    "spectral_energyband_middle_high": {
        "mean": 0.0163024030626,
        "stdev": 0.056192073971
    },
    "spectral_energyband_middle_low": {
        "mean": 0.0523703768849,
        "stdev": 0.0440452583134
    },
    "spectral_flatness_db": {
        "mean": 0.199619755149,
        "stdev": 0.0453804656863
    },
    "spectral_flux": {
        "mean": 0.0921272486448,
        "stdev": 0.0621132850647
    },
    "spectral_kurtosis": {
        "mean": 6.23116159439,
        "stdev": 5.35514640808
    },
    "spectral_rms": {
        "mean": 0.0132448496297,
        "stdev": 0.00618807226419
    },
    "spectral_rolloff": {
        "mean": 504.77835083,
        "stdev": 449.456237793
    },
    "spectral_skewness": {
        "mean": 2.39996933937,
        "stdev": 0.819935679436
    },
    "spectral_spread": {
        "mean": 16769753,
        "stdev": 6016875
    },
    "spectral_strongpeak": {
        "mean": 0.973527908325,
        "stdev": 1.92582392693
    },
    "zerocrossingrate": {
        "mean": 0.0303506534547,
        "stdev": 0.0139579027891
    },
    "barkbands": {
        "mean": [0.00276091811247, 0.0136124491692, 0.0252343900502, 0.0130860246718, 0.00460742227733, 0.00925284251571, 0.0109779331833, 0.00788860954344, 0.00543322134763, 0.00859097391367, 0.00523040723056, 0.000153313609189, 0.00132641324308, 0.000162154436111, 0.000267998490017, 0.000416507653426, 6.28935595159e-05, 1.31736105686e-05, 0.000111100365757, 5.87823960814e-05, 0.000119939853903, 7.6417803939e-05, 6.77280913806e-05, 3.60075246135e-05, 3.6356428609e-05, 3.93569280277e-05, 1.3247867173e-05],
        "stdev": [0.0095873400569, 0.01909744367, 0.0186088085175, 0.0121189542115, 0.00506951520219, 0.0105316573754, 0.0283194966614, 0.0122084477916, 0.00723993545398, 0.0309599637985, 0.0187920965254, 0.000230646823184, 0.00449212035164, 0.00037861141027, 0.00075485924026, 0.00130195356905, 0.000104943486804, 1.31130454974e-05, 7.57807429181e-05, 3.5910117731e-05, 9.53952985583e-05, 6.88884101692e-05, 4.76112072647e-05, 3.13042583002e-05, 4.19723728555e-05, 4.2619270971e-05, 2.09956033359e-05]
    },
    "mfcc": {
        "mean": [-604.422973633, 140.598678589, 51.0031661987, 35.0192642212, -7.3443274498, 5.71985960007, -0.531114578247, -0.274978458881, -0.398647934198, 8.74836444855, 3.60847020149, 3.66968941689, 2.82028150558],
        "stdev": [43.5317077637, 28.6867752075, 23.1033630371, 18.5935764313, 14.5709705353, 11.5369062424, 10.9115724564, 9.50580310822, 8.19460105896, 9.81837272644, 9.85577964783, 6.15142917633, 8.67968845367]
    },
    "sccoeffs": {
        "mean": [-0.605306208134, -0.629076421261, -0.699976742268, -0.73561245203, -0.789622306824, -0.812259495258],
        "stdev": [0.10646866262, 0.143449231982, 0.155793711543, 0.103056766093, 0.032722197473, 0.0180460866541]
    },
    "scvalleys": {
        "mean": [-3.71287250519, -4.54299974442, -6.17973518372, -7.06807756424, -7.32346725464, -7.89283084869],
        "stdev": [0.657371044159, 0.80983299017, 0.456007122993, 0.481272935867, 0.333027094603, 0.400952070951]
    }
},
"rhythm": {
    "bpm": 114.011558533,
    "confidence": 0,
    "first_peak_bpm": {
        "mean": 115,
        "stdev": 0
    },
    "first_peak_spread": {
        "mean": 0.333333313465,
        "stdev": 0
    },
    "first_peak_weight": {
        "mean": 0.666666686535,
        "stdev": 0
    },
    "onset_rate": 3.23094677925,
    "second_peak_bpm": {
        "mean": 0,
        "stdev": 0
    },
    "second_peak_spread": {
        "mean": 0,
        "stdev": 0
    },
    "second_peak_weight": {
        "mean": 0,
        "stdev": 0
    }
},
"sfx": {
    "inharmonicity": {
        "mean": 0.0405938886106,
        "stdev": 0.0433538705111
    },
    "oddtoevenharmonicenergyratio": {
        "mean": 11.2580757141,
        "stdev": 79.0796813965
    },
    "pitch_after_max_to_before_max_energy_ratio": 1.06215620041,
    "pitch_centroid": 88.2768249512,
    "pitch_max_to_total": 0.0232558138669,
    "pitch_min_to_total": 0.665116250515,
    "tristimulus": {
        "mean": [0.359462767839, 0.466188371181, 0.174348771572],
        "stdev": [0.260880529881, 0.223876386881, 0.147327840328]
    }
},
"tonal": {
    "chords_changes_rate": 0.0181818176061,
    "chords_number_rate": 0.0363636352122,
    "chords_strength": {
        "mean": 0.459488928318,
        "stdev": 0.102662369609
    },
    "key_strength": 0.452133864164,
    "tuning_diatonic_strength": 0.356971919537,
    "tuning_equal_tempered_deviation": 0.0666436329484,
    "tuning_frequency": 437.465789795,
    "tuning_nontempered_energy_ratio": 0.627735197544,
    "hpcp": {
        "mean": [0.13049903512, 0.0735348686576, 0.042742498219, 0.0492501035333, 0.0294234659523, 0.0207563284785, 0.028788594529, 0.03712432459, 0.133938923478, 0.180442497134, 0.070419035852, 0.00509854219854, 0.00480472575873, 0.00437113177031, 0.00727391894907, 0.0154577121139, 0.0170306675136, 0.175324931741, 0.347511023283, 0.186886057258, 0.0127043537796, 0.0139831574634, 0.015862762928, 0.16147339344, 0.329373270273, 0.18102042377, 0.0378709100187, 0.0895299687982, 0.0701710507274, 0.105553075671, 0.206429496408, 0.136843144894, 0.0326514132321, 0.0141683928668, 0.0149200484157, 0.0815972015262],
        "stdev": [0.305516541004, 0.156886339188, 0.163395673037, 0.150225803256, 0.0794995427132, 0.0821951627731, 0.119409091771, 0.145700156689, 0.269968301058, 0.372727066278, 0.151480734348, 0.00850214995444, 0.00758183421567, 0.00849771406502, 0.0142902554944, 0.0280447006226, 0.0373960994184, 0.179450944066, 0.359163254499, 0.195522025228, 0.03370577842, 0.0392763130367, 0.0370508432388, 0.227536037564, 0.460463255644, 0.257824987173, 0.0868678987026, 0.253123253584, 0.184154987335, 0.177060827613, 0.368863284588, 0.24535600841, 0.142340540886, 0.0551887862384, 0.0707439556718, 0.212901368737]
    },
    "chords_histogram": [0, 0, 34.5454559326, 0, 0, 0, 0, 0, 0, 0, 0, 0, 0, 0, 0, 0, 0, 0, 0, 0, 0, 65.4545440674, 0, 0],