{
"metadata": {
    "version": {
        "essentia": "2.1-beta5-dev"
    }
},
"lowLevel": {
    "average_loudness": 0.99068403244,
    "barkbands_kurtosis": {
        "mean": 20.9111747742,
        "stdev": 31.4100608826
    },
    "barkbands_skewness": {
        "mean": 2.6922750473,
        "stdev": 2.10549330711
    },
    "barkbands_spread": {
        "mean": 7.83388710022,
        "stdev": 5.05593538284
    },
    "dissonance": {
        "mean": 0.192331880331,
        "stdev": 0.0794665366411
    },
    "hfc": {
        "mean": 41.4956092834,
        "stdev": 55.3905220032
    },
    "pitch": {
        "mean": 391.788787842,
        "stdev": 174.23765564
    },
    "pitch_instantaneous_confidence": {
        "mean": 0.557490468025,
        "stdev": 0.25091946125
    },
    "pitch_salience": {
        "mean": 0.50508505106,
        "stdev": 0.101522132754
    },
    "silence_rate_20dB": {
        "mean": 0.889570534229,
        "stdev": 0.313424319029
    },
    "silence_rate_30dB": {
        "mean": 0.447852760553,
        "stdev": 0.497273445129
    },
    "silence_rate_60dB": {
        "mean": 0.0122699383646,
        "stdev": 0.110088095069
    },
    "spectral_centroid": {
        "mean": 297.590789795,
        "stdev": 201.696334839
    },
    "spectral_complexity": {
        "mean": 6.59509181976,
        "stdev": 2.36963844299
    },
    "spectral_crest": {
        "mean": 11.1361045837,
        "stdev": 2.78064322472
    },
    "spectral_decrease": {
        "mean": -7.42222354688e-08,
        "stdev": 6.6427439549e-08
    },
    "spectral_energy": {
        "mean": 0.144239634275,
        "stdev": 0.129649236798
    },
    "spectral_energyband_high": {
        "mean": 0.000227614160394,
        "stdev": 0.000218658620724
    },
    "spectral_energyband_low": {
        "mean": 0.0900238156319,
        "stdev": 0.0896610468626
    },
    "spectral_energyband_middle_high": {
        "mean": 0.00863874144852,
        "stdev": 0.0154343219474
    },
    "spectral_energyband_middle_low": {
        "mean": 0.056020706892,
        "stdev": 0.0642331391573
    },
    "spectral_flatness_db": {
        "mean": 0.238525927067,
        "stdev": 0.0585093162954
    },
    "spectral_flux": {
        "mean": 0.120983205736,
        "stdev": 0.0966878533363
    },
    "spectral_kurtosis": {
        "mean": 9.0847120285,
        "stdev": 6.47851896286
    },
    "spectral_rms": {
        "mean": 0.0151085183024,
        "stdev": 0.00727333128452
    },
    "spectral_rolloff": {
        "mean": 441.496795654,
        "stdev": 288.695068359
    },
    "spectral_skewness": {
        "mean": 2.83766508102,
        "stdev": 0.91507935524
    },
    "spectral_spread": {
        "mean": 14174886,
        "stdev": 6497122
    },
    "spectral_strongpeak": {
        "mean": 1.05925440788,
        "stdev": 1.552765131
    },
    "zerocrossingrate": {
        "mean": 0.0228503644466,
        "stdev": 0.0162136051804
    },
    "barkbands": {
        "mean": [0.00754725933075, 0.0342922732234, 0.0376054272056, 0.0136357024312, 0.00125344283879, 0.00131781573873, 0.00988708529621, 0.0279929973185, 0.00174429919571, 0.000705489015672, 0.00090939522488, 0.0057666762732, 0.000140597825521, 6.9054440246e-05, 0.000548183626961, 0.000166436308064, 0.000349196867319, 1.24899388538e-05, 4.81826245959e-05, 3.95456409024e-05, 5.54518446734e-05, 4.44115685241e-05, 3.17354897561e-05, 2.00486247195e-05, 2.35224124481e-05, 2.30988862313e-05, 9.23162042454e-06],
        "stdev": [0.0134535785764, 0.0304627548903, 0.0417474247515, 0.0240107998252, 0.00280542252585, 0.00245451857336, 0.0146779287606, 0.0600461699069, 0.00374514167197, 0.00146992853843, 0.00105013651773, 0.014026908204, 0.000357045559213, 0.000213244289625, 0.00095582974609, 0.000417426141212, 0.000849801173899, 1.62190754054e-05, 3.96875839215e-05, 5.74483565288e-05, 6.25496322755e-05, 4.59121656604e-05, 2.4810216928e-05, 2.26793636102e-05, 2.91527539957e-05, 2.93400389637e-05, 1.81777213584e-05]
    },
    "mfcc": {
        "mean": [-630.630310059, 148.451873779, 45.5850982666, 27.7043685913, -4.8140501976, 11.8722038269, 6.31377315521, 11.1579141617, 13.3358802795, 13.7252340317, 7.38126373291, 11.2178030014, 20.8140163422],
        "stdev": [45.4984130859, 29.7029037476, 25.3930587769, 17.6068687439, 8.68585681915, 9.34596633911, 9.97614765167, 11.1300935745, 10.7721414566, 12.4465656281, 11.8923540115, 15.7710723877, 13.2675228119]
    },
    "sccoeffs": {
        "mean": [-0.4871712327, -0.551144719124, -0.641806721687, -0.703342795372, -0.78970682621, -0.817457616329],
        "stdev": [0.146326512098, 0.171527206898, 0.120335899293, 0.104527033865, 0.0559938624501, 0.0208942312747]
    },
    "scvalleys": {
        "mean": [-4.04802799225, -5.19178771973, -6.17719650269, -7.47261190414, -7.65481138229, -8.25150966644],
        "stdev": [0.708536028862, 0.678706347942, 0.708007216454, 0.597771167755, 0.396498858929, 0.39504301548]
    }
},
"rhythm": {
    "bpm": 99.3840179443,
    "confidence": 0,
    "first_peak_bpm": {
        "mean": 99,
        "stdev": 0
    },
    "first_peak_spread": {
        "mean": 0,
        "stdev": 0
    },
    "first_peak_weight": {
        "mean": 1,
        "stdev": 0
    },
    "onset_rate": 4.27185869217,
    "second_peak_bpm": {
        "mean": 0,
        "stdev": 0
    },
    "second_peak_spread": {
        "mean": 0,
        "stdev": 0
    },
    "second_peak_weight": {
        "mean": 0,
        "stdev": 0
    }
},
"sfx": {
    "inharmonicity": {
        "mean": 0.0228240378201,
        "stdev": 0.0374232977629
    },
    "oddtoevenharmonicenergyratio": {
        "mean": 37.413520813,
        "stdev": 187.091842651
    },
    "pitch_after_max_to_before_max_energy_ratio": 0.0136755257845,
    "pitch_centroid": 82.3046188354,
    "pitch_max_to_total": 0.993865013123,
    "pitch_min_to_total": 0.331288337708,
    "tristimulus": {
        "mean": [0.43069845438, 0.376600980759, 0.192700594664],
        "stdev": [0.255673319101, 0.153937637806, 0.245046526194]
    }
},
"tonal": {
    "chords_changes_rate": 0.0714285746217,
    "chords_number_rate": 0.0714285746217,
    "chords_strength": {
        "mean": 0.475553005934,
        "stdev": 0.087795317173
    },
    "key_strength": 0.466653615236,
    "tuning_diatonic_strength": 0.455625385046,
    "tuning_equal_tempered_deviation": 0.0510718226433,
    "tuning_frequency": 436.960693359,
    "tuning_nontempered_energy_ratio": 0.630125939846,
    "hpcp": {
        "mean": [0.21543776989, 0.150802746415, 0.0468286536634, 0.0241485796869, 0.0344113372266, 0.113625302911, 0.200392857194, 0.163557618856, 0.16486042738, 0.234718501568, 0.169084608555, 0.10756713897, 0.112103044987, 0.0557816773653, 0.15243062377, 0.433525621891, 0.318983376026, 0.0558589287102, 0.063271433115, 0.0623223781586, 0.0321468226612, 0.0319711603224, 0.0452214963734, 0.0352966934443, 0.0236263610423, 0.0134428460151, 0.00889769103378, 0.0219353474677, 0.0195962637663, 0.00783901847899, 0.00768715143204, 0.00887034460902, 0.00761736277491, 0.00479995086789, 0.00752442516387, 0.104057773948],
        "stdev": [0.293071597815, 0.200004279613, 0.165850698948, 0.0900382325053, 0.153103277087, 0.210999757051, 0.326908499002, 0.256736904383, 0.291067242622, 0.364840179682, 0.308758109808, 0.236253470182, 0.276170760393, 0.156450971961, 0.178850188851, 0.488725960255, 0.358440697193, 0.0932377204299, 0.209977611899, 0.184351041913, 0.103243544698, 0.122355461121, 0.178586140275, 0.146113947034, 0.0859824195504, 0.0499068908393, 0.0153385689482, 0.0391643419862, 0.0422341227531, 0.0190393701196, 0.0213571097702, 0.0301183443516, 0.0338305793703, 0.0149244107306, 0.0154516641051, 0.157340228558]
    },
    "chords_histogram": [4.76190471649, 50, 45.2380943298, 0, 0, 0, 0, 0, 0, 0, 0, 0, 0, 0, 0, 0, 0, 0, 0, 0, 0, 0, 0, 0],