{
"metadata": {
    "version": {
        "essentia": "2.1-beta5-dev"
    }
},
"lowLevel": {
    "average_loudness": 0.99068403244,
    "barkbands_kurtosis": {
        "mean": 17.6795959473,
        "stdev": 14.8255386353
    },
    "barkbands_skewness": {
        "mean": 3.00462937355,
        "stdev": 1.37312483788
    },
    "barkbands_spread": {
        "mean": 7.96590852737,
        "stdev": 8.33734798431
    },
    "dissonance": {
        "mean": 0.239429682493,
        "stdev": 0.0812870040536
    },
    "hfc": {
        "mean": 36.5896720886,
        "stdev": 35.8973960876
    },
    "pitch": {
        "mean": 312.543640137,
        "stdev": 621.57244873
    },
    "pitch_instantaneous_confidence": {
        "mean": 0.387780338526,
        "stdev": 0.17546197772
    },
    "pitch_salience": {
        "mean": 0.658982396126,
        "stdev": 0.100770734251
    },
    "silence_rate_20dB": {
        "mean": 0.930693089962,
        "stdev": 0.25397542119
    },
    "silence_rate_30dB": {
        "mean": 0.504950523376,
        "stdev": 0.499975323677
    },
    "silence_rate_60dB": {
        "mean": 0.00990098994225,
        "stdev": 0.0990099012852
    },
    "spectral_centroid": {
        "mean": 314.413116455,
        "stdev": 174.510391235
    },
    "spectral_complexity": {
        "mean": 9.90099048615,
        "stdev": 3.46268677711
    },
    "spectral_crest": {
        "mean": 10.5524730682,
        "stdev": 3.13918280602
    },
    "spectral_decrease": {
        "mean": -6.46055013931e-08,
        "stdev": 5.21368903605e-08
    },
    "spectral_energy": {
        "mean": 0.125593647361,
        "stdev": 0.101771220565
    },
    "spectral_energyband_high": {
        "mean": 0.00037346049794,
        "stdev": 0.000199930582312
    },
    "spectral_energyband_low": {
        "mean": 0.039224691689,
        "stdev": 0.0294511057436
    },
    "spectral_energyband_middle_high": {
        "mean": 0.00487936008722,
        "stdev": 0.00629151053727
    },
    "spectral_energyband_middle_low": {
        "mean": 0.0959333255887,
        "stdev": 0.0900298878551
    },
    "spectral_flatness_db": {
        "mean": 0.187157228589,
        "stdev": 0.0404227003455
    },
    "spectral_flux": {
        "mean": 0.149218469858,
        "stdev": 0.0654056668282
    },
    "spectral_kurtosis": {
        "mean": 7.49681758881,
        "stdev": 4.76057243347
    },
    "spectral_rms": {
        "mean": 0.0143880788237,
        "stdev": 0.0061485785991
    },
    "spectral_rolloff": {
        "mean": 415.313659668,
        "stdev": 357.072814941
    },
    "spectral_skewness": {
        "mean": 2.63116192818,
        "stdev": 0.781979858875
    },
    "spectral_spread": {
        "mean": 14528664,
        "stdev": 5631124.5
    },
    "spectral_strongpeak": {
        "mean": 0.610131144524,
        "stdev": 0.625690460205
    },
    "zerocrossingrate": {
        "mean": 0.0246461164206,
        "stdev": 0.0173647291958
    },
    "barkbands": {
        "mean": [0.00366446725093, 0.00938857160509, 0.0115462038666, 0.0313480272889, 0.0340605936944, 0.0117235584185, 0.0100202262402, 0.00546691892669, 0.00290705566294, 0.000732142594643, 0.000798172783107, 0.00141273846384, 0.00118911475874, 0.000558706291486, 0.000109343956865, 9.81551129371e-05, 5.0492821174e-05, 1.99108126253e-05, 9.83434656519e-05, 7.26709185983e-05, 9.15181735763e-05, 7.26617654436e-05, 4.77719841001e-05, 3.24160537275e-05, 3.79042394343e-05, 3.53008508682e-05, 1.00387460407e-05],
        "stdev": [0.00518164178357, 0.00814766809344, 0.0114984102547, 0.0294931307435, 0.0529077798128, 0.0135759040713, 0.0190505478531, 0.00536082684994, 0.00612141005695, 0.0011114932131, 0.00100819929503, 0.00265420903452, 0.00254869577475, 0.000849757576361, 0.000178223242983, 0.000107767853478, 5.99113081989e-05, 2.08015244425e-05, 7.1596892667e-05, 4.54022592749e-05, 5.37021260243e-05, 4.82186223962e-05, 2.83026129182e-05, 2.2582589736e-05, 2.81804750557e-05, 3.29044305545e-05, 1.65311757883e-05]
    },
    "mfcc": {
        "mean": [-591.277648926, 154.376434326, 42.7929916382, 25.1646022797, -5.46862030029, 17.6864948273, 5.47284317017, -7.02870941162, -6.8692855835, 0.30958494544, 2.35047340393, 2.0383067131, -1.23535060883],
        "stdev": [62.0294342041, 33.9541549683, 12.0231246948, 17.2594795227, 10.1937856674, 8.09768772125, 9.85210609436, 9.56224060059, 9.58222389221, 7.68060541153, 8.51148986816, 10.0403995514, 7.44864320755]
    },
    "sccoeffs": {
        "mean": [-0.640476882458, -0.689356446266, -0.73155105114, -0.719552993774, -0.799407362938, -0.814205765724],
        "stdev": [0.11012994498, 0.124286741018, 0.11040134728, 0.0688429176807, 0.0248670931906, 0.016713514924]
    },
    "scvalleys": {
        "mean": [-3.24183750153, -4.41743469238, -5.61299943924, -6.55599594116, -7.2824344635, -7.96221637726],
        "stdev": [0.744945466518, 0.991172134876, 0.886615216732, 0.743915438652, 0.41882032156, 0.486583262682]
    }
},
"rhythm": {
    "bpm": 147.65625,
    "confidence": 0,
    "first_peak_bpm": {
        "mean": 148,
        "stdev": 0
    },
    "first_peak_spread": {
        "mean": 0,
        "stdev": 0
    },
    "first_peak_weight": {
        "mean": 1,
        "stdev": 0
    },
    "onset_rate": 4.329641819,
    "second_peak_bpm": {
        "mean": 0,
        "stdev": 0
    },
    "second_peak_spread": {
        "mean": 0,
        "stdev": 0
    },
    "second_peak_weight": {
        "mean": 0,
        "stdev": 0
    }
},
"sfx": {
    "inharmonicity": {
        "mean": 0.0559179037809,
        "stdev": 0.0556556843221
    },
    "oddtoevenharmonicenergyratio": {
        "mean": 1.06540453434,
        "stdev": 2.37444019318
    },
    "pitch_after_max_to_before_max_energy_ratio": 1.586327672,
    "pitch_centroid": 66.3284912109,
    "pitch_max_to_total": 0.851485133171,
    "pitch_min_to_total": 0.247524753213,
    "tristimulus": {
        "mean": [0.395675569773, 0.343705356121, 0.260619044304],
        "stdev": [0.211136966944, 0.169588580728, 0.185595348477]
    }
},
"tonal": {
    "chords_changes_rate": 0.0384615398943,
    "chords_number_rate": 0.0769230797887,
    "chords_strength": {
        "mean": 0.42930662632,
        "stdev": 0.015876410529
    },
    "key_strength": 0.505039453506,
    "tuning_diatonic_strength": 0.41971680522,
    "tuning_equal_tempered_deviation": 0.138077050447,
    "tuning_frequency": 442.293365479,
    "tuning_nontempered_energy_ratio": 0.80056566,
    "hpcp": {
        "mean": [0.0683151930571, 0.100584760308, 0.135992184281, 0.131201729178, 0.0529189296067, 0.0882542580366, 0.189874619246, 0.160419970751, 0.11072434485, 0.10901132226, 0.0547156371176, 0.0254650525749, 0.0668419674039, 0.113187775016, 0.203726708889, 0.204714521766, 0.0809765532613, 0.030099472031, 0.0169603526592, 0.0135194351897, 0.0704653635621, 0.100339971483, 0.0997454449534, 0.164373338223, 0.153110966086, 0.0551900789142, 0.0236866679043, 0.0301060974598, 0.0649838745594, 0.176994219422, 0.171143114567, 0.0950830504298, 0.131324112415, 0.121005371213, 0.049031522125, 0.0249870046973],
        "stdev": [0.176182076335, 0.243669301271, 0.287912905216, 0.321017324924, 0.114559538662, 0.127444639802, 0.316389352083, 0.286521881819, 0.20966526866, 0.222421035171, 0.184676125646, 0.0749060288072, 0.210107430816, 0.248498111963, 0.296569794416, 0.31829932332, 0.143117263913, 0.0938517972827, 0.0364845618606, 0.0244805924594, 0.184805065393, 0.270529866219, 0.13570612669, 0.224183484912, 0.257037937641, 0.118461713195, 0.0311324298382, 0.0355830676854, 0.126532718539, 0.341579586267, 0.298490643501, 0.184373304248, 0.249990016222, 0.227060616016, 0.0999331399798, 0.0409550964832]
    },
    "chords_histogram": [0, 0, 0, 0, 0, 0, 0, 0, 0, 0, 0, 0, 0, 0, 0, 0, 0, 84.6153869629, 0, 0, 0, 0, 0, 15.3846149445],