{
"metadata": {
    "version": {
        "essentia": "2.1-beta5-dev"
    }
},
"lowLevel": {
    "average_loudness": 0.99068403244,
    "barkbands_kurtosis": {
        "mean": 41.359539032,
        "stdev": 29.9564170837
    },
    "barkbands_skewness": {
        "mean": 4.79156923294,
        "stdev": 1.95008802414
    },
    "barkbands_spread": {
        "mean": 6.33322525024,
        "stdev": 5.0508685112
    },
    "dissonance": {
        "mean": 0.308029681444,
        "stdev": 0.0575661286712
    },
    "hfc": {
        "mean": 31.9636077881,
        "stdev": 18.0367641449
    },
    "pitch": {
        "mean": 350.917877197,
        "stdev": 862.077514648
    },
    "pitch_instantaneous_confidence": {
        "mean": 0.287729978561,
        "stdev": 0.132666200399
    },
    "pitch_salience": {
        "mean": 0.62964630127,
        "stdev": 0.0832985267043
    },
    "silence_rate_20dB": {
        "mean": 0.949999988079,
        "stdev": 0.217944964767
    },
    "silence_rate_30dB": {
        "mean": 0.21250000596,
        "stdev": 0.409076869488
    },
    "silence_rate_60dB": {
        "mean": 0.0125000001863,
        "stdev": 0.111102432013
    },
    "spectral_centroid": {
        "mean": 371.193572998,
        "stdev": 1203.80822754
    },
    "spectral_complexity": {
        "mean": 10.9750003815,
        "stdev": 4.81397676468
    },
    "spectral_crest": {
        "mean": 10.9714918137,
        "stdev": 2.72101306915
    },
    "spectral_decrease": {
        "mean": -8.46821635037e-08,
        "stdev": 7.29083424744e-08
    },
    "spectral_energy": {
        "mean": 0.163171827793,
        "stdev": 0.139433532953
    },
    "spectral_energyband_high": {
        "mean": 0.00085991807282,
        "stdev": 0.00058273418108
    },
    "spectral_energyband_low": {
        "mean": 0.106509849429,
        "stdev": 0.113260470331
    },
    "spectral_energyband_middle_high": {
        "mean": 0.00177230406553,
        "stdev": 0.00144556083251
    },
    "spectral_energyband_middle_low": {
        "mean": 0.0870300233364,
        "stdev": 0.0824391022325
    },
    "spectral_flatness_db": {
        "mean": 0.211675599217,
        "stdev": 0.0531528294086
    },
    "spectral_flux": {
        "mean": 0.172992646694,
        "stdev": 0.123780496418
    },
    "spectral_kurtosis": {
        "mean": 4.39067173004,
        "stdev": 2.23801159859
    },
    "spectral_rms": {
        "mean": 0.0167864896357,
        "stdev": 0.00602391455323
    },
    "spectral_rolloff": {
        "mean": 493.648681641,
        "stdev": 2060.42431641
    },
    "spectral_skewness": {
        "mean": 2.15876436234,
        "stdev": 0.474893480539
    },
    "spectral_spread": {
        "mean": 18020688,
        "stdev": 5070321
    },
    "spectral_strongpeak": {
        "mean": 0.62971162796,
        "stdev": 0.538372397423
    },
    "zerocrossingrate": {
        "mean": 0.0269531253725,
        "stdev": 0.0134047195315
    },
    "barkbands": {
        "mean": [0.00248881103471, 0.0182554833591, 0.0528507530689, 0.0570671856403, 0.0179535169154, 0.00197784602642, 0.00647764652967, 0.00303561380133, 0.00028336601099, 0.000267277500825, 0.000217504188186, 0.000508730881847, 0.000400581222493, 0.000108600608655, 3.7376266846e-05, 6.50301590213e-05, 5.68069517612e-05, 3.53523719241e-05, 0.000153826316819, 0.000148968436406, 0.00031124081579, 0.000175054883584, 8.80260922713e-05, 5.63135363336e-05, 5.85241868976e-05, 6.72407841193e-05, 2.3081778636e-05],
        "stdev": [0.00464181322604, 0.021879889071, 0.0529321879148, 0.0713725462556, 0.0160156656057, 0.00293021299876, 0.00644897995517, 0.00294811325148, 0.000276026781648, 0.000388412940083, 0.000290053576464, 0.000655737938359, 0.000345264124917, 0.000113215115562, 4.89366502734e-05, 7.44059580029e-05, 7.80837362981e-05, 9.2389927886e-05, 0.000157067523105, 0.000245658651693, 0.000275642960332, 0.000142760560266, 4.51753439847e-05, 2.81100947177e-05, 3.78946315323e-05, 5.09951423737e-05, 3.18616075674e-05]
    },
    "mfcc": {
        "mean": [-587.574279785, 131.510055542, 59.0360298157, 45.0994338989, -2.39240455627, 21.7987709045, 8.00025749207, -3.85053133965, -4.08797216415, -0.290719598532, 5.85620737076, 8.74415016174, 4.01772975922],
        "stdev": [68.6701889038, 23.3616847992, 16.130689621, 15.8391103745, 12.1384496689, 8.875207901, 8.10461616516, 6.77405405045, 8.56775283813, 7.95444345474, 6.44153499603, 8.13722133636, 8.92713546753]
    },
    "sccoeffs": {
        "mean": [-0.569224715233, -0.732130229473, -0.800759911537, -0.752365171909, -0.804074168205, -0.791325211525],
        "stdev": [0.108540907502, 0.0860760509968, 0.0545397549868, 0.0593297742307, 0.0349923782051, 0.0328033268452]
    },
    "scvalleys": {
        "mean": [-3.14976811409, -4.56897640228, -5.8878993988, -6.81672000885, -7.09790182114, -7.65010929108],
        "stdev": [1.19455742836, 1.09736979008, 1.02907299995, 0.837619006634, 0.785200417042, 0.652960956097]
    }
},
"rhythm": {
    "bpm": 0,
    "confidence": 0,
    "first_peak_bpm": {
        "mean": 0,
        "stdev": 0
    },
    "first_peak_spread": {
        "mean": 0,
        "stdev": 0
    },
    "first_peak_weight": {
        "mean": 0,
        "stdev": 0
    },
    "onset_rate": 5.52119588852,
    "second_peak_bpm": {
        "mean": 0,
        "stdev": 0
    },
    "second_peak_spread": {
        "mean": 0,
        "stdev": 0
    },
    "second_peak_weight": {
        "mean": 0,
        "stdev": 0
    }
},
"sfx": {
    "inharmonicity": {
        "mean": 0.0505288057029,
        "stdev": 0.0475291013718
    },
    "oddtoevenharmonicenergyratio": {
        "mean": 20.8009471893,
        "stdev": 120.64087677
    },
    "pitch_after_max_to_before_max_energy_ratio": 2.75208234787,
    "pitch_centroid": 36.5834770203,
    "pitch_max_to_total": 0.20000000298,
    "pitch_min_to_total": 0.13750000298,
    "tristimulus": {
        "mean": [0.405086219311, 0.35376149416, 0.228652194142],
        "stdev": [0.347932547331, 0.261632621288, 0.200765311718]
    }
},
"tonal": {
    "chords_changes_rate": 0,
    "chords_number_rate": 0.047619048506,
    "chords_strength": {
        "mean": 0.534837424755,
        "stdev": 0
    },
    "key_strength": 0.484874367714,
    "tuning_diatonic_strength": 0.487314641476,
    "tuning_equal_tempered_deviation": 0.116251200438,
    "tuning_frequency": 440.763122559,
    "tuning_nontempered_energy_ratio": 0.678574204445,
    "hpcp": {
        "mean": [0.019146008417, 0.0238081924617, 0.100736878812, 0.135190650821, 0.060599334538, 0.0293175745755, 0.0732929259539, 0.0782053619623, 0.0610934942961, 0.0569063536823, 0.0256224013865, 0.00517281517386, 0.00261979177594, 0.00449427450076, 0.0093201212585, 0.00937629211694, 0.00794027745724, 0.0176578685641, 0.0169501695782, 0.0188381709158, 0.157093957067, 0.252355664968, 0.202733114362, 0.201238200068, 0.151553928852, 0.11019963026, 0.18658490479, 0.225032642484, 0.189248159528, 0.286119759083, 0.305623441935, 0.111758582294, 0.0168840028346, 0.0107640856877, 0.00947160832584, 0.0200783405453],
        "stdev": [0.0403551161289, 0.0326894819736, 0.18645709753, 0.230634048581, 0.0929112061858, 0.0757896900177, 0.195501789451, 0.206098914146, 0.0811351984739, 0.0760196372867, 0.0360140800476, 0.0104386918247, 0.00395399332047, 0.00847107637674, 0.0121951438487, 0.00941791571677, 0.0102709466591, 0.055763002485, 0.0589732006192, 0.0267126504332, 0.269958972931, 0.418651640415, 0.260649472475, 0.35736322403, 0.271894365549, 0.227821096778, 0.304888218641, 0.363450318575, 0.285705268383, 0.359768569469, 0.411550343037, 0.165358290076, 0.0637428462505, 0.0326774306595, 0.0217680670321, 0.0448585934937]
    },
    "chords_histogram": [0, 0, 0, 0, 0, 0, 0, 0, 0, 0, 0, 0, 0, 0, 0, 0, 0, 0, 0, 0, 0, 0, 0, 100],