{
"metadata": {
    "version": {
        "essentia": "2.1-beta5-dev"
    }
},
"lowLevel": {
    "average_loudness": 0.99068403244,
    "barkbands_kurtosis": {
        "mean": 16.7013874054,
        "stdev": 15.5941267014
    },
    "barkbands_skewness": {
        "mean": 2.79601693153,
        "stdev": 1.68150305748
    },
    "barkbands_spread": {
        "mean": 8.8142375946,
        "stdev": 10.1971139908
    },
    "dissonance": {
        "mean": 0.232394620776,
        "stdev": 0.102853648365
    },
    "hfc": {
        "mean": 49.2399749756,
        "stdev": 34.4938926697
    },
    "pitch": {
        "mean": 236.40625,
        "stdev": 442.660736084
    },
    "pitch_instantaneous_confidence": {
        "mean": 0.399086087942,
        "stdev": 0.210793107748
    },
    "pitch_salience": {
        "mean": 0.662397623062,
        "stdev": 0.0950737446547
    },
    "silence_rate_20dB": {
        "mean": 0.920792102814,
        "stdev": 0.270062923431
    },
    "silence_rate_30dB": {
        "mean": 0.287128716707,
        "stdev": 0.452422350645
    },
    "silence_rate_60dB": {
        "mean": 0,
        "stdev": 0
    },
    "spectral_centroid": {
        "mean": 361.205566406,
        "stdev": 348.067474365
    },
    "spectral_complexity": {
        "mean": 11.5544557571,
        "stdev": 3.92876052856
    },
    "spectral_crest": {
        "mean": 9.18780326843,
        "stdev": 2.26677155495
    },
    "spectral_decrease": {
        "mean": -8.71598189178e-08,
        "stdev": 7.54816795734e-08
    },
    "spectral_energy": {
        "mean": 0.169428169727,
        "stdev": 0.145473927259
    },
    "spectral_energyband_high": {
        "mean": 0.000668781402055,
        "stdev": 0.000519198074471
    },
    "spectral_energyband_low": {
        "mean": 0.0650676041842,
        "stdev": 0.096721559763
    },
    "spectral_energyband_middle_high": {
        "mean": 0.00398284522817,
        "stdev": 0.00350738689303
    },
    "spectral_energyband_middle_low": {
        "mean": 0.116791307926,
        "stdev": 0.0959087461233
    },
    "spectral_flatness_db": {
        "mean": 0.185346186161,
        "stdev": 0.0439380779862
    },
    "spectral_flux": {
        "mean": 0.165468662977,
        "stdev": 0.108801133931
    },
    "spectral_kurtosis": {
        "mean": 6.84428787231,
        "stdev": 3.8430621624
    },
    "spectral_rms": {
        "mean": 0.0167463719845,
        "stdev": 0.00705892685801
    },
    "spectral_rolloff": {
        "mean": 541.528076172,
        "stdev": 852.678588867
    },
    "spectral_skewness": {
        "mean": 2.54347968102,
        "stdev": 0.70710170269
    },
    "spectral_spread": {
        "mean": 15423711,
        "stdev": 6736139.5
    },
    "spectral_strongpeak": {
        "mean": 0.865840196609,
        "stdev": 0.756990492344
    },
    "zerocrossingrate": {
        "mean": 0.0321975573897,
        "stdev": 0.0223606415093
    },
    "barkbands": {
        "mean": [0.00316710397601, 0.0155157921836, 0.0296171773225, 0.036187749356, 0.0281369574368, 0.00657408405095, 0.031194133684, 0.00933987926692, 0.00465669250116, 0.00085794570623, 0.000349991052644, 0.000501369941048, 0.00136430445127, 0.000800505280495, 7.69769976614e-05, 8.47420378705e-05, 7.48209495214e-05, 3.85190833185e-05, 0.000148946346599, 0.000129659383674, 0.000204635871341, 0.000172271087649, 6.90438318998e-05, 4.0998802433e-05, 5.02949187648e-05, 5.23792332388e-05, 1.96186229005e-05],
        "stdev": [0.00477944174781, 0.0180905796587, 0.0508877784014, 0.0476568751037, 0.0281305089593, 0.0098551986739, 0.0312609896064, 0.00848085153848, 0.00581033481285, 0.000850305776112, 0.000584726920351, 0.000505521369632, 0.00160555331968, 0.00106453162152, 0.000112900452223, 5.6288576161e-05, 5.30222496309e-05, 6.24472449999e-05, 9.36165961321e-05, 0.000176035930053, 0.000206846831134, 0.000180995004484, 4.09992026107e-05, 2.59085372818e-05, 4.08517444157e-05, 4.18934214395e-05, 2.92382446787e-05]
    },
    "mfcc": {
        "mean": [-568.474182129, 150.700393677, 43.874042511, 30.640455246, -8.76876544952, 12.7251930237, -0.375283449888, -7.30484390259, -5.44051980972, 4.37534618378, 11.3635063171, 5.40568208694, -0.376313149929],
        "stdev": [40.0681266785, 31.3205165863, 12.3363246918, 16.2613716125, 11.7240934372, 8.54855442047, 9.98579788208, 12.5018234253, 10.147026062, 7.26357269287, 9.36395359039, 7.55593776703, 7.07750701904]
    },
    "sccoeffs": {
        "mean": [-0.606090426445, -0.670225918293, -0.746053695679, -0.708116710186, -0.806885898113, -0.795704245567],
        "stdev": [0.10103854537, 0.155529096723, 0.0758610218763, 0.0862677693367, 0.0253032147884, 0.025880318135]
    },
    "scvalleys": {
        "mean": [-3.20132708549, -4.02568721771, -5.70145606995, -6.44052886963, -6.95579433441, -7.74073839188],
        "stdev": [0.729029536247, 0.777597129345, 0.626210570335, 0.463981032372, 0.368350952864, 0.349927276373]
    }
},
"rhythm": {
    "bpm": 132.512023926,
    "confidence": 0,
    "first_peak_bpm": {
        "mean": 133,
        "stdev": 0
    },
    "first_peak_spread": {
        "mean": 0,
        "stdev": 0
    },
    "first_peak_weight": {
        "mean": 1,
        "stdev": 0
    },
    "onset_rate": 5.192715168,
    "second_peak_bpm": {
        "mean": 0,
        "stdev": 0
    },
    "second_peak_spread": {
        "mean": 0,
        "stdev": 0
    },
    "second_peak_weight": {
        "mean": 0,
        "stdev": 0
    }
},
"sfx": {
    "inharmonicity": {
        "mean": 0.053679574281,
        "stdev": 0.043526224792
    },
    "oddtoevenharmonicenergyratio": {
        "mean": 2.49682068825,
        "stdev": 11.4107351303
    },
    "pitch_after_max_to_before_max_energy_ratio": 1.03463935852,
    "pitch_centroid": 48.9058876038,
    "pitch_max_to_total": 0.425742566586,
    "pitch_min_to_total": 0.207920789719,
    "tristimulus": {
        "mean": [0.294442206621, 0.449683994055, 0.255873769522],
        "stdev": [0.217556267977, 0.180019661784, 0.199121698737]
    }
},
"tonal": {
    "chords_changes_rate": 0.0769230797887,
    "chords_number_rate": 0.0769230797887,
    "chords_strength": {
        "mean": 0.593475580215,
        "stdev": 0.0143295684829
    },
    "key_strength": 0.746304988861,
    "tuning_diatonic_strength": 0.539663016796,
    "tuning_equal_tempered_deviation": 0.0901298746467,
    "tuning_frequency": 438.984558105,
    "tuning_nontempered_energy_ratio": 0.668753027916,
    "hpcp": {
        "mean": [0.0381840988994, 0.0335579141974, 0.0124754058197, 0.0194455422461, 0.051464933902, 0.0596565380692, 0.060138579458, 0.0855194404721, 0.234532296658, 0.282200217247, 0.10947445035, 0.0368419885635, 0.063801638782, 0.0654928013682, 0.0689000412822, 0.103333309293, 0.0813621133566, 0.0700640380383, 0.101859360933, 0.0615686587989, 0.0118680289015, 0.0192910525948, 0.049973282963, 0.13330373168, 0.127045586705, 0.0476287230849, 0.0465617254376, 0.0364942029119, 0.0599966421723, 0.28457519412, 0.362435787916, 0.167456701398, 0.228694647551, 0.339706152678, 0.160155236721, 0.0227875523269],
        "stdev": [0.107753261924, 0.101559191942, 0.0299101863056, 0.0508469156921, 0.164929270744, 0.136829093099, 0.129089176655, 0.142904236913, 0.287806272507, 0.340455770493, 0.132708832622, 0.102872893214, 0.216952487826, 0.215620607138, 0.154351592064, 0.206261947751, 0.198367461562, 0.0849345475435, 0.117799192667, 0.0646916925907, 0.01161418017, 0.0517651177943, 0.130210980773, 0.286721676588, 0.26604232192, 0.100802496076, 0.190905556083, 0.115464419127, 0.176925167441, 0.348886460066, 0.442442804575, 0.171657606959, 0.308805435896, 0.438239514828, 0.235925421119, 0.0510054044425]
    },
    "chords_histogram": [92.3076934814, 0, 0, 0, 0, 0, 0, 0, 0, 0, 0, 0, 0, 0, 0, 0, 0, 0, 0, 0, 0, 0, 0, 7.69230747223],