{
"metadata": {
    "version": {
        "essentia": "2.1-beta5-dev"
    }
},
"lowLevel": {
    "average_loudness": 0.99068403244,
    "barkbands_kurtosis": {
        "mean": 26.7331562042,
        "stdev": 20.5660018921
    },
    "barkbands_skewness": {
        "mean": 3.62305927277,
        "stdev": 1.76425266266
    },
    "barkbands_spread": {
        "mean": 5.13232326508,
        "stdev": 2.61594367027
    },
    "dissonance": {
        "mean": 0.233345121145,
        "stdev": 0.0874362140894
    },
    "hfc": {
        "mean": 51.0424118042,
        "stdev": 69.8426742554
    },
    "pitch": {
        "mean": 210.220214844,
        "stdev": 83.6323928833
    },
    "pitch_instantaneous_confidence": {
        "mean": 0.433345586061,
        "stdev": 0.202420383692
    },
    "pitch_salience": {
        "mean": 0.585793673992,
        "stdev": 0.0912016555667
    },
    "silence_rate_20dB": {
        "mean": 0.857142865658,
        "stdev": 0.349927663803
    },
    "silence_rate_30dB": {
        "mean": 0.494505494833,
        "stdev": 0.499969929457
    },
    "silence_rate_60dB": {
        "mean": 0,
        "stdev": 0
    },
    "spectral_centroid": {
        "mean": 262.983825684,
        "stdev": 109.238128662
    },
    "spectral_complexity": {
        "mean": 8.39560413361,
        "stdev": 2.72101736069
    },
    "spectral_crest": {
        "mean": 10.8271589279,
        "stdev": 2.15031337738
    },
    "spectral_decrease": {
        "mean": -8.16182250674e-08,
        "stdev": 7.71285826318e-08
    },
    "spectral_energy": {
        "mean": 0.159103408456,
        "stdev": 0.152201801538
    },
    "spectral_energyband_high": {
        "mean": 0.000356582284439,
        "stdev": 0.000244623486651
    },
    "spectral_energyband_low": {
        "mean": 0.0456946231425,
        "stdev": 0.0284269880503
    },
    "spectral_energyband_middle_high": {
        "mean": 0.00663277134299,
        "stdev": 0.0133904302493
    },
    "spectral_energyband_middle_low": {
        "mean": 0.11642562598,
        "stdev": 0.143028095365
    },
    "spectral_flatness_db": {
        "mean": 0.21319167316,
        "stdev": 0.0367476306856
    },
    "spectral_flux": {
        "mean": 0.130468338728,
        "stdev": 0.0709573850036
    },
    "spectral_kurtosis": {
        "mean": 7.53608989716,
        "stdev": 5.54246425629
    },
    "spectral_rms": {
        "mean": 0.0160303767771,
        "stdev": 0.00729178544134
    },
    "spectral_rolloff": {
        "mean": 342.164978027,
        "stdev": 166.778686523
    },
    "spectral_skewness": {
        "mean": 2.65722465515,
        "stdev": 0.811337351799
    },
    "spectral_spread": {
        "mean": 15519458,
        "stdev": 5355777.5
    },
    "spectral_strongpeak": {
        "mean": 0.916548848152,
        "stdev": 1.01787436008
    },
    "zerocrossingrate": {
        "mean": 0.0196922216564,
        "stdev": 0.00734549062327
    },
    "barkbands": {
        "mean": [0.00197674427181, 0.0109555590898, 0.0230468213558, 0.0209668837488, 0.0304465740919, 0.0334841012955, 0.00756302569062, 0.0213652867824, 0.0021339294035, 0.00235756230541, 0.00196293462068, 0.000175245309947, 0.000603610067628, 0.00064288295107, 0.000741214200389, 0.000130268643261, 7.31685431674e-05, 1.62649866979e-05, 6.46817934467e-05, 6.09941562288e-05, 0.000100437777292, 7.27445876691e-05, 4.03293197451e-05, 2.99610201182e-05, 3.58233446605e-05, 4.005552546e-05, 1.48583148984e-05],
        "stdev": [0.00349458237179, 0.00897121429443, 0.0143470959738, 0.0161870028824, 0.0403017960489, 0.0634292885661, 0.00529369292781, 0.0427518859506, 0.00494776945561, 0.0054236901924, 0.00430080294609, 0.00026849337155, 0.00108395633288, 0.00132241821848, 0.00185589899775, 0.000241256551817, 8.25039605843e-05, 1.55562374857e-05, 4.20053693233e-05, 2.94610235869e-05, 7.028557593e-05, 6.7451132054e-05, 2.63868278125e-05, 2.00860431505e-05, 4.55353874713e-05, 3.58095276169e-05, 2.51010460488e-05]
    },
    "mfcc": {
        "mean": [-595.474243164, 153.835830688, 48.3945045471, 34.7521934509, -2.02422404289, 11.6220836639, -2.50563406944, -5.45896911621, -2.20951747894, 2.38641571999, -0.0589771047235, 1.36799585819, 1.65789806843],
        "stdev": [41.3740501404, 32.1903419495, 18.294834137, 23.9765224457, 8.74088096619, 7.24086427689, 14.8060588837, 12.6246299744, 10.5304670334, 9.26405525208, 7.82321214676, 9.3619852066, 9.31132221222]
    },
    "sccoeffs": {
        "mean": [-0.575146377087, -0.648173749447, -0.723691403866, -0.760320901871, -0.808288633823, -0.810134708881],
        "stdev": [0.0990966632962, 0.124477170408, 0.10047455132, 0.0968480408192, 0.0276517979801, 0.0178636964411]
    },
    "scvalleys": {
        "mean": [-3.37023949623, -4.28386926651, -5.94246006012, -6.69812202454, -7.24065446854, -7.98077106476],
        "stdev": [0.483952343464, 0.833987891674, 0.57234197855, 0.567636013031, 0.236306205392, 0.325433135033]
    }
},
"rhythm": {
    "bpm": 0,
    "confidence": 0,
    "first_peak_bpm": {
        "mean": 0,
        "stdev": 0
    },
    "first_peak_spread": {
        "mean": 0,
        "stdev": 0
    },
    "first_peak_weight": {
        "mean": 0,
        "stdev": 0
    },
    "onset_rate": 3.83020305634,
    "second_peak_bpm": {
        "mean": 0,
        "stdev": 0
    },
    "second_peak_spread": {
        "mean": 0,
        "stdev": 0
    },
    "second_peak_weight": {
        "mean": 0,
        "stdev": 0
    }
},
"sfx": {
    "inharmonicity": {
        "mean": 0.0368892066181,
        "stdev": 0.0411928147078
    },
    "oddtoevenharmonicenergyratio": {
        "mean": 6.39973688126,
        "stdev": 26.099155426
    },
    "pitch_after_max_to_before_max_energy_ratio": 12.5848932266,
    "pitch_centroid": 38.6955223083,
    "pitch_max_to_total": 0,
    "pitch_min_to_total": 0.934065937996,
    "tristimulus": {
        "mean": [0.372682541609, 0.438021987677, 0.189295589924],
        "stdev": [0.265600919724, 0.211071074009, 0.100795775652]
    }
},
"tonal": {
    "chords_changes_rate": 0,
    "chords_number_rate": 0.0416666679084,
    "chords_strength": {
        "mean": 0.629317820072,
        "stdev": 0.0046192673035
    },
    "key_strength": 0.684922456741,
    "tuning_diatonic_strength": 0.558433592319,
    "tuning_equal_tempered_deviation": 0.100380003452,
    "tuning_frequency": 437.718536377,
    "tuning_nontempered_energy_ratio": 0.691661953926,
    "hpcp": {
        "mean": [0.0678147301078, 0.0470559298992, 0.00347111397423, 0.00254771090113, 0.00614492455497, 0.00867366045713, 0.00722185941413, 0.0134512223303, 0.0910207033157, 0.149893552065, 0.0786260589957, 0.0113878808916, 0.00307846930809, 0.018418898806, 0.168293714523, 0.405997544527, 0.349251508713, 0.197676047683, 0.209816113114, 0.147418394685, 0.0861848667264, 0.0590449236333, 0.0266873855144, 0.0862274095416, 0.155132323503, 0.0989312008023, 0.0222086962312, 0.00975234527141, 0.0278618764132, 0.186488986015, 0.360165625811, 0.205776453018, 0.0132423853502, 0.00535404728726, 0.0019362019375, 0.0240623187274],
        "stdev": [0.144367009401, 0.0918607637286, 0.00433686561882, 0.00732612004504, 0.024903383106, 0.0242847502232, 0.0108177429065, 0.0324778370559, 0.176584973931, 0.32188975811, 0.166571468115, 0.0321319773793, 0.00927137862891, 0.0804679840803, 0.25388944149, 0.428823113441, 0.347447663546, 0.281445592642, 0.358227401972, 0.268283069134, 0.224762544036, 0.126652926207, 0.0518907867372, 0.143462046981, 0.279009580612, 0.187999710441, 0.0542513877153, 0.0212010983378, 0.0724889114499, 0.222157076001, 0.383375823498, 0.251384168863, 0.0282504316419, 0.0210049990565, 0.00558417988941, 0.0566003881395]
    },
    "chords_histogram": [0, 0, 0, 0, 0, 0, 0, 100, 0, 0, 0, 0, 0, 0, 0, 0, 0, 0, 0, 0, 0, 0, 0, 0],