{
"metadata": {
    "version": {
        "essentia": "2.1-beta5-dev"
    }
},
"lowLevel": {
    "average_loudness": 0.99068403244,
    "barkbands_kurtosis": {
        "mean": 25.6897144318,
        "stdev": 20.4861602783
    },
    "barkbands_skewness": {
        "mean": 3.83906459808,
        "stdev": 1.65162432194
    },
    "barkbands_spread": {
        "mean": 9.39674091339,
        "stdev": 10.6631584167
    },
    "dissonance": {
        "mean": 0.291672855616,
        "stdev": 0.0701357498765
    },
    "hfc": {
        "mean": 24.9376564026,
        "stdev": 21.1933860779
    },
    "pitch": {
        "mean": 298.007080078,
        "stdev": 678.936218262
    },
    "pitch_instantaneous_confidence": {
        "mean": 0.257564514875,
        "stdev": 0.111466400325
    },
    "pitch_salience": {
        "mean": 0.638551354408,
        "stdev": 0.109173566103
    },
    "silence_rate_20dB": {
        "mean": 0.971428573132,
        "stdev": 0.166598677635
    },
    "silence_rate_30dB": {
        "mean": 0.58095240593,
        "stdev": 0.493402898312
    },
    "silence_rate_60dB": {
        "mean": 0.00952380988747,
        "stdev": 0.0971241816878
    },
    "spectral_centroid": {
        "mean": 314.780517578,
        "stdev": 438.448944092
    },
    "spectral_complexity": {
        "mean": 9.73333358765,
        "stdev": 3.06210827827
    },
    "spectral_crest": {
        "mean": 10.1591529846,
        "stdev": 2.82639884949
    },
    "spectral_decrease": {
        "mean": -5.76028860166e-08,
        "stdev": 4.63405065432e-08
    },
    "spectral_energy": {
        "mean": 0.111283347011,
        "stdev": 0.0894737839699
    },
    "spectral_energyband_high": {
        "mean": 0.000548031064682,
        "stdev": 0.000397744384827
    },
    "spectral_energyband_low": {
        "mean": 0.060486882925,
        "stdev": 0.0407792218029
    },
    "spectral_energyband_middle_high": {
        "mean": 0.00263286032714,
        "stdev": 0.00334847578779
    },
    "spectral_energyband_middle_low": {
        "mean": 0.0659204274416,
        "stdev": 0.0781140699983
    },
    "spectral_flatness_db": {
        "mean": 0.18412874639,
        "stdev": 0.0468321889639
    },
    "spectral_flux": {
        "mean": 0.153824090958,
        "stdev": 0.0728880167007
    },
    "spectral_kurtosis": {
        "mean": 4.67917728424,
        "stdev": 3.39086937904
    },
    "spectral_rms": {
        "mean": 0.0135690420866,
        "stdev": 0.00572779914364
    },
    "spectral_rolloff": {
        "mean": 433.9453125,
        "stdev": 1039.48498535
    },
    "spectral_skewness": {
        "mean": 2.17622470856,
        "stdev": 0.654935538769
    },
    "spectral_spread": {
        "mean": 18263040,
        "stdev": 6010482
    },
    "spectral_strongpeak": {
        "mean": 0.281783699989,
        "stdev": 0.334311544895
    },
    "zerocrossingrate": {
        "mean": 0.0339657738805,
        "stdev": 0.0223366450518
    },
    "barkbands": {
        "mean": [0.00602157972753, 0.0177253242582, 0.0186451245099, 0.036783836782, 0.0139887603, 0.00724770873785, 0.00326498528011, 0.00395091017708, 0.00039368623402, 0.000641407328658, 0.000592970405705, 0.000359782803571, 0.000602734275162, 0.000143635217682, 6.62973397993e-05, 7.51396364649e-05, 3.391249993e-05, 1.74740671355e-05, 0.000132403933094, 0.000104492341052, 0.000108962354716, 0.00013264901645, 7.25578138372e-05, 4.60158626083e-05, 5.83467117394e-05, 5.29503849975e-05, 1.81505220098e-05],
        "stdev": [0.00778999412432, 0.0110368086025, 0.015205308795, 0.0491311363876, 0.0200559999794, 0.0114088021219, 0.00397069659084, 0.00649577332661, 0.000388464162825, 0.000974707480054, 0.00117940863129, 0.000738007074688, 0.000618937832769, 0.000230733625358, 9.42700207816e-05, 5.01383547089e-05, 2.01382263185e-05, 1.61244624906e-05, 0.000100508455944, 6.67752537993e-05, 7.54917273298e-05, 0.000122913450468, 5.9952148149e-05, 3.41201339324e-05, 5.66781091038e-05, 4.1009796405e-05, 2.84333473246e-05]
    },
    "mfcc": {
        "mean": [-595.000244141, 135.517211914, 50.0122032166, 35.8053817749, -1.77181398869, 17.9964332581, 9.51379966736, 0.234914109111, -3.23568582535, 3.31587433815, 4.38063144684, 2.98707938194, 4.53943395615],
        "stdev": [42.8286972046, 31.2464828491, 10.473698616, 13.8680496216, 9.07895088196, 8.51602077484, 7.68274402618, 9.02046966553, 8.47114849091, 8.72209072113, 8.41763973236, 8.21157836914, 7.0903339386]
    },
    "sccoeffs": {
        "mean": [-0.627423107624, -0.729611873627, -0.773770868778, -0.73677957058, -0.796056628227, -0.811831235886],
        "stdev": [0.120187200606, 0.0925975739956, 0.0627075210214, 0.0471146143973, 0.0265110954642, 0.0181521195918]
    },
    "scvalleys": {
        "mean": [-3.27816915512, -4.62564134598, -5.80144023895, -6.73497200012, -7.1661658287, -7.74210071564],
        "stdev": [0.776223301888, 0.76217097044, 0.638661324978, 0.608371794224, 0.258965551853, 0.314101994038]
    }
},
"rhythm": {
    "bpm": 198.768005371,
    "confidence": 0,
    "first_peak_bpm": {
        "mean": 199,
        "stdev": 0
    },
    "first_peak_spread": {
        "mean": 0,
        "stdev": 0
    },
    "first_peak_weight": {
        "mean": 0.5,
        "stdev": 0
    },
    "onset_rate": 4.98774719238,
    "second_peak_bpm": {
        "mean": 207,
        "stdev": 0
    },
    "second_peak_spread": {
        "mean": 0,
        "stdev": 0
    },
    "second_peak_weight": {
        "mean": 0.5,
        "stdev": 0
    }
},
"sfx": {
    "inharmonicity": {
        "mean": 0.0614542551339,
        "stdev": 0.0449386611581
    },
    "oddtoevenharmonicenergyratio": {
        "mean": 2.39457607269,
        "stdev": 5.4421787262
    },
    "pitch_after_max_to_before_max_energy_ratio": 0.886413216591,
    "pitch_centroid": 69.5378112793,
    "pitch_max_to_total": 0.980952382088,
    "pitch_min_to_total": 0.295238107443,
    "tristimulus": {
        "mean": [0.245497852564, 0.436587184668, 0.317915081978],
        "stdev": [0.280005455017, 0.219066694379, 0.16140191257]
    }
},
"tonal": {
    "chords_changes_rate": 0,
    "chords_number_rate": 0.037037037313,
    "chords_strength": {
        "mean": 0.713273704052,
        "stdev": 0.0250960700214
    },
    "key_strength": 0.77031737566,
    "tuning_diatonic_strength": 0.598806142807,
    "tuning_equal_tempered_deviation": 0.365513980389,
    "tuning_frequency": 455.779724121,
    "tuning_nontempered_energy_ratio": 0.993380248547,
    "hpcp": {
        "mean": [0.00218515144661, 0.00444456888363, 0.00656920392066, 0.0123569415882, 0.0185886658728, 0.0134045472369, 0.0230033621192, 0.0710881054401, 0.15105754137, 0.302634954453, 0.385128468275, 0.196865335107, 0.0183985903859, 0.0176986847073, 0.0252575855702, 0.0166266877204, 0.0152873508632, 0.0183154121041, 0.0264821369201, 0.0281791072339, 0.0716184005141, 0.285099804401, 0.359523922205, 0.145426437259, 0.0110093709081, 0.00237599574029, 0.00303120422177, 0.018688486889, 0.0483928956091, 0.0552444048226, 0.214043915272, 0.445619374514, 0.30685505271, 0.0565551333129, 0.00922763906419, 0.00503652030602],
        "stdev": [0.00352453277446, 0.0164238419384, 0.0177060700953, 0.023900071159, 0.049998883158, 0.0355342365801, 0.0313148275018, 0.137912750244, 0.243902340531, 0.342085242271, 0.425969392061, 0.224160194397, 0.0213264115155, 0.048318002373, 0.0885437428951, 0.0468274876475, 0.0358434617519, 0.047933191061, 0.090669862926, 0.0766856521368, 0.119941711426, 0.36713129282, 0.425074696541, 0.238213986158, 0.028324753046, 0.00291134975851, 0.00504897721112, 0.0662984028459, 0.188253849745, 0.167613551021, 0.176752775908, 0.373604387045, 0.329944193363, 0.0966017022729, 0.0137557210401, 0.00718305911869]
    },
    "chords_histogram": [100, 0, 0, 0, 0, 0, 0, 0, 0, 0, 0, 0, 0, 0, 0, 0, 0, 0, 0, 0, 0, 0, 0, 0],