{
"metadata": {
    "version": {
        "essentia": "2.1-beta5-dev"
    }
},
"lowLevel": {
    "average_loudness": 0.99068403244,
    "barkbands_kurtosis": {
        "mean": 23.8764038086,
        "stdev": 16.7991256714
    },
    "barkbands_skewness": {
        "mean": 3.4643034935,
        "stdev": 1.07444775105
    },
    "barkbands_spread": {
        "mean": 5.78179883957,
        "stdev": 5.22870159149
    },
    "dissonance": {
        "mean": 0.246894568205,
        "stdev": 0.052561391145
    },
    "hfc": {
        "mean": 45.5710525513,
        "stdev": 29.9963207245
    },
    "pitch": {
        "mean": 181.108428955,
        "stdev": 45.7355728149
    },
    "pitch_instantaneous_confidence": {
        "mean": 0.358139812946,
        "stdev": 0.105537876487
    },
    "pitch_salience": {
        "mean": 0.657543241978,
        "stdev": 0.0741538479924
    },
    "silence_rate_20dB": {
        "mean": 0.87628865242,
        "stdev": 0.329252034426
    },
    "silence_rate_30dB": {
        "mean": 0.257731944323,
        "stdev": 0.437385588884
    },
    "silence_rate_60dB": {
        "mean": 0,
        "stdev": 0
    },
    "spectral_centroid": {
        "mean": 251.019134521,
        "stdev": 125.836647034
    },
    "spectral_complexity": {
        "mean": 11.4226808548,
        "stdev": 3.25492501259
    },
    "spectral_crest": {
        "mean": 10.9274320602,
        "stdev": 2.91949009895
    },
    "spectral_decrease": {
        "mean": -1.096462654e-07,
        "stdev": 8.89995916964e-08
    },
    "spectral_energy": {
        "mean": 0.211654067039,
        "stdev": 0.1709382236
    },
    "spectral_energyband_high": {
        "mean": 0.000581231783144,
        "stdev": 0.000462009949842
    },
    "spectral_energyband_low": {
        "mean": 0.098113976419,
        "stdev": 0.113173484802
    },
    "spectral_energyband_middle_high": {
        "mean": 0.00351081276312,
        "stdev": 0.00297958520241
    },
    "spectral_energyband_middle_low": {
        "mean": 0.149396762252,
        "stdev": 0.123421661556
    },
    "spectral_flatness_db": {
        "mean": 0.20483404398,
        "stdev": 0.0421325750649
    },
    "spectral_flux": {
        "mean": 0.203465133905,
        "stdev": 0.120247595012
    },
    "spectral_kurtosis": {
        "mean": 7.7143611908,
        "stdev": 4.03428840637
    },
    "spectral_rms": {
        "mean": 0.0188214331865,
        "stdev": 0.00763771543279
    },
    "spectral_rolloff": {
        "mean": 330.76776123,
        "stdev": 205.522674561
    },
    "spectral_skewness": {
        "mean": 2.70089912415,
        "stdev": 0.657019019127
    },
    "spectral_spread": {
        "mean": 14145948,
        "stdev": 5524102
    },
    "spectral_strongpeak": {
        "mean": 0.623634040356,
        "stdev": 0.533578813076
    },
    "zerocrossingrate": {
        "mean": 0.0239509511739,
        "stdev": 0.0136395413429
    },
    "barkbands": {
        "mean": [0.0032871060539, 0.0172915551811, 0.0378249660134, 0.0868015959859, 0.0304186828434, 0.0150462118909, 0.0119897425175, 0.00368551211432, 0.000903482548892, 0.000920687918551, 0.000996893737465, 0.000545602466445, 0.000570878677536, 0.000335997669026, 0.000108168060251, 0.000114153044706, 4.10127686337e-05, 1.909479397e-05, 0.000112609930511, 0.000138925781357, 0.000139240073622, 0.000115893089969, 8.27315234346e-05, 4.243406147e-05, 5.03356022818e-05, 5.01684517076e-05, 1.89419170056e-05],
        "stdev": [0.0049970461987, 0.0175227876753, 0.0520334281027, 0.0861375927925, 0.0372483097017, 0.0158281046897, 0.0120860207826, 0.00244486262091, 0.00151755358092, 0.00114390498493, 0.00121115951333, 0.000590719108004, 0.000581899366807, 0.000446589750936, 0.000152153064846, 8.5825464339e-05, 3.12912925438e-05, 1.91865819943e-05, 7.69895268604e-05, 0.00011454923515, 0.000113463232992, 0.000110864231829, 5.63938992855e-05, 3.87541585951e-05, 4.73255713587e-05, 6.57495547784e-05, 4.11602341046e-05]
    },
    "mfcc": {
        "mean": [-570.974243164, 156.953903198, 52.0996665955, 33.6451911926, -4.56548833847, 18.2401847839, 4.04001712799, -6.5269742012, -7.60802459717, 0.771171271801, -1.77322888374, 0.891044199467, 5.5330915451],
        "stdev": [34.6461448669, 23.4425029755, 12.2604398727, 11.0750570297, 8.65319442749, 7.88350009918, 6.50725364685, 8.95555782318, 7.71555995941, 6.90670967102, 8.8857831955, 8.1103515625, 7.49607276917]
    },
    "sccoeffs": {
        "mean": [-0.575430750847, -0.661223649979, -0.747817516327, -0.745891988277, -0.79636746645, -0.807403802872],
        "stdev": [0.132198780775, 0.0963226780295, 0.0607368499041, 0.0423713289201, 0.0242252573371, 0.0180915780365]
    },
    "scvalleys": {
        "mean": [-2.93989992142, -4.10126256943, -5.46540260315, -6.38034296036, -7.0913643837, -7.76417827606],
        "stdev": [0.53276103735, 0.464532911777, 0.636492729187, 0.514915525913, 0.310120463371, 0.331083625555]
    }
},
"rhythm": {
    "bpm": 198.768005371,
    "confidence": 0,
    "first_peak_bpm": {
        "mean": 199,
        "stdev": 0
    },
    "first_peak_spread": {
        "mean": 0,
        "stdev": 0
    },
    "first_peak_weight": {
        "mean": 0.5,
        "stdev": 0
    },
    "onset_rate": 3.60345625877,
    "second_peak_bpm": {
        "mean": 215,
        "stdev": 0
    },
    "second_peak_spread": {
        "mean": 0,
        "stdev": 0
    },
    "second_peak_weight": {
        "mean": 0.5,
        "stdev": 0
    }
},
"sfx": {
    "inharmonicity": {
        "mean": 0.0495994500816,
        "stdev": 0.039417181164
    },
    "oddtoevenharmonicenergyratio": {
        "mean": 5.35067510605,
        "stdev": 20.6416759491
    },
    "pitch_after_max_to_before_max_energy_ratio": 0.429424583912,
    "pitch_centroid": 48.4979324341,
    "pitch_max_to_total": 0.742268025875,
    "pitch_min_to_total": 0.0412371121347,
    "tristimulus": {
        "mean": [0.361878395081, 0.416543185711, 0.221578285098],
        "stdev": [0.231839984655, 0.177209764719, 0.109714008868]
    }
},
"tonal": {
    "chords_changes_rate": 0,
    "chords_number_rate": 0.0399999991059,
    "chords_strength": {
        "mean": 0.45660468936,
        "stdev": 0.0230533797294
    },
    "key_strength": 0.568446099758,
    "tuning_diatonic_strength": 0.459049999714,
    "tuning_equal_tempered_deviation": 0.0839291214943,
    "tuning_frequency": 438.984558105,
    "tuning_nontempered_energy_ratio": 0.649669647217,
    "hpcp": {
        "mean": [0.114916212857, 0.0750479921699, 0.0408049598336, 0.0755180194974, 0.107541874051, 0.103301852942, 0.078180976212, 0.0730584263802, 0.134108290076, 0.203790053725, 0.137878164649, 0.0474073588848, 0.0784519687295, 0.102959983051, 0.0563984997571, 0.0469699576497, 0.0949237644672, 0.147289559245, 0.144342675805, 0.0682938843966, 0.0180495753884, 0.0154046369717, 0.07564111799, 0.226366430521, 0.295009434223, 0.192087769508, 0.196293652058, 0.233055204153, 0.0956936553121, 0.036290820688, 0.075101532042, 0.0828033536673, 0.0975705608726, 0.0769206061959, 0.0356179624796, 0.0699589550495],
        "stdev": [0.272396653891, 0.196555033326, 0.0464115589857, 0.0879910215735, 0.204640477896, 0.242626130581, 0.220042720437, 0.199313774705, 0.238324433565, 0.300472974777, 0.198008090258, 0.0766479149461, 0.217705741525, 0.264227718115, 0.197922036052, 0.1091998294, 0.227340862155, 0.248513847589, 0.248625487089, 0.195591151714, 0.0401288457215, 0.0197929572314, 0.150552228093, 0.329681754112, 0.413524597883, 0.26315626502, 0.299411147833, 0.376368403435, 0.170952767134, 0.0866815373302, 0.1782002002, 0.175890132785, 0.21281696856, 0.135262921453, 0.0528180524707, 0.146868959069]
    },
    "chords_histogram": [0, 0, 0, 0, 0, 0, 0, 0, 0, 100, 0, 0, 0, 0, 0, 0, 0, 0, 0, 0, 0, 0, 0, 0],