{
"metadata": {
    "version": {
        "essentia": "2.1-beta5-dev"
    }
},
"lowLevel": {
    "average_loudness": 0.99068403244,
    "barkbands_kurtosis": {
        "mean": 14.1131410599,
        "stdev": 13.5426683426
    },
    "barkbands_skewness": {
        "mean": 2.41600322723,
        "stdev": 1.46483206749
    },
    "barkbands_spread": {
        "mean": 6.87545824051,
        "stdev": 5.42262983322
    },
    "dissonance": {
        "mean": 0.175684273243,
        "stdev": 0.09556543082
    },
    "hfc": {
        "mean": 67.1865386963,
        "stdev": 44.8177032471
    },
    "pitch": {
        "mean": 276.567687988,
        "stdev": 576.509155273
    },
    "pitch_instantaneous_confidence": {
        "mean": 0.557758152485,
        "stdev": 0.192971661687
    },
    "pitch_salience": {
        "mean": 0.622322738171,
        "stdev": 0.0681820958853
    },
    "silence_rate_20dB": {
        "mean": 0.905405402184,
        "stdev": 0.292654454708
    },
    "silence_rate_30dB": {
        "mean": 0.256756752729,
        "stdev": 0.436843931675
    },
    "silence_rate_60dB": {
        "mean": 0,
        "stdev": 0
    },
    "spectral_centroid": {
        "mean": 341.031341553,
        "stdev": 141.801513672
    },
    "spectral_complexity": {
        "mean": 9.98648643494,
        "stdev": 3.17291426659
    },
    "spectral_crest": {
        "mean": 10.1348438263,
        "stdev": 2.64232683182
    },
    "spectral_decrease": {
        "mean": -9.79138548018e-08,
        "stdev": 5.80332972788e-08
    },
    "spectral_energy": {
        "mean": 0.191409543157,
        "stdev": 0.113775759935
    },
    "spectral_energyband_high": {
        "mean": 0.000568496994674,
        "stdev": 0.000431310385466
    },
    "spectral_energyband_low": {
        "mean": 0.0444658435881,
        "stdev": 0.0247081071138
    },
    "spectral_energyband_middle_high": {
        "mean": 0.00653877714649,
        "stdev": 0.00601436616853
    },
    "spectral_energyband_middle_low": {
        "mean": 0.150342017412,
        "stdev": 0.103873252869
    },
    "spectral_flatness_db": {
        "mean": 0.199389606714,
        "stdev": 0.0298301279545
    },
    "spectral_flux": {
        "mean": 0.153950750828,
        "stdev": 0.0736988931894
    },
    "spectral_kurtosis": {
        "mean": 7.55881881714,
        "stdev": 3.54674506187
    },
    "spectral_rms": {
        "mean": 0.01823364757,
        "stdev": 0.00637590885162
    },
    "spectral_rolloff": {
        "mean": 446.959472656,
        "stdev": 147.785842896
    },
    "spectral_skewness": {
        "mean": 2.70723795891,
        "stdev": 0.614442825317
    },
    "spectral_spread": {
        "mean": 14566246,
        "stdev": 5385028
    },
    "spectral_strongpeak": {
        "mean": 1.49878454208,
        "stdev": 1.21739828587
    },
    "zerocrossingrate": {
        "mean": 0.0271457973868,
        "stdev": 0.0110985636711
    },
    "barkbands": {
        "mean": [0.00269531039521, 0.0111051611602, 0.0203420929611, 0.0275221969932, 0.044061742723, 0.00125926476903, 0.0602213516831, 0.00635387049988, 0.0106532759964, 0.000443436845671, 0.000155163288582, 0.00128517043777, 0.00203185901046, 0.00214479491115, 0.000147808532347, 0.000194182430278, 6.98641961208e-05, 1.62837477546e-05, 8.85345798451e-05, 7.72777784732e-05, 0.000186814693734, 0.000127626815811, 6.92091562087e-05, 4.21119984821e-05, 4.41224656242e-05, 4.94966334372e-05, 1.99436271942e-05],
        "stdev": [0.00573895592242, 0.00911737978458, 0.0113173127174, 0.0221880879253, 0.0361383408308, 0.00118861196097, 0.0463395789266, 0.00830036308616, 0.00907204020768, 0.000608563190326, 0.000141397249536, 0.00138057244476, 0.00207757297903, 0.0031659337692, 0.00018610508414, 0.000217904234887, 4.82009963889e-05, 1.01008063211e-05, 4.64448094135e-05, 3.74434312107e-05, 0.000213498133235, 0.000118085627037, 5.18177730555e-05, 3.99289565394e-05, 3.849755376e-05, 3.96715986426e-05, 3.15058023261e-05]
    },
    "mfcc": {
        "mean": [-563.829772949, 160.416061401, 43.211555481, 22.7022209167, -6.3839006424, 16.4723358154, -7.16996479034, -15.4138841629, -7.30862665176, 5.78157806396, 11.9557209015, 9.01358509064, 1.74098539352],
        "stdev": [44.7769126892, 27.7032108307, 12.0309104919, 19.1964931488, 9.21459770203, 7.8525352478, 9.4983921051, 11.9228286743, 6.59738254547, 6.5755033493, 6.23305702209, 6.23157739639, 9.26787662506]
    },
    "sccoeffs": {
        "mean": [-0.642728567123, -0.543834209442, -0.676665067673, -0.664003491402, -0.802146434784, -0.798333108425],
        "stdev": [0.092405565083, 0.148803830147, 0.114872403443, 0.091095648706, 0.023272274062, 0.0189613588154]
    },
    "scvalleys": {
        "mean": [-2.98124051094, -4.25929307938, -5.80576324463, -6.48844051361, -7.14230918884, -7.78952503204],
        "stdev": [0.484731882811, 0.642192006111, 0.553138852119, 0.515714287758, 0.218899592757, 0.282663941383]
    }
},
"rhythm": {
    "bpm": 0,
    "confidence": 0,
    "first_peak_bpm": {
        "mean": 0,
        "stdev": 0
    },
    "first_peak_spread": {
        "mean": 0,
        "stdev": 0
    },
    "first_peak_weight": {
        "mean": 0,
        "stdev": 0
    },
    "onset_rate": 4.72542190552,
    "second_peak_bpm": {
        "mean": 0,
        "stdev": 0
    },
    "second_peak_spread": {
        "mean": 0,
        "stdev": 0
    },
    "second_peak_weight": {
        "mean": 0,
        "stdev": 0
    }
},
"sfx": {
    "inharmonicity": {
        "mean": 0.0526293925941,
        "stdev": 0.0499244555831
    },
    "oddtoevenharmonicenergyratio": {
        "mean": 10.1308698654,
        "stdev": 64.8436584473
    },
    "pitch_after_max_to_before_max_energy_ratio": 0.889660477638,
    "pitch_centroid": 45.1968688965,
    "pitch_max_to_total": 0.986486494541,
    "pitch_min_to_total": 0.743243217468,
    "tristimulus": {
        "mean": [0.282526820898, 0.502859532833, 0.21461366117],
        "stdev": [0.194493547082, 0.159986317158, 0.0711428970098]
    }
},
"tonal": {
    "chords_changes_rate": 0,
    "chords_number_rate": 0.0500000007451,
    "chords_strength": {
        "mean": 0.353817433119,
        "stdev": 2.98023223877e-08
    },
    "key_strength": 0.554425895214,
    "tuning_diatonic_strength": 0.398597240448,
    "tuning_equal_tempered_deviation": 0.146418526769,
    "tuning_frequency": 443.316436768,
    "tuning_nontempered_energy_ratio": 0.761930167675,
    "hpcp": {
        "mean": [0.365041434765, 0.140455588698, 0.147744432092, 0.12413662672, 0.0218940358609, 0.00695365015417, 0.0319848544896, 0.0972359105945, 0.130272835493, 0.062983378768, 0.00659661227837, 0.0185460541397, 0.0558684580028, 0.0457420200109, 0.00819369405508, 0.00272362236865, 0.0125276539475, 0.0798099562526, 0.103462591767, 0.0567269548774, 0.122000694275, 0.154220983386, 0.134829178452, 0.220921367407, 0.20162434876, 0.0861623808742, 0.0347432456911, 0.0383084528148, 0.0574771463871, 0.0433969087899, 0.0327919945121, 0.0852144509554, 0.23396833241, 0.229498192668, 0.136919245124, 0.344904124737],
        "stdev": [0.430665612221, 0.162361472845, 0.338561236858, 0.306091785431, 0.0615525208414, 0.0253609400243, 0.109918244183, 0.21684075892, 0.277669608593, 0.125344604254, 0.0094969086349, 0.0516321994364, 0.216702267528, 0.185708373785, 0.0206820052117, 0.00335905537941, 0.0223363991827, 0.15083271265, 0.202219560742, 0.0678298771381, 0.198078647256, 0.222449347377, 0.217618867755, 0.315518140793, 0.313836991787, 0.160035595298, 0.0595480725169, 0.105448894203, 0.193487748504, 0.105998314917, 0.0997228175402, 0.154345571995, 0.35520580411, 0.372935026884, 0.192244693637, 0.391554236412]
    },
    "chords_histogram": [100, 0, 0, 0, 0, 0, 0, 0, 0, 0, 0, 0, 0, 0, 0, 0, 0, 0, 0, 0, 0, 0, 0, 0],