{
"metadata": {
    "version": {
        "essentia": "2.1-beta5-dev"
    }
},
"lowLevel": {
    "average_loudness": 0.99068403244,
    "barkbands_kurtosis": {
        "mean": 46.1455116272,
        "stdev": 31.8173389435
    },
    "barkbands_skewness": {
        "mean": 4.91790914536,
        "stdev": 2.12445735931
    },
    "barkbands_spread": {
        "mean": 5.11824893951,
        "stdev": 5.98274374008
    },
    "dissonance": {
        "mean": 0.276413679123,
        "stdev": 0.0894236415625
    },
    "hfc": {
        "mean": 59.1490287781,
        "stdev": 34.2847633362
    },
    "pitch": {
        "mean": 280.268981934,
        "stdev": 749.511047363
    },
    "pitch_instantaneous_confidence": {
        "mean": 0.365789175034,
        "stdev": 0.165384173393
    },
    "pitch_salience": {
        "mean": 0.626603603363,
        "stdev": 0.059042930603
    },
    "silence_rate_20dB": {
        "mean": 0.612500011921,
        "stdev": 0.487179279327
    },
    "silence_rate_30dB": {
        "mean": 0.0500000007451,
        "stdev": 0.217944994569
    },
    "silence_rate_60dB": {
        "mean": 0.0125000001863,
        "stdev": 0.111102432013
    },
    "spectral_centroid": {
        "mean": 227.603546143,
        "stdev": 162.381515503
    },
    "spectral_complexity": {
        "mean": 12.75,
        "stdev": 3.94176363945
    },
    "spectral_crest": {
        "mean": 11.8427295685,
        "stdev": 2.91822981834
    },
    "spectral_decrease": {
        "mean": -1.5257850805e-07,
        "stdev": 7.52576454488e-08
    },
    "spectral_energy": {
        "mean": 0.294140785933,
        "stdev": 0.144743651152
    },
    "spectral_energyband_high": {
        "mean": 0.000960857141763,
        "stdev": 0.000678430253174
    },
    "spectral_energyband_low": {
        "mean": 0.184044808149,
        "stdev": 0.115856528282
    },
    "spectral_energyband_middle_high": {
        "mean": 0.00350537570193,
        "stdev": 0.00348867080174
    },
    "spectral_energyband_middle_low": {
        "mean": 0.18241712451,
        "stdev": 0.101388953626
    },
    "spectral_flatness_db": {
        "mean": 0.226530402899,
        "stdev": 0.0460767671466
    },
    "spectral_flux": {
        "mean": 0.18912743032,
        "stdev": 0.112038344145
    },
    "spectral_kurtosis": {
        "mean": 6.05184268951,
        "stdev": 3.64650511742
    },
    "spectral_rms": {
        "mean": 0.0230258759111,
        "stdev": 0.00657136552036
    },
    "spectral_rolloff": {
        "mean": 284.776611328,
        "stdev": 251.163742065
    },
    "spectral_skewness": {
        "mean": 2.4399638176,
        "stdev": 0.619812846184
    },
    "spectral_spread": {
        "mean": 15918907,
        "stdev": 5761541
    },
    "spectral_strongpeak": {
        "mean": 0.885014712811,
        "stdev": 0.581424474716
    },
    "zerocrossingrate": {
        "mean": 0.0178833007812,
        "stdev": 0.00918642990291
    },
    "barkbands": {
        "mean": [0.00582176959142, 0.0280547626317, 0.0736010819674, 0.112104341388, 0.0384578108788, 0.00829974375665, 0.0158446505666, 0.00158938521054, 0.0054992614314, 0.000875499856193, 0.000464202545118, 0.000455333618447, 0.00117816124111, 0.000398796983063, 6.73085014569e-05, 0.000101581834315, 7.552052557e-05, 1.86770248547e-05, 0.000198335532332, 0.000116793111374, 0.000299293722492, 0.000199046640773, 0.000118688403745, 7.39117458579e-05, 9.1440990218e-05, 0.000102811944089, 3.03268461721e-05],
        "stdev": [0.00981641374528, 0.0173630882055, 0.0532319173217, 0.0787472352386, 0.0410917699337, 0.00971894804388, 0.0321073532104, 0.00179514707997, 0.0106954118237, 0.000967056199443, 0.000643002334982, 0.000550720083993, 0.00208180397749, 0.000835231796373, 6.56066986267e-05, 5.09838791913e-05, 4.09951389884e-05, 1.45411040648e-05, 0.000113566646178, 5.8220441133e-05, 0.000195382352103, 0.000163100557984, 7.97191023594e-05, 5.08672455908e-05, 8.27302064863e-05, 0.000137666982482, 6.87608335284e-05]
    },
    "mfcc": {
        "mean": [-562.056335449, 141.3074646, 58.4326171875, 42.9014434814, 1.69093322754, 21.8346042633, 10.5925674438, 1.55183601379, -1.07329213619, 0.732170343399, -0.43088760972, -1.9358304739, -1.66060221195],
        "stdev": [37.6193847656, 26.0254669189, 10.8434476852, 17.2592658997, 12.012213707, 7.8945684433, 8.74096679688, 9.87819862366, 8.58498191833, 7.94501256943, 9.61997699738, 10.7703990936, 9.35317993164]
    },
    "sccoeffs": {
        "mean": [-0.527490019798, -0.660033166409, -0.712359428406, -0.733141958714, -0.789892137051, -0.792473018169],
        "stdev": [0.099403873086, 0.137828618288, 0.099248483777, 0.0795943662524, 0.0254540164024, 0.0205195676535]
    },
    "scvalleys": {
        "mean": [-2.7012655735, -4.56958961487, -5.69259738922, -6.55800867081, -6.95909357071, -7.50058507919],
        "stdev": [0.595757961273, 0.570229232311, 0.518968403339, 0.457887321711, 0.258286595345, 0.328344523907]
    }
},
"rhythm": {
    "bpm": 0,
    "confidence": 0,
    "first_peak_bpm": {
        "mean": 0,
        "stdev": 0
    },
    "first_peak_spread": {
        "mean": 0,
        "stdev": 0
    },
    "first_peak_weight": {
        "mean": 0,
        "stdev": 0
    },
    "onset_rate": 5.46454906464,
    "second_peak_bpm": {
        "mean": 0,
        "stdev": 0
    },
    "second_peak_spread": {
        "mean": 0,
        "stdev": 0
    },
    "second_peak_weight": {
        "mean": 0,
        "stdev": 0
    }
},
"sfx": {
    "inharmonicity": {
        "mean": 0.035137437284,
        "stdev": 0.0388657189906
    },
    "oddtoevenharmonicenergyratio": {
        "mean": 0.819975495338,
        "stdev": 1.92489886284
    },
    "pitch_after_max_to_before_max_energy_ratio": 0.530766546726,
    "pitch_centroid": 24.882478714,
    "pitch_max_to_total": 0.1875,
    "pitch_min_to_total": 0.887499988079,
    "tristimulus": {
        "mean": [0.443430751562, 0.308420717716, 0.248148366809],
        "stdev": [0.274294734001, 0.188176289201, 0.23269726336]
    }
},
"tonal": {
    "chords_changes_rate": 0,
    "chords_number_rate": 0.047619048506,
    "chords_strength": {
        "mean": 0.479796051979,
        "stdev": 8.94069671631e-08
    },
    "key_strength": 0.749732375145,
    "tuning_diatonic_strength": 0.595206737518,
    "tuning_equal_tempered_deviation": 0.0784776881337,
    "tuning_frequency": 438.731048584,
    "tuning_nontempered_energy_ratio": 0.687445759773,
    "hpcp": {
        "mean": [0.160431981087, 0.0645054876804, 0.00596489850432, 0.00436908658594, 0.0281770620495, 0.0836790949106, 0.111715555191, 0.129475668073, 0.271671622992, 0.315423518419, 0.122430175543, 0.00491701904684, 0.00294177373871, 0.00132212089375, 0.000647956971079, 0.000872974167578, 0.0018082637107, 0.00388528546318, 0.00486287847161, 0.00963938981295, 0.0426587052643, 0.0780732631683, 0.082621075213, 0.326455742121, 0.528097867966, 0.269693136215, 0.0309740155935, 0.00697943428531, 0.00706282816827, 0.00630753813311, 0.00668826187029, 0.00475619733334, 0.00200186856091, 0.000721056305338, 0.0135950502008, 0.113275893033],
        "stdev": [0.348128437996, 0.136561304331, 0.0162921659648, 0.00951158907264, 0.0764547660947, 0.179059937596, 0.255859225988, 0.238645002246, 0.345428496599, 0.414746135473, 0.185987323523, 0.00729559967294, 0.00466286903247, 0.0017382085789, 0.000866743852384, 0.00153591879643, 0.0044827372767, 0.00824595242739, 0.0104043278843, 0.0330788046122, 0.127923458815, 0.214105889201, 0.14523473382, 0.320936888456, 0.478210687637, 0.290478229523, 0.0664948150516, 0.0145391598344, 0.0126500166953, 0.00781272444874, 0.00757532333955, 0.00678638508543, 0.00370463728905, 0.00122912041843, 0.0404300838709, 0.246665120125]
    },
    "chords_histogram": [0, 100, 0, 0, 0, 0, 0, 0, 0, 0, 0, 0, 0, 0, 0, 0, 0, 0, 0, 0, 0, 0, 0, 0],