{
"metadata": {
    "version": {
        "essentia": "2.1-beta5-dev"
    }
},
"lowLevel": {
    "average_loudness": 0.99068403244,
    "barkbands_kurtosis": {
        "mean": 14.9935598373,
        "stdev": 16.6406364441
    },
    "barkbands_skewness": {
        "mean": 2.52891731262,
        "stdev": 1.45916795731
    },
    "barkbands_spread": {
        "mean": 6.08135557175,
        "stdev": 3.18729138374
    },
    "dissonance": {
        "mean": 0.163491562009,
        "stdev": 0.0898681655526
    },
    "hfc": {
        "mean": 63.4118537903,
        "stdev": 38.0840263367
    },
    "pitch": {
        "mean": 271.749786377,
        "stdev": 406.962036133
    },
    "pitch_instantaneous_confidence": {
        "mean": 0.548511564732,
        "stdev": 0.19672267139
    },
    "pitch_salience": {
        "mean": 0.579718112946,
        "stdev": 0.0777718648314
    },
    "silence_rate_20dB": {
        "mean": 0.761363625526,
        "stdev": 0.42625015974
    },
    "silence_rate_30dB": {
        "mean": 0.170454546809,
        "stdev": 0.376031547785
    },
    "silence_rate_60dB": {
        "mean": 0,
        "stdev": 0
    },
    "spectral_centroid": {
        "mean": 263.783996582,
        "stdev": 84.7104187012
    },
    "spectral_complexity": {
        "mean": 8.79545497894,
        "stdev": 2.28213977814
    },
    "spectral_crest": {
        "mean": 10.1452159882,
        "stdev": 2.37623119354
    },
    "spectral_decrease": {
        "mean": -1.22618814657e-07,
        "stdev": 6.16203905679e-08
    },
    "spectral_energy": {
        "mean": 0.237824633718,
        "stdev": 0.119705952704
    },
    "spectral_energyband_high": {
        "mean": 0.000418273819378,
        "stdev": 0.000216070431634
    },
    "spectral_energyband_low": {
        "mean": 0.0911211073399,
        "stdev": 0.0617097727954
    },
    "spectral_energyband_middle_high": {
        "mean": 0.00659136427566,
        "stdev": 0.00592128327116
    },
    "spectral_energyband_middle_low": {
        "mean": 0.154855087399,
        "stdev": 0.0941377729177
    },
    "spectral_flatness_db": {
        "mean": 0.220867678523,
        "stdev": 0.0356108881533
    },
    "spectral_flux": {
        "mean": 0.150333449244,
        "stdev": 0.0849999338388
    },
    "spectral_kurtosis": {
        "mean": 9.30106735229,
        "stdev": 4.47750377655
    },
    "spectral_rms": {
        "mean": 0.0204867850989,
        "stdev": 0.00662475218996
    },
    "spectral_rolloff": {
        "mean": 374.384094238,
        "stdev": 131.038909912
    },
    "spectral_skewness": {
        "mean": 2.95164465904,
        "stdev": 0.714101672173
    },
    "spectral_spread": {
        "mean": 13366532,
        "stdev": 5882924.5
    },
    "spectral_strongpeak": {
        "mean": 0.938896238804,
        "stdev": 0.778694808483
    },
    "zerocrossingrate": {
        "mean": 0.0203968398273,
        "stdev": 0.00845398847014
    },
    "barkbands": {
        "mean": [0.00674082385376, 0.0313911139965, 0.0379669032991, 0.0244991760701, 0.0779233276844, 0.00706947268918, 0.0298715643585, 0.00983471143991, 0.00521508045495, 0.000469786493341, 0.000175728622708, 0.00222275266424, 0.00324487104081, 0.000439124094555, 5.71146520087e-05, 8.99026563275e-05, 6.70057706884e-05, 1.26403583636e-05, 7.35443245503e-05, 7.02107281541e-05, 0.000141881391755, 7.67962774262e-05, 4.90103411721e-05, 3.41256709362e-05, 3.37091514666e-05, 4.08624146075e-05, 1.26376980916e-05],
        "stdev": [0.00747194839641, 0.0208012256771, 0.0294943675399, 0.0216285809875, 0.0546324662864, 0.010885910131, 0.0260581057519, 0.0136579517275, 0.00675999000669, 0.000796939188149, 0.000198561596335, 0.00267230044119, 0.00329862860963, 0.00051819847431, 0.000115863433166, 9.28043227759e-05, 5.32409612788e-05, 9.42630595091e-06, 4.4609503675e-05, 3.13569071295e-05, 0.00010884689982, 5.01265676576e-05, 2.42246387643e-05, 1.72481013578e-05, 1.95045722649e-05, 1.98259313038e-05, 1.11565614134e-05]
    },
    "mfcc": {
        "mean": [-573.570373535, 165.711608887, 50.0866088867, 26.6666584015, -6.60147857666, 19.4491500854, 2.23025345802, -12.0085229874, -9.62647151947, 1.42630028725, 9.76067733765, 13.653216362, 2.53291964531],
        "stdev": [38.6080856323, 28.0989761353, 13.9684448242, 17.2680473328, 7.67122173309, 7.76710224152, 9.54021549225, 10.8138456345, 9.96785354614, 7.38447809219, 5.97095346451, 7.76047086716, 8.20999336243]
    },
    "sccoeffs": {
        "mean": [-0.574075222015, -0.550084531307, -0.635599136353, -0.637327611446, -0.803006589413, -0.805253386497],
        "stdev": [0.0984176844358, 0.146023094654, 0.13503831625, 0.0975572913885, 0.0229527521878, 0.0154080819339]
    },
    "scvalleys": {
        "mean": [-2.87641501427, -4.48182630539, -5.95035839081, -6.81404256821, -7.25910663605, -7.87796020508],
        "stdev": [0.73052573204, 0.478917121887, 0.441468387842, 0.462267875671, 0.222817122936, 0.239080816507]
    }
},
"rhythm": {
    "bpm": 0,
    "confidence": 0,
    "first_peak_bpm": {
        "mean": 0,
        "stdev": 0
    },
    "first_peak_spread": {
        "mean": 0,
        "stdev": 0
    },
    "first_peak_weight": {
        "mean": 0,
        "stdev": 0
    },
    "onset_rate": 4.96074151993,
    "second_peak_bpm": {
        "mean": 0,
        "stdev": 0
    },
    "second_peak_spread": {
        "mean": 0,
        "stdev": 0
    },
    "second_peak_weight": {
        "mean": 0,
        "stdev": 0
    }
},
"sfx": {
    "inharmonicity": {
        "mean": 0.0243216343224,
        "stdev": 0.0282731782645
    },
    "oddtoevenharmonicenergyratio": {
        "mean": 15.16842556,
        "stdev": 89.6612548828
    },
    "pitch_after_max_to_before_max_energy_ratio": 1.07781410217,
    "pitch_centroid": 41.4547538757,
    "pitch_max_to_total": 0.352272719145,
    "pitch_min_to_total": 0.284090906382,
    "tristimulus": {
        "mean": [0.375047713518, 0.407534390688, 0.217417895794],
        "stdev": [0.183610990644, 0.148729771376, 0.117307640612]
    }
},
"tonal": {
    "chords_changes_rate": 0,
    "chords_number_rate": 0.0434782616794,
    "chords_strength": {
        "mean": 0.528058588505,
        "stdev": 0.0108086271212
    },
    "key_strength": 0.595317780972,
    "tuning_diatonic_strength": 0.591785728931,
    "tuning_equal_tempered_deviation": 0.0793246403337,
    "tuning_frequency": 438.224517822,
    "tuning_nontempered_energy_ratio": 0.702951490879,
    "hpcp": {
        "mean": [0.15994989872, 0.16021001339, 0.335420787334, 0.548069179058, 0.296841293573, 0.0491427741945, 0.0543221794069, 0.0888323262334, 0.28647762537, 0.358092933893, 0.133802056313, 0.00606056535617, 0.00371509767137, 0.00409272452816, 0.0407798998058, 0.192266732454, 0.202625468373, 0.0596800781786, 0.0364696681499, 0.048506911844, 0.0330491885543, 0.0465101003647, 0.0691938400269, 0.0572334118187, 0.0505024902523, 0.0301133506, 0.00469380989671, 0.000846229551826, 0.00257393950596, 0.00738561619073, 0.0105094583705, 0.00874470733106, 0.00854308344424, 0.0243161432445, 0.0263804532588, 0.0657463893294],
        "stdev": [0.331892669201, 0.289693653584, 0.320727288723, 0.434909820557, 0.274541854858, 0.11630948633, 0.207208782434, 0.228039205074, 0.323112308979, 0.420481830835, 0.185245215893, 0.0165737848729, 0.00617779791355, 0.00841486267745, 0.0562513545156, 0.311342805624, 0.327377766371, 0.0816523432732, 0.105057030916, 0.203148677945, 0.105155400932, 0.140367105603, 0.187787309289, 0.148815482855, 0.0816669166088, 0.0401436388493, 0.00540771801025, 0.00148274633102, 0.00799319613725, 0.0138787440956, 0.0141785694286, 0.0174389127642, 0.0231952611357, 0.106988132, 0.106649234891, 0.133232980967]
    },
    "chords_histogram": [100, 0, 0, 0, 0, 0, 0, 0, 0, 0, 0, 0, 0, 0, 0, 0, 0, 0, 0, 0, 0, 0, 0, 0],