{
"metadata": {
    "version": {
        "essentia": "2.1-beta5-dev"
    }
},
"lowLevel": {
    "average_loudness": 0.99068403244,
    "barkbands_kurtosis": {
        "mean": 31.0921669006,
        "stdev": 22.665561676
    },
    "barkbands_skewness": {
        "mean": 4.31455278397,
        "stdev": 1.70508253574
    },
    "barkbands_spread": {
        "mean": 7.81438589096,
        "stdev": 7.39437103271
    },
    "dissonance": {
        "mean": 0.297426879406,
        "stdev": 0.0800914466381
    },
    "hfc": {
        "mean": 55.4807701111,
        "stdev": 51.4033355713
    },
    "pitch": {
        "mean": 175.060546875,
        "stdev": 67.6840286255
    },
    "pitch_instantaneous_confidence": {
        "mean": 0.353331357241,
        "stdev": 0.155306980014
    },
    "pitch_salience": {
        "mean": 0.630242645741,
        "stdev": 0.0771791636944
    },
    "silence_rate_20dB": {
        "mean": 0.794871807098,
        "stdev": 0.403795689344
    },
    "silence_rate_30dB": {
        "mean": 0.269230782986,
        "stdev": 0.443559974432
    },
    "silence_rate_60dB": {
        "mean": 0,
        "stdev": 0
    },
    "spectral_centroid": {
        "mean": 287.659484863,
        "stdev": 165.451965332
    },
    "spectral_complexity": {
        "mean": 13.9230766296,
        "stdev": 6.28137016296
    },
    "spectral_crest": {
        "mean": 11.7627782822,
        "stdev": 3.47085857391
    },
    "spectral_decrease": {
        "mean": -1.01464358693e-07,
        "stdev": 7.3368504161e-08
    },
    "spectral_energy": {
        "mean": 0.197067558765,
        "stdev": 0.142451435328
    },
    "spectral_energyband_high": {
        "mean": 0.00166551826987,
        "stdev": 0.00314709730446
    },
    "spectral_energyband_low": {
        "mean": 0.0817994698882,
        "stdev": 0.0618106350303
    },
    "spectral_energyband_middle_high": {
        "mean": 0.00578423729166,
        "stdev": 0.00776815973222
    },
    "spectral_energyband_middle_low": {
        "mean": 0.143192902207,
        "stdev": 0.134789690375
    },
    "spectral_flatness_db": {
        "mean": 0.189922139049,
        "stdev": 0.052353516221
    },
    "spectral_flux": {
        "mean": 0.175688907504,
        "stdev": 0.106567122042
    },
    "spectral_kurtosis": {
        "mean": 5.51818847656,
        "stdev": 4.13611698151
    },
    "spectral_rms": {
        "mean": 0.0182652883232,
        "stdev": 0.00710821151733
    },
    "spectral_rolloff": {
        "mean": 351.708984375,
        "stdev": 372.801330566
    },
    "spectral_skewness": {
        "mean": 2.31389522552,
        "stdev": 0.682018995285
    },
    "spectral_spread": {
        "mean": 17113558,
        "stdev": 5595355
    },
    "spectral_strongpeak": {
        "mean": 0.725893259048,
        "stdev": 0.682292342186
    },
    "zerocrossingrate": {
        "mean": 0.0270182285458,
        "stdev": 0.0183250587434
    },
    "barkbands": {
        "mean": [0.00297075347044, 0.0155577342957, 0.0284949112684, 0.0782957971096, 0.0348710045218, 0.0117599591613, 0.0132613368332, 0.00211959169246, 0.0010460508056, 0.00191469409037, 0.0019369906513, 0.000609969487414, 0.000655732466839, 0.00040847188211, 0.000218445333303, 0.000211195729207, 0.000175439403392, 0.000171700070496, 0.000468553829705, 0.00049109995598, 0.000458277092548, 0.000425176083809, 0.000152160268044, 9.58226446528e-05, 0.000115967806778, 0.000126692146296, 4.93403640576e-05],
        "stdev": [0.00568133639172, 0.0142829380929, 0.0230157189071, 0.0726625919342, 0.0540131628513, 0.0153104281053, 0.0212055835873, 0.00276851421222, 0.00129839894362, 0.00278575671837, 0.00397529220209, 0.00156855490059, 0.000932440452743, 0.000795819738414, 0.000357035372872, 0.000281813787296, 0.000265993352514, 0.000460284907604, 0.000792801962234, 0.00117872224655, 0.000964343140367, 0.00101235811599, 0.000205900476431, 0.000148901497596, 0.000210001075175, 0.000263683992671, 0.000145239348058]
    },
    "mfcc": {
        "mean": [-558.416137695, 139.114852905, 42.9814720154, 42.5216140747, 0.697987496853, 14.7225732803, 6.61877679825, 0.621499657631, -6.15374660492, -1.63219225407, -1.40174877644, -1.0934637785, 1.15776467323],
        "stdev": [48.0128517151, 28.4842071533, 14.8122682571, 16.4932785034, 12.3939199448, 8.62207889557, 8.52194976807, 6.81113862991, 7.24791145325, 7.42384338379, 9.74782466888, 9.44066143036, 6.52476024628]
    },
    "sccoeffs": {
        "mean": [-0.54379850626, -0.685274124146, -0.754532396793, -0.74725741148, -0.801014661789, -0.798187434673],
        "stdev": [0.117039680481, 0.102377071977, 0.0887753888965, 0.0511568337679, 0.029850512743, 0.0336089730263]
    },
    "scvalleys": {
        "mean": [-3.0820441246, -4.33564662933, -5.44853591919, -6.36973047256, -6.6243929863, -7.53093004227],
        "stdev": [0.489210516214, 0.636482417583, 0.641033232212, 0.627855479717, 0.555369615555, 0.50606584549]
    }
},
"rhythm": {
    "bpm": 0,
    "confidence": 0,
    "first_peak_bpm": {
        "mean": 0,
        "stdev": 0
    },
    "first_peak_spread": {
        "mean": 0,
        "stdev": 0
    },
    "first_peak_weight": {
        "mean": 0,
        "stdev": 0
    },
    "onset_rate": 4.49977064133,
    "second_peak_bpm": {
        "mean": 0,
        "stdev": 0
    },
    "second_peak_spread": {
        "mean": 0,
        "stdev": 0
    },
    "second_peak_weight": {
        "mean": 0,
        "stdev": 0
    }
},
"sfx": {
    "inharmonicity": {
        "mean": 0.044672627002,
        "stdev": 0.0411665216088
    },
    "oddtoevenharmonicenergyratio": {
        "mean": 2.35581636429,
        "stdev": 11.5383672714
    },
    "pitch_after_max_to_before_max_energy_ratio": 1.48206853867,
    "pitch_centroid": 35.2206535339,
    "pitch_max_to_total": 0.256410270929,
    "pitch_min_to_total": 0.333333343267,
    "tristimulus": {
        "mean": [0.386195600033, 0.341812759638, 0.271991640329],
        "stdev": [0.250151753426, 0.174947872758, 0.204167068005]
    }
},
"tonal": {
    "chords_changes_rate": 0,
    "chords_number_rate": 0.047619048506,
    "chords_strength": {
        "mean": 0.492286324501,
        "stdev": 2.98023223877e-08
    },
    "key_strength": 0.626892745495,
    "tuning_diatonic_strength": 0.562201023102,
    "tuning_equal_tempered_deviation": 0.239535272121,
    "tuning_frequency": 438.477722168,
    "tuning_nontempered_energy_ratio": 0.855091452599,
    "hpcp": {
        "mean": [0.0184170044959, 0.0137337660417, 0.0325960926712, 0.0461900532246, 0.0268092360348, 0.0198145769536, 0.0411587357521, 0.0793114751577, 0.128014400601, 0.0946825742722, 0.0432224273682, 0.0683222785592, 0.0577829293907, 0.0276085734367, 0.167468383908, 0.505246818066, 0.502846419811, 0.254352539778, 0.174697563052, 0.0793837979436, 0.0124620366842, 0.0126406708732, 0.0236158147454, 0.101919524372, 0.137743741274, 0.0546360462904, 0.01054811012, 0.0297707598656, 0.069334320724, 0.125872671604, 0.147818118334, 0.10951975733, 0.0591052360833, 0.0203882548958, 0.00676276348531, 0.0170092172921],
        "stdev": [0.0329944118857, 0.0136102680117, 0.0359385237098, 0.0558086559176, 0.0427529960871, 0.0420442149043, 0.0938334837556, 0.164729133248, 0.294139444828, 0.208366543055, 0.090364523232, 0.214573830366, 0.153598979115, 0.070879586041, 0.181943893433, 0.440612494946, 0.392491996288, 0.28478205204, 0.259831905365, 0.169723719358, 0.0191119499505, 0.0269770231098, 0.0438527949154, 0.231049746275, 0.274921894073, 0.110003955662, 0.0280862320215, 0.0786614641547, 0.214881658554, 0.221546947956, 0.284005761147, 0.212258175015, 0.211614251137, 0.0616305805743, 0.0119029674679, 0.0338126905262]
    },
    "chords_histogram": [100, 0, 0, 0, 0, 0, 0, 0, 0, 0, 0, 0, 0, 0, 0, 0, 0, 0, 0, 0, 0, 0, 0, 0],