{
"metadata": {
    "version": {
        "essentia": "2.1-beta5-dev"
    }
},
"lowLevel": {
    "average_loudness": 0.99068403244,
    "barkbands_kurtosis": {
        "mean": 24.8686828613,
        "stdev": 29.6878013611
    },
    "barkbands_skewness": {
        "mean": 3.20275044441,
        "stdev": 2.23437905312
    },
    "barkbands_spread": {
        "mean": 5.63943529129,
        "stdev": 3.60564899445
    },
    "dissonance": {
        "mean": 0.225904464722,
        "stdev": 0.102705724537
    },
    "hfc": {
        "mean": 16.2982749939,
        "stdev": 17.7481479645
    },
    "pitch": {
        "mean": 363.214141846,
        "stdev": 763.063171387
    },
    "pitch_instantaneous_confidence": {
        "mean": 0.437267929316,
        "stdev": 0.199194908142
    },
    "pitch_salience": {
        "mean": 0.610548079014,
        "stdev": 0.102376393974
    },
    "silence_rate_20dB": {
        "mean": 0.972972989082,
        "stdev": 0.162162318826
    },
    "silence_rate_30dB": {
        "mean": 0.810810804367,
        "stdev": 0.391658693552
    },
    "silence_rate_60dB": {
        "mean": 0.0135135138407,
        "stdev": 0.115459509194
    },
    "spectral_centroid": {
        "mean": 260.57925415,
        "stdev": 122.148551941
    },
    "spectral_complexity": {
        "mean": 6.31081104279,
        "stdev": 2.55176591873
    },
    "spectral_crest": {
        "mean": 10.4493608475,
        "stdev": 2.64509177208
    },
    "spectral_decrease": {
        "mean": -3.90494392377e-08,
        "stdev": 5.88914730315e-08
    },
    "spectral_energy": {
        "mean": 0.0753847360611,
        "stdev": 0.112974196672
    },
    "spectral_energyband_high": {
        "mean": 0.000119138858281,
        "stdev": 0.000114308932098
    },
    "spectral_energyband_low": {
        "mean": 0.0383037850261,
        "stdev": 0.0740633830428
    },
    "spectral_energyband_middle_high": {
        "mean": 0.00171053328086,
        "stdev": 0.0021630609408
    },
    "spectral_energyband_middle_low": {
        "mean": 0.0456914827228,
        "stdev": 0.0804350748658
    },
    "spectral_flatness_db": {
        "mean": 0.218337193131,
        "stdev": 0.0466449446976
    },
    "spectral_flux": {
        "mean": 0.0921543091536,
        "stdev": 0.111507378519
    },
    "spectral_kurtosis": {
        "mean": 10.6724023819,
        "stdev": 6.47794961929
    },
    "spectral_rms": {
        "mean": 0.0106823444366,
        "stdev": 0.00573029508814
    },
    "spectral_rolloff": {
        "mean": 357.916748047,
        "stdev": 182.01789856
    },
    "spectral_skewness": {
        "mean": 3.07882785797,
        "stdev": 0.921130001545
    },
    "spectral_spread": {
        "mean": 12542918,
        "stdev": 5545815
    },
    "spectral_strongpeak": {
        "mean": 0.470684111118,
        "stdev": 0.406558513641
    },
    "zerocrossingrate": {
        "mean": 0.0207981411368,
        "stdev": 0.010601779446
    },
    "barkbands": {
        "mean": [0.0015874292003, 0.0104997064918, 0.0158301126212, 0.0173978414387, 0.0181952659041, 0.00350258639082, 0.00314882746898, 0.00281980982982, 0.000409481202951, 0.000227256197832, 0.000329614151269, 0.000305924040731, 0.000683793216012, 0.000181407434866, 2.96040234389e-05, 6.06320827501e-05, 1.90156970348e-05, 5.76724733037e-06, 2.23651095439e-05, 1.6569665604e-05, 4.36021109635e-05, 1.74997585418e-05, 1.45468657138e-05, 9.47664466366e-06, 1.10616474558e-05, 1.24238067656e-05, 3.03648630506e-06],
        "stdev": [0.00196390785277, 0.00942935980856, 0.0274338573217, 0.0662571117282, 0.0205150358379, 0.00379550410435, 0.00384651427157, 0.00256663071923, 0.000517361564562, 0.00023068524024, 0.000471852166811, 0.000535846222192, 0.000941170204896, 0.000298086117255, 4.34913745266e-05, 0.000123751815408, 1.28502560983e-05, 6.17216937826e-06, 1.67125854205e-05, 1.11663184725e-05, 4.62015013909e-05, 1.74051656359e-05, 1.43848492371e-05, 1.00413026303e-05, 1.20379809232e-05, 1.6361616872e-05, 4.07380048273e-06]
    },
    "mfcc": {
        "mean": [-653.11895752, 165.749984741, 44.3409004211, 30.9354915619, -0.0781629160047, 18.381111145, 1.01263082027, -6.04011154175, -3.93733334541, -0.0290202833712, 3.12592244148, 8.97498512268, 4.1643781662],
        "stdev": [46.2008094788, 37.8376808167, 19.9183921814, 25.4050254822, 12.03125, 10.4157133102, 10.4621868134, 11.1353397369, 11.3965024948, 7.17414522171, 7.2499332428, 6.25464344025, 7.4824590683]
    },
    "sccoeffs": {
        "mean": [-0.640666425228, -0.704909324646, -0.741226613522, -0.735472202301, -0.822200834751, -0.817326426506],
        "stdev": [0.108901426196, 0.117476783693, 0.0853468626738, 0.0941844955087, 0.0241246949881, 0.0187701657414]
    },
    "scvalleys": {
        "mean": [-3.6356420517, -4.90841388702, -6.40872383118, -7.18544387817, -7.88729429245, -8.67715167999],
        "stdev": [0.742579400539, 0.774408876896, 0.658115327358, 0.584755420685, 0.329495429993, 0.453073769808]
    }
},
"rhythm": {
    "bpm": 206.71875,
    "confidence": 0,
    "first_peak_bpm": {
        "mean": 207,
        "stdev": 0
    },
    "first_peak_spread": {
        "mean": 0,
        "stdev": 0
    },
    "first_peak_weight": {
        "mean": 1,
        "stdev": 0
    },
    "onset_rate": 3.57113933563,
    "second_peak_bpm": {
        "mean": 0,
        "stdev": 0
    },
    "second_peak_spread": {
        "mean": 0,
        "stdev": 0
    },
    "second_peak_weight": {
        "mean": 0,
        "stdev": 0
    }
},
"sfx": {
    "inharmonicity": {
        "mean": 0.0336021222174,
        "stdev": 0.0436908341944
    },
    "oddtoevenharmonicenergyratio": {
        "mean": 35.4568710327,
        "stdev": 165.524795532
    },
    "pitch_after_max_to_before_max_energy_ratio": 0.603685319424,
    "pitch_centroid": 31.1213550568,
    "pitch_max_to_total": 0.202702701092,
    "pitch_min_to_total": 0.162162154913,
    "tristimulus": {
        "mean": [0.391843289137, 0.403087347746, 0.205069437623],
        "stdev": [0.268301308155, 0.226876601577, 0.153940573335]
    }
},
"tonal": {
    "chords_changes_rate": 0,
    "chords_number_rate": 0.0500000007451,
    "chords_strength": {
        "mean": 0.578811883926,
        "stdev": 5.96046447754e-08
    },
    "key_strength": 0.551513135433,
    "tuning_diatonic_strength": 0.401647090912,
    "tuning_equal_tempered_deviation": 0.163503795862,
    "tuning_frequency": 434.444000244,
    "tuning_nontempered_energy_ratio": 0.837721526623,
    "hpcp": {
        "mean": [0.0891951024532, 0.107158780098, 0.029463659972, 0.00221180962399, 0.028258536011, 0.121821068227, 0.313916802406, 0.340807944536, 0.299804002047, 0.390117704868, 0.24397996068, 0.0386222936213, 0.0089859906584, 0.00408952310681, 0.0426261238754, 0.146623700857, 0.178800418973, 0.183391004801, 0.254777669907, 0.17550906539, 0.0515332445502, 0.0709309652448, 0.0655153691769, 0.0312515757978, 0.0310135632753, 0.018047336489, 0.00864300876856, 0.012032398954, 0.0361554399133, 0.0764945968986, 0.0828236937523, 0.0545546226203, 0.0223454423249, 0.00661087874323, 0.00500922976062, 0.0125718787313],
        "stdev": [0.168746873736, 0.205435097218, 0.0536112897098, 0.00326965330169, 0.0767442211509, 0.221555575728, 0.406975418329, 0.41759544611, 0.33301371336, 0.409770280123, 0.345329880714, 0.0509143993258, 0.0251850392669, 0.00768163893372, 0.132018834352, 0.244491547346, 0.296230375767, 0.242045551538, 0.370294421911, 0.271971136332, 0.0771294385195, 0.115461394191, 0.133716151118, 0.0734683871269, 0.127025380731, 0.0701488554478, 0.0287559740245, 0.02048490569, 0.0814521387219, 0.225104570389, 0.154379561543, 0.0822946801782, 0.0302723478526, 0.0145068336278, 0.00949381291866, 0.0178760997951]
    },
    "chords_histogram": [0, 0, 0, 0, 0, 0, 0, 0, 0, 0, 100, 0, 0, 0, 0, 0, 0, 0, 0, 0, 0, 0, 0, 0],