{
"metadata": {
    "version": {
        "essentia": "2.1-beta5-dev"
    }
},
"lowLevel": {
    "average_loudness": 0.99068403244,
    "barkbands_kurtosis": {
        "mean": 11.9887781143,
        "stdev": 8.59344291687
    },
    "barkbands_skewness": {
        "mean": 2.69513106346,
        "stdev": 1.15998029709
    },
    "barkbands_spread": {
        "mean": 10.4852876663,
        "stdev": 7.05907249451
    },
    "dissonance": {
        "mean": 0.250454396009,
        "stdev": 0.0788187608123
    },
    "hfc": {
        "mean": 39.1980667114,
        "stdev": 47.3780670166
    },
    "pitch": {
        "mean": 230.431289673,
        "stdev": 72.4617004395
    },
    "pitch_instantaneous_confidence": {
        "mean": 0.412014067173,
        "stdev": 0.15616813302
    },
    "pitch_salience": {
        "mean": 0.642102599144,
        "stdev": 0.0804760828614
    },
    "silence_rate_20dB": {
        "mean": 0.932835817337,
        "stdev": 0.250305831432
    },
    "silence_rate_30dB": {
        "mean": 0.679104506969,
        "stdev": 0.46682074666
    },
    "silence_rate_60dB": {
        "mean": 0,
        "stdev": 0
    },
    "spectral_centroid": {
        "mean": 390.967712402,
        "stdev": 243.893661499
    },
    "spectral_complexity": {
        "mean": 11.9850749969,
        "stdev": 3.82643032074
    },
    "spectral_crest": {
        "mean": 10.2969655991,
        "stdev": 3.4264497757
    },
    "spectral_decrease": {
        "mean": -5.52360184258e-08,
        "stdev": 6.21484232965e-08
    },
    "spectral_energy": {
        "mean": 0.108097165823,
        "stdev": 0.121807426214
    },
    "spectral_energyband_high": {
        "mean": 0.000661369122099,
        "stdev": 0.000525476818439
    },
    "spectral_energyband_low": {
        "mean": 0.0303943194449,
        "stdev": 0.0237513389438
    },
    "spectral_energyband_middle_high": {
        "mean": 0.00508475676179,
        "stdev": 0.00851677916944
    },
    "spectral_energyband_middle_low": {
        "mean": 0.0812482908368,
        "stdev": 0.109309397638
    },
    "spectral_flatness_db": {
        "mean": 0.160527810454,
        "stdev": 0.0361442565918
    },
    "spectral_flux": {
        "mean": 0.123675532639,
        "stdev": 0.0712794810534
    },
    "spectral_kurtosis": {
        "mean": 5.86887788773,
        "stdev": 4.45963573456
    },
    "spectral_rms": {
        "mean": 0.0129880579188,
        "stdev": 0.00648275343701
    },
    "spectral_rolloff": {
        "mean": 523.867431641,
        "stdev": 529.057006836
    },
    "spectral_skewness": {
        "mean": 2.33572411537,
        "stdev": 0.749967873096
    },
    "spectral_spread": {
        "mean": 16312133,
        "stdev": 6170010
    },
    "spectral_strongpeak": {
        "mean": 0.606773674488,
        "stdev": 0.784263849258
    },
    "zerocrossingrate": {
        "mean": 0.0376195199788,
        "stdev": 0.0229752417654
    },
    "barkbands": {
        "mean": [0.00219559902325, 0.00726999202743, 0.011827038601, 0.0187508054078, 0.0261243097484, 0.00377094116993, 0.0224195718765, 0.00425804359838, 0.0054602404125, 0.000612188770901, 0.000339731312124, 0.00153721030802, 0.00152221659664, 0.000610941438936, 0.000136974471388, 0.000240452922299, 0.000109911059553, 4.47553647973e-05, 0.000128799540107, 0.000143989149365, 0.000219692316023, 0.000131652413984, 6.7233289883e-05, 4.61648487544e-05, 5.28944729012e-05, 5.47653107787e-05, 1.95279644686e-05],
        "stdev": [0.00490264315158, 0.008764911443, 0.0107244765386, 0.0143066635355, 0.0532862283289, 0.00382171408273, 0.0416038893163, 0.0065353019163, 0.00845779851079, 0.000643408857286, 0.000476132176118, 0.0030611930415, 0.0038145405706, 0.00117082870565, 0.000207111326745, 0.000428545812611, 0.00011893484043, 7.21341129974e-05, 0.000102272853837, 0.000218707966269, 0.000173694876139, 0.000122694080346, 6.45784530207e-05, 4.71687126264e-05, 5.95112069277e-05, 7.24483979866e-05, 4.36769296357e-05]
    },
    "mfcc": {
        "mean": [-571.597167969, 143.970962524, 34.9562072754, 27.4614543915, -9.27830219269, 11.2413730621, -1.182918787, -6.07941436768, -0.420798540115, 0.898134708405, 2.80370783806, 4.53927564621, -0.341925948858],
        "stdev": [31.9954223633, 28.7554626465, 13.857503891, 15.7352600098, 10.12458992, 7.68780088425, 7.41865777969, 10.2240123749, 10.140750885, 7.82944250107, 6.79938650131, 8.28381347656, 9.5533618927]
    },
    "sccoeffs": {
        "mean": [-0.620616018772, -0.687487304211, -0.704688727856, -0.728468358517, -0.805745542049, -0.797899067402],
        "stdev": [0.105854220688, 0.114653430879, 0.0837482586503, 0.0760881751776, 0.0242924652994, 0.0219015870243]
    },
    "scvalleys": {
        "mean": [-3.51315236092, -4.22564220428, -5.55916213989, -6.40329170227, -6.90487575531, -7.72427940369],
        "stdev": [0.582043409348, 0.585181415081, 0.578133225441, 0.504227697849, 0.353695809841, 0.33790358901]
    }
},
"rhythm": {
    "bpm": 107.666023254,
    "confidence": 0,
    "first_peak_bpm": {
        "mean": 108,
        "stdev": 0
    },
    "first_peak_spread": {
        "mean": 0,
        "stdev": 0
    },
    "first_peak_weight": {
        "mean": 1,
        "stdev": 0
    },
    "onset_rate": 4.5389714241,
    "second_peak_bpm": {
        "mean": 0,
        "stdev": 0
    },
    "second_peak_spread": {
        "mean": 0,
        "stdev": 0
    },
    "second_peak_weight": {
        "mean": 0,
        "stdev": 0
    }
},
"sfx": {
    "inharmonicity": {
        "mean": 0.0621418468654,
        "stdev": 0.0604371912777
    },
    "oddtoevenharmonicenergyratio": {
        "mean": 2.52074432373,
        "stdev": 10.6804876328
    },
    "pitch_after_max_to_before_max_energy_ratio": 0.0483708232641,
    "pitch_centroid": 68.3574371338,
    "pitch_max_to_total": 0.970149278641,
    "pitch_min_to_total": 0.865671634674,
    "tristimulus": {
        "mean": [0.310636878014, 0.461837738752, 0.227525547147],
        "stdev": [0.197946116328, 0.183430567384, 0.0878851637244]
    }
},
"tonal": {
    "chords_changes_rate": 0,
    "chords_number_rate": 0.0285714287311,
    "chords_strength": {
        "mean": 0.507730782032,
        "stdev": 0.0360528714955
    },
    "key_strength": 0.592599570751,
    "tuning_diatonic_strength": 0.393758654594,
    "tuning_equal_tempered_deviation": 0.0983387082815,
    "tuning_frequency": 440.254241943,
    "tuning_nontempered_energy_ratio": 0.65641605854,
    "hpcp": {
        "mean": [0.102523602545, 0.111593872309, 0.225537449121, 0.22299388051, 0.0940283536911, 0.0264647379518, 0.0103360069916, 0.0130487186834, 0.0207213126123, 0.0179999247193, 0.0184399206191, 0.0267437119037, 0.0235439036041, 0.0270655788481, 0.128507062793, 0.198016822338, 0.129041209817, 0.120134860277, 0.136652827263, 0.0996322035789, 0.119549870491, 0.138219937682, 0.0976084023714, 0.199954763055, 0.2490760535, 0.0931520834565, 0.0371169894934, 0.0518755502999, 0.0420943833888, 0.0634921938181, 0.0712594613433, 0.0678427964449, 0.145551353693, 0.180119007826, 0.130577534437, 0.123815074563],
        "stdev": [0.261536985636, 0.181706041098, 0.351466685534, 0.338432312012, 0.122371532023, 0.0660300925374, 0.0208864826709, 0.0290882531554, 0.0350927636027, 0.0176156498492, 0.0488453656435, 0.0796601623297, 0.0626657605171, 0.0867196172476, 0.221618890762, 0.313872635365, 0.183779463172, 0.27082747221, 0.2582706213, 0.228215485811, 0.242568507791, 0.314891993999, 0.163480103016, 0.285960167646, 0.382871508598, 0.140967667103, 0.165962889791, 0.190315961838, 0.166719406843, 0.149359568954, 0.170961931348, 0.104836463928, 0.230381980538, 0.289888739586, 0.213324919343, 0.258200645447]
    },
    "chords_histogram": [0, 0, 0, 0, 0, 0, 0, 0, 0, 0, 0, 0, 0, 0, 0, 0, 0, 0, 0, 0, 0, 0, 0, 100],