{
"metadata": {
    "version": {
        "essentia": "2.1-beta5-dev"
    }
},
"lowLevel": {
    "average_loudness": 0.99068403244,
    "barkbands_kurtosis": {
        "mean": 18.9699020386,
        "stdev": 28.2000274658
    },
    "barkbands_skewness": {
        "mean": 2.71851563454,
        "stdev": 2.08118319511
    },
    "barkbands_spread": {
        "mean": 8.27024459839,
        "stdev": 5.37672996521
    },
    "dissonance": {
        "mean": 0.221639633179,
        "stdev": 0.0894874185324
    },
    "hfc": {
        "mean": 60.8735389709,
        "stdev": 51.5687103271
    },
    "pitch": {
        "mean": 243.121505737,
        "stdev": 115.253570557
    },
    "pitch_instantaneous_confidence": {
        "mean": 0.421898305416,
        "stdev": 0.215318590403
    },
    "pitch_salience": {
        "mean": 0.616469442844,
        "stdev": 0.0939953923225
    },
    "silence_rate_20dB": {
        "mean": 0.893203854561,
        "stdev": 0.30885335803
    },
    "silence_rate_30dB": {
        "mean": 0.281553387642,
        "stdev": 0.449756622314
    },
    "silence_rate_60dB": {
        "mean": 0,
        "stdev": 0
    },
    "spectral_centroid": {
        "mean": 348.774414062,
        "stdev": 202.503738403
    },
    "spectral_complexity": {
        "mean": 10.9902915955,
        "stdev": 3.8351855278
    },
    "spectral_crest": {
        "mean": 9.53712654114,
        "stdev": 2.55748033524
    },
    "spectral_decrease": {
        "mean": -8.7775049451e-08,
        "stdev": 6.10333685813e-08
    },
    "spectral_energy": {
        "mean": 0.171647727489,
        "stdev": 0.119883194566
    },
    "spectral_energyband_high": {
        "mean": 0.000673261936754,
        "stdev": 0.00106707867235
    },
    "spectral_energyband_low": {
        "mean": 0.0597327388823,
        "stdev": 0.0316705442965
    },
    "spectral_energyband_middle_high": {
        "mean": 0.00792212598026,
        "stdev": 0.0101497285068
    },
    "spectral_energyband_middle_low": {
        "mean": 0.115871608257,
        "stdev": 0.104930974543
    },
    "spectral_flatness_db": {
        "mean": 0.191492140293,
        "stdev": 0.0462477169931
    },
    "spectral_flux": {
        "mean": 0.144711464643,
        "stdev": 0.0777028724551
    },
    "spectral_kurtosis": {
        "mean": 7.36457777023,
        "stdev": 4.52706384659
    },
    "spectral_rms": {
        "mean": 0.0172411035746,
        "stdev": 0.00611066585407
    },
    "spectral_rolloff": {
        "mean": 485.437835693,
        "stdev": 280.594696045
    },
    "spectral_skewness": {
        "mean": 2.62291955948,
        "stdev": 0.772699534893
    },
    "spectral_spread": {
        "mean": 15131010,
        "stdev": 7210432
    },
    "spectral_strongpeak": {
        "mean": 1.16761374474,
        "stdev": 1.40036523342
    },
    "zerocrossingrate": {
        "mean": 0.0280074328184,
        "stdev": 0.0131585253403
    },
    "barkbands": {
        "mean": [0.00225259689614, 0.0137192448601, 0.0312834344804, 0.024951422587, 0.0319994427264, 0.0128895873204, 0.0200226195157, 0.00554623780772, 0.0202974583954, 0.000281406304566, 0.000930757611059, 0.00100290158298, 0.00339394807816, 0.00182678096462, 0.00010375889542, 0.000189820915693, 0.000134176341817, 2.96611433441e-05, 7.99642511993e-05, 6.42370141577e-05, 0.000103799007775, 0.000145879981574, 9.26039065234e-05, 6.93476686138e-05, 8.44014430186e-05, 9.78723910521e-05, 5.02818984387e-05],
        "stdev": [0.00322513491847, 0.00939109176397, 0.016214132309, 0.0214725583792, 0.0554816126823, 0.0232568792999, 0.0256726909429, 0.00647982116789, 0.030436148867, 0.000343944935594, 0.00115158432163, 0.00186159682926, 0.00659247906879, 0.0026431332808, 0.000117517010949, 0.000167121077538, 0.000109053733468, 2.73039386229e-05, 6.9401008659e-05, 4.25184371124e-05, 0.000160707248142, 0.000159189221449, 0.000108867359813, 9.45250794757e-05, 0.000155511283083, 0.00026191942743, 0.000171083403984]
    },
    "mfcc": {
        "mean": [-564.653930664, 157.367645264, 40.6310806274, 16.4084644318, 1.99369740486, 16.0995082855, -4.34051513672, -3.9817032814, -4.07495164871, 6.54703426361, 8.66362380981, 5.51503181458, 2.79253745079],
        "stdev": [42.7681427002, 29.3258094788, 14.3989114761, 20.3345947266, 11.0375146866, 9.6255865097, 10.5583257675, 9.24193477631, 10.0947237015, 8.9719953537, 6.61402988434, 9.16179180145, 10.09516716]
    },
    "sccoeffs": {
        "mean": [-0.598575055599, -0.643481791019, -0.689372181892, -0.688409984112, -0.796501874924, -0.811508536339],
        "stdev": [0.109279088676, 0.166299268603, 0.132042422891, 0.112095482647, 0.0287276189774, 0.017572760582]
    },
    "scvalleys": {
        "mean": [-3.17792320251, -4.12008810043, -5.51409196854, -6.3152756691, -7.15709161758, -7.68893957138],
        "stdev": [0.534451723099, 0.767994582653, 0.690419137478, 0.514726042747, 0.311034888029, 0.431497514248]
    }
},
"rhythm": {
    "bpm": 215.33203125,
    "confidence": 0,
    "first_peak_bpm": {
        "mean": 215,
        "stdev": 0
    },
    "first_peak_spread": {
        "mean": 0,
        "stdev": 0
    },
    "first_peak_weight": {
        "mean": 1,
        "stdev": 0
    },
    "onset_rate": 5.07703828812,
    "second_peak_bpm": {
        "mean": 0,
        "stdev": 0
    },
    "second_peak_spread": {
        "mean": 0,
        "stdev": 0
    },
    "second_peak_weight": {
        "mean": 0,
        "stdev": 0
    }
},
"sfx": {
    "inharmonicity": {
        "mean": 0.0465236417949,
        "stdev": 0.0481470562518
    },
    "oddtoevenharmonicenergyratio": {
        "mean": 13.1894826889,
        "stdev": 99.5839385986
    },
    "pitch_after_max_to_before_max_energy_ratio": 0.0529506094754,
    "pitch_centroid": 49.8751907349,
    "pitch_max_to_total": 0.990291237831,
    "pitch_min_to_total": 0.388349503279,
    "tristimulus": {
        "mean": [0.379756450653, 0.4134375453, 0.206806004047],
        "stdev": [0.219016119838, 0.177468523383, 0.145370513201]
    }
},
"tonal": {
    "chords_changes_rate": 0,
    "chords_number_rate": 0.037037037313,
    "chords_strength": {
        "mean": 0.58193898201,
        "stdev": 0.00868938397616
    },
    "key_strength": 0.679820299149,
    "tuning_diatonic_strength": 0.520496606827,
    "tuning_equal_tempered_deviation": 0.0708264783025,
    "tuning_frequency": 438.731048584,
    "tuning_nontempered_energy_ratio": 0.607138216496,
    "hpcp": {
        "mean": [0.426383823156, 0.277709960938, 0.0512959174812, 0.0334270559251, 0.0165944397449, 0.0082729049027, 0.0129594625905, 0.0140282139182, 0.0618789121509, 0.112157158554, 0.0627795755863, 0.0119072813541, 0.0189076308161, 0.0284924581647, 0.0452962182462, 0.0975800976157, 0.0807434394956, 0.0155437951908, 0.0101949647069, 0.044938609004, 0.241300404072, 0.443415313959, 0.295511990786, 0.272470504045, 0.327837884426, 0.12704461813, 0.100021876395, 0.186507344246, 0.110417880118, 0.0332946553826, 0.0483179725707, 0.0506980195642, 0.0486104264855, 0.0312253143638, 0.0205771643668, 0.190916523337],
        "stdev": [0.378196686506, 0.27824947238, 0.187764719129, 0.160320520401, 0.069154471159, 0.0124357044697, 0.0122459921986, 0.0258978363127, 0.092267729342, 0.156701385975, 0.0896884128451, 0.0134614733979, 0.038331836462, 0.0967957153916, 0.0998130738735, 0.222171828151, 0.175295814872, 0.0259120613337, 0.0152075504884, 0.107631251216, 0.201108559966, 0.396584272385, 0.230450794101, 0.277827650309, 0.380775570869, 0.161842182279, 0.209457963705, 0.387822061777, 0.245180606842, 0.0832404866815, 0.152053877711, 0.192645192146, 0.15136179328, 0.0493938326836, 0.0265821386129, 0.19637581706]
    },
    "chords_histogram": [100, 0, 0, 0, 0, 0, 0, 0, 0, 0, 0, 0, 0, 0, 0, 0, 0, 0, 0, 0, 0, 0, 0, 0],