{
"metadata": {
    "version": {
        "essentia": "2.1-beta5-dev"
    }
},
"lowLevel": {
    "average_loudness": 0.943747699261,
    "barkbands_kurtosis": {
        "mean": 18.7150211334,
        "stdev": 13.8765258789
    },
    "barkbands_skewness": {
        "mean": 3.34277415276,
        "stdev": 1.47040700912
    },
    "barkbands_spread": {
        "mean": 8.53919219971,
        "stdev": 6.00976133347
    },
    "dissonance": {
        "mean": 0.262225180864,
        "stdev": 0.0913253426552
    },
    "hfc": {
        "mean": 45.625705719,
        "stdev": 36.8412475586
    },
    "pitch": {
        "mean": 219.0337677,
        "stdev": 76.771194458
    },
    "pitch_instantaneous_confidence": {
        "mean": 0.450301229954,
        "stdev": 0.19618883729
    },
    "pitch_salience": {
        "mean": 0.605214118958,
        "stdev": 0.0985907390714
    },
    "silence_rate_20dB": {
        "mean": 0.983333349228,
        "stdev": 0.128019019961
    },
    "silence_rate_30dB": {
        "mean": 0.461111098528,
        "stdev": 0.498485535383
    },
    "silence_rate_60dB": {
        "mean": 0.00555555569008,
        "stdev": 0.0743282660842
    },
    "spectral_centroid": {
        "mean": 374.192138672,
        "stdev": 166.586471558
    },
    "spectral_complexity": {
        "mean": 13.1555557251,
        "stdev": 4.80950641632
    },
    "spectral_crest": {
        "mean": 11.2178821564,
        "stdev": 3.13517665863
    },
    "spectral_decrease": {
        "mean": -6.77182185882e-08,
        "stdev": 5.20095966294e-08
    },
    "spectral_energy": {
        "mean": 0.13230445981,
        "stdev": 0.101215474308
    },
    "spectral_energyband_high": {
        "mean": 0.000694316928275,
        "stdev": 0.000978656113148
    },
    "spectral_energyband_low": {
        "mean": 0.0384647883475,
        "stdev": 0.0439172387123
    },
    "spectral_energyband_middle_high": {
        "mean": 0.00508673023432,
        "stdev": 0.00665403436869
    },
    "spectral_energyband_middle_low": {
        "mean": 0.106091253459,
        "stdev": 0.0835306048393
    },
    "spectral_flatness_db": {
        "mean": 0.178956195712,
        "stdev": 0.0461919419467
    },
    "spectral_flux": {
        "mean": 0.122773267329,
        "stdev": 0.0726916342974
    },
    "spectral_kurtosis": {
        "mean": 6.48178243637,
        "stdev": 4.54565143585
    },
    "spectral_rms": {
        "mean": 0.0146938720718,
        "stdev": 0.00648024538532
    },
    "spectral_rolloff": {
        "mean": 447.173034668,
        "stdev": 275.99395752
    },
    "spectral_skewness": {
        "mean": 2.45063877106,
        "stdev": 0.747437417507
    },
    "spectral_spread": {
        "mean": 16416536,
        "stdev": 7179939.5
    },
    "spectral_strongpeak": {
        "mean": 0.876776456833,
        "stdev": 0.738689303398
    },
    "zerocrossingrate": {
        "mean": 0.0326985679567,
        "stdev": 0.0159759037197
    },
    "barkbands": {
        "mean": [0.000693488051184, 0.00424289423972, 0.0156859960407, 0.025634419173, 0.0407888032496, 0.0169930532575, 0.0114782368764, 0.00475846510381, 0.00578724872321, 0.000730263709556, 0.000647013657726, 0.000530752644408, 0.00189668673556, 0.000711376138497, 0.000117940675409, 0.000217373875785, 0.000271915167104, 7.77793975431e-05, 0.00022047906532, 0.000197393630515, 0.000167203936144, 0.000137445778819, 8.30833814689e-05, 4.21893673774e-05, 6.63285172777e-05, 8.17871987238e-05, 4.11141809309e-05],
        "stdev": [0.00167614012025, 0.00782382022589, 0.0197943262756, 0.0306204482913, 0.0420512445271, 0.0273422338068, 0.0212195832282, 0.00713241565973, 0.0138053847477, 0.00154139788356, 0.00203852076083, 0.00100099889096, 0.00273331580684, 0.00139846163802, 0.000205973323318, 0.000264111702563, 0.000274218269624, 0.000147192840814, 0.000212490471313, 0.000224116738536, 0.000211380494875, 0.000196094377316, 9.65926519712e-05, 6.86638450134e-05, 0.000151392057887, 0.0002250217658, 0.000141482261824]
    },
    "mfcc": {
        "mean": [-572.379699707, 144.44052124, 28.3840084076, 34.8696746826, -1.48878717422, 6.65725374222, -5.03714036942, -6.75514030457, -11.7309532166, -3.43310141563, 0.910036444664, -0.527007818222, -1.23507976532],
        "stdev": [50.4483833313, 28.6828918457, 16.5943202972, 17.3371200562, 11.8991250992, 9.7880525589, 8.70751476288, 10.4346141815, 9.42734909058, 8.64037227631, 8.83375835419, 10.3295660019, 7.79050445557]
    },
    "sccoeffs": {
        "mean": [-0.584043264389, -0.645471870899, -0.743269026279, -0.716110050678, -0.792681872845, -0.801294445992],
        "stdev": [0.110484570265, 0.134501978755, 0.0871827825904, 0.0966201722622, 0.0302085559815, 0.0243763513863]
    },
    "scvalleys": {
        "mean": [-3.52660560608, -4.38135623932, -5.65542125702, -6.42832422256, -6.77934646606, -7.82489681244],
        "stdev": [0.665238559246, 0.60533285141, 0.596699416637, 0.495685338974, 0.495080411434, 0.4810115695]
    }
},
"rhythm": {
    "bpm": 198.768051147,
    "confidence": 0,
    "first_peak_bpm": {
        "mean": 199,
        "stdev": 0
    },
    "first_peak_spread": {
        "mean": 0,
        "stdev": 0
    },
    "first_peak_weight": {
        "mean": 0.600000023842,
        "stdev": 0
    },
    "onset_rate": 3.86536931992,
    "second_peak_bpm": {
        "mean": 207,
        "stdev": 0
    },
    "second_peak_spread": {
        "mean": 0,
        "stdev": 0
    },
    "second_peak_weight": {
        "mean": 0.40000000596,
        "stdev": 0
    }
},
"sfx": {
    "inharmonicity": {
        "mean": 0.0381091237068,
        "stdev": 0.0480782836676
    },
    "oddtoevenharmonicenergyratio": {
        "mean": 0.93462151289,
        "stdev": 3.2670519352
    },
    "pitch_after_max_to_before_max_energy_ratio": 0.690341114998,
    "pitch_centroid": 84.9681930542,
    "pitch_max_to_total": 0.544444441795,
    "pitch_min_to_total": 0.933333337307,
    "tristimulus": {
        "mean": [0.422619581223, 0.345069110394, 0.232311159372],
        "stdev": [0.196137189865, 0.138479843736, 0.158041507006]
    }
},
"tonal": {
    "chords_changes_rate": 0,
    "chords_number_rate": 0.0217391308397,
    "chords_strength": {
        "mean": 0.607597887516,
        "stdev": 0.0678023993969
    },
    "key_strength": 0.698816716671,
    "tuning_diatonic_strength": 0.517185688019,
    "tuning_equal_tempered_deviation": 0.0363470055163,
    "tuning_frequency": 439.491973877,
    "tuning_nontempered_energy_ratio": 0.619135379791,
    "hpcp": {
        "mean": [0.315299272537, 0.195177659392, 0.0940332338214, 0.0931660532951, 0.0521968342364, 0.0817870646715, 0.139904022217, 0.0979433357716, 0.230705410242, 0.383893460035, 0.190812096, 0.0214276146144, 0.0252378433943, 0.0195343401283, 0.00861152261496, 0.00829948112369, 0.00863147340715, 0.0121775772423, 0.0138824675232, 0.0194485131651, 0.07951066643, 0.140490502119, 0.117481715977, 0.117456443608, 0.119200021029, 0.0527806133032, 0.0151930619031, 0.0130244037136, 0.0201404225081, 0.0933829471469, 0.127014636993, 0.055387545377, 0.0168585963547, 0.0140034230426, 0.0264866817743, 0.181818857789],
        "stdev": [0.403388053179, 0.243955537677, 0.216938540339, 0.240881592035, 0.125212043524, 0.175529688597, 0.309767276049, 0.205027043819, 0.285784482956, 0.462151259184, 0.223647102714, 0.0442957133055, 0.0942710936069, 0.0883123427629, 0.0247146654874, 0.0265573263168, 0.0181951653212, 0.0269409958273, 0.0319964140654, 0.038874771446, 0.153141871095, 0.246812790632, 0.180464506149, 0.238522052765, 0.230582162738, 0.140347868204, 0.0363767668605, 0.0356999784708, 0.0405941978097, 0.178754284978, 0.26043343544, 0.117800377309, 0.0327104963362, 0.025854812935, 0.0575336590409, 0.251897990704]
    },
    "chords_histogram": [0, 100, 0, 0, 0, 0, 0, 0, 0, 0, 0, 0, 0, 0, 0, 0, 0, 0, 0, 0, 0, 0, 0, 0],