{
"metadata": {
    "version": {
        "essentia": "2.1-beta5-dev"
    }
},
"lowLevel": {
    "average_loudness": 0.99068403244,
    "barkbands_kurtosis": {
        "mean": 51.5620422363,
        "stdev": 38.7322540283
    },
    "barkbands_skewness": {
        "mean": 4.71562576294,
        "stdev": 2.51644468307
    },
    "barkbands_spread": {
        "mean": 4.42706346512,
        "stdev": 5.63604354858
    },
    "dissonance": {
        "mean": 0.236958712339,
        "stdev": 0.0872448012233
    },
    "hfc": {
        "mean": 42.8045425415,
        "stdev": 60.1664657593
    },
    "pitch": {
        "mean": 170.108001709,
        "stdev": 80.1092224121
    },
    "pitch_instantaneous_confidence": {
        "mean": 0.384933143854,
        "stdev": 0.226411402225
    },
    "pitch_salience": {
        "mean": 0.525911152363,
        "stdev": 0.10357683897
    },
    "silence_rate_20dB": {
        "mean": 0.87628865242,
        "stdev": 0.329252034426
    },
    "silence_rate_30dB": {
        "mean": 0.237113401294,
        "stdev": 0.425312519073
    },
    "silence_rate_60dB": {
        "mean": 0,
        "stdev": 0
    },
    "spectral_centroid": {
        "mean": 226.20526123,
        "stdev": 173.937393188
    },
    "spectral_complexity": {
        "mean": 7.16494846344,
        "stdev": 2.83818173409
    },
    "spectral_crest": {
        "mean": 12.3901729584,
        "stdev": 2.23240327835
    },
    "spectral_decrease": {
        "mean": -8.84214657049e-08,
        "stdev": 6.46807905014e-08
    },
    "spectral_energy": {
        "mean": 0.171232298017,
        "stdev": 0.127594560385
    },
    "spectral_energyband_high": {
        "mean": 0.000293211778626,
        "stdev": 0.000320156395901
    },
    "spectral_energyband_low": {
        "mean": 0.0928210318089,
        "stdev": 0.0464645251632
    },
    "spectral_energyband_middle_high": {
        "mean": 0.00318196904846,
        "stdev": 0.00626047560945
    },
    "spectral_energyband_middle_low": {
        "mean": 0.101669825613,
        "stdev": 0.116479501128
    },
    "spectral_flatness_db": {
        "mean": 0.25854331255,
        "stdev": 0.0522208958864
    },
    "spectral_flux": {
        "mean": 0.108636856079,
        "stdev": 0.068510606885
    },
    "spectral_kurtosis": {
        "mean": 8.97165393829,
        "stdev": 6.62831068039
    },
    "spectral_rms": {
        "mean": 0.0170879568905,
        "stdev": 0.00646436307579
    },
    "spectral_rolloff": {
        "mean": 270.829986572,
        "stdev": 199.327377319
    },
    "spectral_skewness": {
        "mean": 2.83756375313,
        "stdev": 0.901372015476
    },
    "spectral_spread": {
        "mean": 14372302,
        "stdev": 6265275
    },
    "spectral_strongpeak": {
        "mean": 1.06698918343,
        "stdev": 0.927298605442
    },
    "zerocrossingrate": {
        "mean": 0.0190681386739,
        "stdev": 0.0182978268713
    },
    "barkbands": {
        "mean": [0.00132701941766, 0.013423467055, 0.0514884777367, 0.033334042877, 0.0136243905872, 0.0327387042344, 0.00587223982438, 0.00191051198635, 0.013985645026, 0.000298128637951, 0.00123561976943, 7.30880856281e-05, 0.000236582476646, 0.00108207680751, 5.93682343606e-05, 0.00011186782649, 4.77220637549e-05, 1.19628248285e-05, 5.39391949133e-05, 4.44442121079e-05, 6.09863236605e-05, 6.07009569649e-05, 5.91839416302e-05, 2.26907795877e-05, 2.79463074548e-05, 2.82143646473e-05, 1.23690015243e-05],
        "stdev": [0.0020779571496, 0.00778455054387, 0.025813261047, 0.0256115607917, 0.0161052066833, 0.0785016939044, 0.0054264254868, 0.00419181119651, 0.0370452255011, 0.000346394866938, 0.00285598821938, 0.000148932347656, 0.000496404361911, 0.00269688176923, 0.000146272082929, 0.000235002618865, 3.63103135896e-05, 2.26651736739e-05, 4.23721212428e-05, 6.40237340122e-05, 7.51294137444e-05, 6.62459642626e-05, 4.80368362332e-05, 2.26847459999e-05, 3.88167354686e-05, 4.48430146207e-05, 3.10179020744e-05]
    },
    "mfcc": {
        "mean": [-618.850463867, 152.486694336, 59.0951957703, 41.425819397, 5.3210606575, 17.4733390808, 2.39268755913, 5.92494010925, -4.18514251709, 0.101736798882, -5.91211557388, -1.96032714844, 6.37872505188],
        "stdev": [41.0803718567, 32.6024246216, 19.0729522705, 22.4731369019, 9.35855293274, 8.47861194611, 10.2870397568, 12.1808214188, 8.0046672821, 9.72942733765, 9.62971878052, 7.89052724838, 8.87636375427]
    },
    "sccoeffs": {
        "mean": [-0.540726065636, -0.602764308453, -0.693325400352, -0.740032792091, -0.809469640255, -0.816303133965],
        "stdev": [0.120154865086, 0.155941054225, 0.140873834491, 0.0993341803551, 0.0242985151708, 0.0176247712225]
    },
    "scvalleys": {
        "mean": [-3.34449315071, -5.05280160904, -6.37091398239, -7.29512214661, -7.51547288895, -8.09205055237],
        "stdev": [0.500326454639, 0.580681025982, 0.451050490141, 0.593433141708, 0.381157457829, 0.414235413074]
    }
},
"rhythm": {
    "bpm": 191.406265259,
    "confidence": 0,
    "first_peak_bpm": {
        "mean": 191,
        "stdev": 0
    },
    "first_peak_spread": {
        "mean": 0,
        "stdev": 0
    },
    "first_peak_weight": {
        "mean": 0.5,
        "stdev": 0
    },
    "onset_rate": 5.41292476654,
    "second_peak_bpm": {
        "mean": 199,
        "stdev": 0
    },
    "second_peak_spread": {
        "mean": 0,
        "stdev": 0
    },
    "second_peak_weight": {
        "mean": 0.5,
        "stdev": 0
    }
},
"sfx": {
    "inharmonicity": {
        "mean": 0.0292693711817,
        "stdev": 0.0339905880392
    },
    "oddtoevenharmonicenergyratio": {
        "mean": 6.08525180817,
        "stdev": 39.5372123718
    },
    "pitch_after_max_to_before_max_energy_ratio": 1.10233199596,
    "pitch_centroid": 40.716217041,
    "pitch_max_to_total": 0.185567006469,
    "pitch_min_to_total": 0.206185564399,
    "tristimulus": {
        "mean": [0.496734112501, 0.34854003787, 0.154725834727],
        "stdev": [0.308473795652, 0.249108701944, 0.150673881173]
    }
},
"tonal": {
    "chords_changes_rate": 0.0799999982119,
    "chords_number_rate": 0.119999997318,
    "chords_strength": {
        "mean": 0.373551815748,
        "stdev": 0.0184004623443
    },
    "key_strength": 0.427625864744,
    "tuning_diatonic_strength": 0.419408738613,
    "tuning_equal_tempered_deviation": 0.0914072692394,
    "tuning_frequency": 438.224517822,
    "tuning_nontempered_energy_ratio": 0.665420174599,
    "hpcp": {
        "mean": [0.0221746582538, 0.00416956283152, 0.00144308118615, 0.000618380843662, 0.00772471772507, 0.0421130098403, 0.0432691387832, 0.00910491030663, 0.00436412496492, 0.00949917081743, 0.0104908812791, 0.0115363113582, 0.0108711095527, 0.00805684085935, 0.0645816922188, 0.1144650653, 0.0583967939019, 0.0061285183765, 0.00272760330699, 0.00541166355833, 0.100610807538, 0.165664821863, 0.0706977844238, 0.00772826233879, 0.0139819011092, 0.0437035560608, 0.21552336216, 0.412326425314, 0.246610254049, 0.0343721844256, 0.0411878079176, 0.0285379886627, 0.118732735515, 0.342506557703, 0.29237857461, 0.0798236727715],
        "stdev": [0.0754605680704, 0.0126462662593, 0.00296430336311, 0.000979164964519, 0.0362559109926, 0.19556607306, 0.189040616155, 0.0300201550126, 0.00610368326306, 0.0134656643495, 0.0132042057812, 0.0185038223863, 0.0127103058621, 0.011838292703, 0.166297018528, 0.245274364948, 0.110004499555, 0.0162437278777, 0.00332447630353, 0.00886218156666, 0.217895895243, 0.365010172129, 0.156628578901, 0.0154116209596, 0.0339262336493, 0.18160943687, 0.283655464649, 0.483202517033, 0.317335426807, 0.0997022762895, 0.195736631751, 0.0981470644474, 0.122165754437, 0.395805120468, 0.339702874422, 0.19697894156]
    },
    "chords_histogram": [0, 0, 92, 4, 0, 0, 0, 0, 0, 0, 4, 0, 0, 0, 0, 0, 0, 0, 0, 0, 0, 0, 0, 0],