{
"metadata": {
    "version": {
        "essentia": "2.1-beta5-dev"
    }
},
"lowLevel": {
    "average_loudness": 0.99068403244,
    "barkbands_kurtosis": {
        "mean": 16.9927024841,
        "stdev": 22.5849971771
    },
    "barkbands_skewness": {
        "mean": 2.63778305054,
        "stdev": 1.62607240677
    },
    "barkbands_spread": {
        "mean": 7.51712942123,
        "stdev": 7.74501037598
    },
    "dissonance": {
        "mean": 0.184129193425,
        "stdev": 0.0991577133536
    },
    "hfc": {
        "mean": 83.6389846802,
        "stdev": 70.778793335
    },
    "pitch": {
        "mean": 247.192352295,
        "stdev": 98.6851196289
    },
    "pitch_instantaneous_confidence": {
        "mean": 0.570731461048,
        "stdev": 0.232222706079
    },
    "pitch_salience": {
        "mean": 0.587880134583,
        "stdev": 0.118454918265
    },
    "silence_rate_20dB": {
        "mean": 0.696428596973,
        "stdev": 0.459799617529
    },
    "silence_rate_30dB": {
        "mean": 0.294642865658,
        "stdev": 0.455882161856
    },
    "silence_rate_60dB": {
        "mean": 0.00892857182771,
        "stdev": 0.0940683335066
    },
    "spectral_centroid": {
        "mean": 396.489593506,
        "stdev": 277.593414307
    },
    "spectral_complexity": {
        "mean": 9.41964244843,
        "stdev": 3.24488186836
    },
    "spectral_crest": {
        "mean": 11.399764061,
        "stdev": 4.54397630692
    },
    "spectral_decrease": {
        "mean": -1.12647818185e-07,
        "stdev": 8.26884090088e-08
    },
    "spectral_energy": {
        "mean": 0.220787793398,
        "stdev": 0.16266682744
    },
    "spectral_energyband_high": {
        "mean": 0.000520724919625,
        "stdev": 0.000869030307513
    },
    "spectral_energyband_low": {
        "mean": 0.0370296798646,
        "stdev": 0.0339518897235
    },
    "spectral_energyband_middle_high": {
        "mean": 0.0121226767078,
        "stdev": 0.012280405499
    },
    "spectral_energyband_middle_low": {
        "mean": 0.182362824678,
        "stdev": 0.147776186466
    },
    "spectral_flatness_db": {
        "mean": 0.207146987319,
        "stdev": 0.0571972429752
    },
    "spectral_flux": {
        "mean": 0.11524939537,
        "stdev": 0.0847737938166
    },
    "spectral_kurtosis": {
        "mean": 9.04442405701,
        "stdev": 5.54376029968
    },
    "spectral_rms": {
        "mean": 0.0188467204571,
        "stdev": 0.00867102853954
    },
    "spectral_rolloff": {
        "mean": 547.174072266,
        "stdev": 705.582519531
    },
    "spectral_skewness": {
        "mean": 2.8551337719,
        "stdev": 0.847994446754
    },
    "spectral_spread": {
        "mean": 13740755,
        "stdev": 6548838.5
    },
    "spectral_strongpeak": {
        "mean": 1.61267530918,
        "stdev": 1.26461148262
    },
    "zerocrossingrate": {
        "mean": 0.0292096827179,
        "stdev": 0.0192163642496
    },
    "barkbands": {
        "mean": [0.00156626687385, 0.00836114212871, 0.0159894507378, 0.0215743724257, 0.0420335493982, 0.0691007897258, 0.0258839000016, 0.00567382154986, 0.0176890604198, 0.000548672105651, 0.00272523751482, 0.00160392082762, 0.00491818413138, 0.00194995570928, 0.000104890474176, 0.00031542830402, 0.000124423226225, 1.49154820974e-05, 6.00314888288e-05, 4.84036536363e-05, 8.58377461554e-05, 0.000119290365546, 7.88626348367e-05, 5.06290634803e-05, 6.85347040417e-05, 6.60557489027e-05, 2.99182484014e-05],
        "stdev": [0.00310366111808, 0.0109710581601, 0.0143039291725, 0.0165425073355, 0.0620872117579, 0.0977643802762, 0.0374050550163, 0.0103303855285, 0.0345129147172, 0.000912134477403, 0.00309171830304, 0.00284351967275, 0.00871611665934, 0.00319862156175, 0.000168604921782, 0.000431685388321, 9.71324698185e-05, 1.3938722077e-05, 4.21802542405e-05, 3.52331044269e-05, 0.000115515940706, 0.000195405154955, 8.77438942553e-05, 8.24275339255e-05, 0.000143609169754, 0.000178993650479, 9.63884813245e-05]
    },
    "mfcc": {
        "mean": [-574.876647949, 162.028656006, 36.1835479736, 10.6174917221, -1.25377166271, 16.2567157745, -6.27706098557, -7.4119477272, -9.47164440155, -3.29787492752, -2.94503641129, -1.23264718056, 1.51528143883],
        "stdev": [65.5779953003, 30.8019924164, 14.8172693253, 21.7792358398, 13.3016576767, 9.0390253067, 10.4753637314, 11.8311309814, 10.1383275986, 9.05713272095, 7.74318504333, 10.6720209122, 10.3421421051]
    },
    "sccoeffs": {
        "mean": [-0.61707675457, -0.504373550415, -0.639965415001, -0.654839992523, -0.795803964138, -0.812098681927],
        "stdev": [0.109700277448, 0.21169950068, 0.1503020823, 0.125920921564, 0.0279314462095, 0.0167855862528]
    },
    "scvalleys": {
        "mean": [-3.44335699081, -4.56285238266, -5.68752288818, -6.58695077896, -7.31368207932, -7.87926721573],
        "stdev": [0.793712079525, 0.723868072033, 0.831793725491, 0.534297883511, 0.38900822401, 0.552415072918]
    }
},
"rhythm": {
    "bpm": 172.265625,
    "confidence": 0,
    "first_peak_bpm": {
        "mean": 172,
        "stdev": 0
    },
    "first_peak_spread": {
        "mean": 0,
        "stdev": 0
    },
    "first_peak_weight": {
        "mean": 0.5,
        "stdev": 0
    },
    "onset_rate": 3.90818858147,
    "second_peak_bpm": {
        "mean": 207,
        "stdev": 0
    },
    "second_peak_spread": {
        "mean": 0,
        "stdev": 0
    },
    "second_peak_weight": {
        "mean": 0.5,
        "stdev": 0
    }
},
"sfx": {
    "inharmonicity": {
        "mean": 0.0438032969832,
        "stdev": 0.0559166967869
    },
    "oddtoevenharmonicenergyratio": {
        "mean": 1.44169306755,
        "stdev": 4.31365299225
    },
    "pitch_after_max_to_before_max_energy_ratio": 0.0676729902625,
    "pitch_centroid": 52.0922546387,
    "pitch_max_to_total": 0.991071403027,
    "pitch_min_to_total": 0.714285731316,
    "tristimulus": {
        "mean": [0.368786484003, 0.37919896841, 0.252014487982],
        "stdev": [0.197849243879, 0.146177202463, 0.166120842099]
    }
},
"tonal": {
    "chords_changes_rate": 0.0689655169845,
    "chords_number_rate": 0.0689655169845,
    "chords_strength": {
        "mean": 0.446866959333,
        "stdev": 0.0137770324945
    },
    "key_strength": 0.623079955578,
    "tuning_diatonic_strength": 0.447016000748,
    "tuning_equal_tempered_deviation": 0.0655148476362,
    "tuning_frequency": 439.238189697,
    "tuning_nontempered_energy_ratio": 0.632804453373,
    "hpcp": {
        "mean": [0.214218109846, 0.106570906937, 0.013975459151, 0.0122564146295, 0.00721217319369, 0.00645116902888, 0.0107671376318, 0.0239343401045, 0.105888552964, 0.142230793834, 0.0726343840361, 0.109173119068, 0.157364621758, 0.0815191045403, 0.03607654199, 0.0690849050879, 0.0780036225915, 0.0364417769015, 0.0165611151606, 0.049176260829, 0.227336138487, 0.333781301975, 0.158497229218, 0.0481296740472, 0.048926487565, 0.032176874578, 0.112559020519, 0.189982414246, 0.121507830918, 0.0497264787555, 0.0562134981155, 0.0612061358988, 0.054680518806, 0.0357145145535, 0.0307105146348, 0.135576799512],
        "stdev": [0.341298729181, 0.175760686398, 0.0202123206109, 0.022833570838, 0.0153622925282, 0.0129815042019, 0.0171068925411, 0.0598886236548, 0.261168688536, 0.343530923128, 0.163162782788, 0.196349143982, 0.28540956974, 0.117446288466, 0.0834700316191, 0.192764550447, 0.228350713849, 0.117003776133, 0.0451011583209, 0.160153284669, 0.291107267141, 0.394830852747, 0.175263047218, 0.132426813245, 0.152601122856, 0.0877388194203, 0.208658754826, 0.374117076397, 0.241303816438, 0.18805642426, 0.188768833876, 0.188211604953, 0.183592110872, 0.0923155844212, 0.077606536448, 0.252218663692]
    },
    "chords_histogram": [89.6551742554, 0, 0, 0, 0, 0, 0, 0, 0, 0, 0, 0, 0, 0, 0, 0, 0, 10.344827652, 0, 0, 0, 0, 0, 0],