{
"metadata": {
    "version": {
        "essentia": "2.1-beta5-dev"
    }
},
"lowLevel": {
    "average_loudness": 0.99068403244,
    "barkbands_kurtosis": {
        "mean": 10.1453180313,
        "stdev": 6.82482099533
    },
    "barkbands_skewness": {
        "mean": 2.04198598862,
        "stdev": 0.92165350914
    },
    "barkbands_spread": {
        "mean": 7.29993772507,
        "stdev": 6.08304786682
    },
    "dissonance": {
        "mean": 0.196912199259,
        "stdev": 0.0733549445868
    },
    "hfc": {
        "mean": 56.1334228516,
        "stdev": 50.6188812256
    },
    "pitch": {
        "mean": 277.953399658,
        "stdev": 115.456459045
    },
    "pitch_instantaneous_confidence": {
        "mean": 0.466577321291,
        "stdev": 0.139156699181
    },
    "pitch_salience": {
        "mean": 0.542164921761,
        "stdev": 0.102648302913
    },
    "silence_rate_20dB": {
        "mean": 0.740384638309,
        "stdev": 0.438423454762
    },
    "silence_rate_30dB": {
        "mean": 0.317307680845,
        "stdev": 0.465428292751
    },
    "silence_rate_60dB": {
        "mean": 0,
        "stdev": 0
    },
    "spectral_centroid": {
        "mean": 319.75881958,
        "stdev": 193.810882568
    },
    "spectral_complexity": {
        "mean": 8.80769252777,
        "stdev": 2.63145589828
    },
    "spectral_crest": {
        "mean": 11.158823967,
        "stdev": 2.51861357689
    },
    "spectral_decrease": {
        "mean": -1.0961309016e-07,
        "stdev": 8.86068818318e-08
    },
    "spectral_energy": {
        "mean": 0.212549433112,
        "stdev": 0.171882256866
    },
    "spectral_energyband_high": {
        "mean": 0.000513105769642,
        "stdev": 0.000885010405909
    },
    "spectral_energyband_low": {
        "mean": 0.108041055501,
        "stdev": 0.0831765159965
    },
    "spectral_energyband_middle_high": {
        "mean": 0.00252316845581,
        "stdev": 0.00325425411575
    },
    "spectral_energyband_middle_low": {
        "mean": 0.118257448077,
        "stdev": 0.12032097578
    },
    "spectral_flatness_db": {
        "mean": 0.224154651165,
        "stdev": 0.0542789176106
    },
    "spectral_flux": {
        "mean": 0.127185508609,
        "stdev": 0.0762171894312
    },
    "spectral_kurtosis": {
        "mean": 10.7490282059,
        "stdev": 8.68651294708
    },
    "spectral_rms": {
        "mean": 0.0184748247266,
        "stdev": 0.00854442920536
    },
    "spectral_rolloff": {
        "mean": 451.36907959,
        "stdev": 102.746955872
    },
    "spectral_skewness": {
        "mean": 2.99546027184,
        "stdev": 1.19134926796
    },
    "spectral_spread": {
        "mean": 14075520,
        "stdev": 7997787.5
    },
    "spectral_strongpeak": {
        "mean": 1.11543560028,
        "stdev": 1.09334087372
    },
    "zerocrossingrate": {
        "mean": 0.0244610123336,
        "stdev": 0.0175234619528
    },
    "barkbands": {
        "mean": [0.00348792551085, 0.027778448537, 0.0600170530379, 0.0237782876939, 0.0248169768602, 0.00282187364064, 0.0553281567991, 0.00223119836301, 0.0092061124742, 0.000140418254887, 0.000181736162631, 0.000435267051216, 0.00105765694752, 0.000409980653785, 5.0642334827e-05, 8.03463190095e-05, 0.000103504862636, 1.10837736429e-05, 7.13397676009e-05, 4.48850696557e-05, 0.000117087307444, 9.71980916802e-05, 6.39946447336e-05, 4.1467617848e-05, 6.07572183071e-05, 7.36640940886e-05, 3.88715379813e-05],
        "stdev": [0.0058892047964, 0.0250652469695, 0.0476416312158, 0.0200183670968, 0.0363462716341, 0.00403139926493, 0.0565423481166, 0.00264006643556, 0.0131108704954, 0.000137165436172, 0.00026595700183, 0.000639064237475, 0.00169206992723, 0.000681552453898, 7.49994578655e-05, 8.23580048745e-05, 0.00010476517491, 1.32696959554e-05, 7.15274654794e-05, 3.52175848093e-05, 0.000156166715897, 0.000137268012622, 7.98312394181e-05, 6.36280456092e-05, 0.000146334961755, 0.000204206313356, 0.000141787764733]
    },
    "mfcc": {
        "mean": [-588.976135254, 163.317901611, 54.7202110291, 30.6379013062, -5.60185480118, 5.34703302383, -11.0578680038, -7.62899541855, -2.81924915314, 8.99781513214, 14.7859258652, 16.9657917023, 6.91429376602],
        "stdev": [35.4635772705, 39.0640258789, 11.29484272, 16.8749065399, 9.11125564575, 12.5721797943, 9.95283222198, 7.81515455246, 7.43858480453, 6.63769197464, 6.64446401596, 8.46174049377, 6.01045942307]
    },
    "sccoeffs": {
        "mean": [-0.570890963078, -0.582192003727, -0.692227065563, -0.724391818047, -0.79802697897, -0.810338437557],
        "stdev": [0.12482663244, 0.103414617479, 0.0661264583468, 0.0761570855975, 0.0285738464445, 0.0189236085862]
    },
    "scvalleys": {
        "mean": [-3.28420209885, -4.02445173264, -5.87228679657, -6.79496526718, -7.36549806595, -7.94949626923],
        "stdev": [0.761418402195, 0.558758318424, 0.672047436237, 0.431141972542, 0.307782441378, 0.473594099283]
    }
},
"rhythm": {
    "bpm": 191.40625,
    "confidence": 0,
    "first_peak_bpm": {
        "mean": 191,
        "stdev": 0
    },
    "first_peak_spread": {
        "mean": 0,
        "stdev": 0
    },
    "first_peak_weight": {
        "mean": 0.5,
        "stdev": 0
    },
    "onset_rate": 4.18994426727,
    "second_peak_bpm": {
        "mean": 199,
        "stdev": 0
    },
    "second_peak_spread": {
        "mean": 0,
        "stdev": 0
    },
    "second_peak_weight": {
        "mean": 0.5,
        "stdev": 0
    }
},
"sfx": {
    "inharmonicity": {
        "mean": 0.0404039882123,
        "stdev": 0.0444535762072
    },
    "oddtoevenharmonicenergyratio": {
        "mean": 32.8306846619,
        "stdev": 160.409164429
    },
    "pitch_after_max_to_before_max_energy_ratio": 0.040678922087,
    "pitch_centroid": 57.6935195923,
    "pitch_max_to_total": 0.990384638309,
    "pitch_min_to_total": 0.0288461539894,
    "tristimulus": {
        "mean": [0.392072528601, 0.444866150618, 0.163061231375],
        "stdev": [0.279178649187, 0.254691213369, 0.10056643188]
    }
},
"tonal": {
    "chords_changes_rate": 0,
    "chords_number_rate": 0.037037037313,
    "chords_strength": {
        "mean": 0.498452603817,
        "stdev": 0.00411872612312
    },
    "key_strength": 0.770235478878,
    "tuning_diatonic_strength": 0.530907511711,
    "tuning_equal_tempered_deviation": 0.0333710946143,
    "tuning_frequency": 440,
    "tuning_nontempered_energy_ratio": 0.587350606918,
    "hpcp": {
        "mean": [0.610494732857, 0.31210154295, 0.0137184299529, 0.0120621547103, 0.00452207354829, 0.0055043566972, 0.00737208640203, 0.00694326451048, 0.016165971756, 0.0185521263629, 0.00894272327423, 0.00838431250304, 0.0166582129896, 0.0442279651761, 0.112619586289, 0.14880721271, 0.0757736042142, 0.0276674516499, 0.0279379710555, 0.0166593119502, 0.137770697474, 0.256227970123, 0.186665609479, 0.213343843818, 0.242274746299, 0.0912826880813, 0.00774344615638, 0.00523718353361, 0.00881727505475, 0.0150296278298, 0.0162726528943, 0.0465875603259, 0.0472760051489, 0.0122761195526, 0.0205003749579, 0.320631593466],
        "stdev": [0.370387971401, 0.191357269883, 0.0524051077664, 0.053809478879, 0.012733368203, 0.0150145022199, 0.0233888570219, 0.0134906582534, 0.0398892238736, 0.0403526648879, 0.0156579110771, 0.0142403133214, 0.044215593487, 0.187822252512, 0.215658068657, 0.27962949872, 0.15093319118, 0.11157091707, 0.119696766138, 0.0313491225243, 0.210904836655, 0.350670307875, 0.236886382103, 0.337399542332, 0.38693189621, 0.180766895413, 0.0187352243811, 0.0116879949346, 0.0247910227627, 0.0368097163737, 0.0419032201171, 0.192326247692, 0.19060061872, 0.0409499853849, 0.0540189892054, 0.197651877999]
    },
    "chords_histogram": [0, 0, 0, 0, 0, 0, 0, 0, 0, 100, 0, 0, 0, 0, 0, 0, 0, 0, 0, 0, 0, 0, 0, 0],