{
"metadata": {
    "version": {
        "essentia": "2.1-beta5-dev"
    }
},
"lowLevel": {
    "average_loudness": 0.987837612629,
    "barkbands_kurtosis": {
        "mean": 24.2503223419,
        "stdev": 20.7640171051
    },
    "barkbands_skewness": {
        "mean": 3.21036696434,
        "stdev": 1.63693630695
    },
    "barkbands_spread": {
        "mean": 6.15969324112,
        "stdev": 5.9263086319
    },
    "dissonance": {
        "mean": 0.221055209637,
        "stdev": 0.0815598517656
    },
    "hfc": {
        "mean": 55.0531845093,
        "stdev": 57.7566795349
    },
    "pitch": {
        "mean": 234.113769531,
        "stdev": 362.730712891
    },
    "pitch_instantaneous_confidence": {
        "mean": 0.422631621361,
        "stdev": 0.238676145673
    },
    "pitch_salience": {
        "mean": 0.592080652714,
        "stdev": 0.0974240079522
    },
    "silence_rate_20dB": {
        "mean": 0.783653855324,
        "stdev": 0.41175314784
    },
    "silence_rate_30dB": {
        "mean": 0.461538463831,
        "stdev": 0.498518258333
    },
    "silence_rate_60dB": {
        "mean": 0.00480769248679,
        "stdev": 0.0691706463695
    },
    "spectral_centroid": {
        "mean": 294.635803223,
        "stdev": 186.197799683
    },
    "spectral_complexity": {
        "mean": 9.29807662964,
        "stdev": 3.27836704254
    },
    "spectral_crest": {
        "mean": 11.4282236099,
        "stdev": 3.46090364456
    },
    "spectral_decrease": {
        "mean": -1.01567543709e-07,
        "stdev": 8.94064768886e-08
    },
    "spectral_energy": {
        "mean": 0.197223976254,
        "stdev": 0.174039840698
    },
    "spectral_energyband_high": {
        "mean": 0.000445862970082,
        "stdev": 0.000754851382226
    },
    "spectral_energyband_low": {
        "mean": 0.0609677284956,
        "stdev": 0.0684770047665
    },
    "spectral_energyband_middle_high": {
        "mean": 0.00465553533286,
        "stdev": 0.00818429514766
    },
    "spectral_energyband_middle_low": {
        "mean": 0.147050842643,
        "stdev": 0.158229127526
    },
    "spectral_flatness_db": {
        "mean": 0.218475997448,
        "stdev": 0.059298504144
    },
    "spectral_flux": {
        "mean": 0.133076176047,
        "stdev": 0.0880015492439
    },
    "spectral_kurtosis": {
        "mean": 9.17919063568,
        "stdev": 6.13457775116
    },
    "spectral_rms": {
        "mean": 0.017703987658,
        "stdev": 0.00842739176005
    },
    "spectral_rolloff": {
        "mean": 375.174743652,
        "stdev": 256.157562256
    },
    "spectral_skewness": {
        "mean": 2.86598587036,
        "stdev": 0.881811141968
    },
    "spectral_spread": {
        "mean": 13884250,
        "stdev": 7048075
    },
    "spectral_strongpeak": {
        "mean": 1.03195261955,
        "stdev": 1.01309335232
    },
    "zerocrossingrate": {
        "mean": 0.022916354239,
        "stdev": 0.0165395513177
    },
    "barkbands": {
        "mean": [0.00153432844672, 0.0120749678463, 0.0317336730659, 0.0252853631973, 0.0751391798258, 0.0189052112401, 0.0132527798414, 0.0106041291729, 0.00308150472119, 0.000843057525344, 0.000242689377046, 0.000537321669981, 0.00258076237515, 0.000546165509149, 4.03772646678e-05, 0.000168837359524, 8.70603180374e-05, 2.13534385693e-05, 6.61856756778e-05, 6.33373274468e-05, 8.20337372716e-05, 8.92721654964e-05, 7.18796800356e-05, 3.70633642888e-05, 5.0999897212e-05, 5.15562132932e-05, 3.0194683859e-05],
        "stdev": [0.00232450733893, 0.0127952164039, 0.0354932509363, 0.0313815996051, 0.102062933147, 0.0285329595208, 0.0296002663672, 0.0185392592102, 0.00792536139488, 0.00116518314462, 0.000357140117558, 0.00122150732204, 0.00526028266177, 0.00132091052365, 5.93481599935e-05, 0.000339920836268, 0.000100351469882, 3.61908168998e-05, 6.16505494691e-05, 8.55780817801e-05, 0.000150518550072, 0.000135765891173, 8.34312959341e-05, 5.91313255427e-05, 0.000106909530587, 0.00013682791905, 0.000118188821943]
    },
    "mfcc": {
        "mean": [-590.593688965, 160.226318359, 47.9056129456, 26.489818573, 0.522873938084, 13.0231084824, -5.05398035049, -5.95674562454, -8.43850040436, 2.04362988472, 3.2368016243, 5.34986543655, 3.23126220703],
        "stdev": [53.6522827148, 30.5262241364, 16.990978241, 16.4686737061, 9.96180438995, 9.27558326721, 9.42018127441, 12.5257129669, 10.5477333069, 9.78063583374, 8.15573883057, 7.22691917419, 6.94848871231]
    },
    "sccoeffs": {
        "mean": [-0.559764027596, -0.646674215794, -0.722995698452, -0.707391321659, -0.804156720638, -0.816231429577],
        "stdev": [0.13991035521, 0.151902526617, 0.069584287703, 0.0828267037868, 0.0259668361396, 0.0195735897869]
    },
    "scvalleys": {
        "mean": [-3.25597143173, -4.30503225327, -5.83601379395, -6.66265535355, -7.32255554199, -7.97117853165],
        "stdev": [0.707522809505, 0.72202026844, 0.649184584618, 0.599736750126, 0.491063952446, 0.559842407703]
    }
},
"rhythm": {
    "bpm": 100.35836792,
    "confidence": 0,
    "first_peak_bpm": {
        "mean": 99,
        "stdev": 0
    },
    "first_peak_spread": {
        "mean": 0.5,
        "stdev": 0
    },
    "first_peak_weight": {
        "mean": 0.5,
        "stdev": 0
    },
    "onset_rate": 4.59853982925,
    "second_peak_bpm": {
        "mean": 0,
        "stdev": 0
    },
    "second_peak_spread": {
        "mean": 0,
        "stdev": 0
    },
    "second_peak_weight": {
        "mean": 0,
        "stdev": 0
    }
},
"sfx": {
    "inharmonicity": {
        "mean": 0.0410047955811,
        "stdev": 0.0792916789651
    },
    "oddtoevenharmonicenergyratio": {
        "mean": 8.84856891632,
        "stdev": 64.694984436
    },
    "pitch_after_max_to_before_max_energy_ratio": 0.735073626041,
    "pitch_centroid": 116.702812195,
    "pitch_max_to_total": 0.918269217014,
    "pitch_min_to_total": 0.432692319155,
    "tristimulus": {
        "mean": [0.403619140387, 0.360130429268, 0.231442838907],
        "stdev": [0.294147998095, 0.199157595634, 0.15940618515]
    }
},
"tonal": {
    "chords_changes_rate": 0.0188679248095,
    "chords_number_rate": 0.0377358496189,
    "chords_strength": {
        "mean": 0.525794506073,
        "stdev": 0.0252300780267
    },
    "key_strength": 0.789626955986,
    "tuning_diatonic_strength": 0.520673513412,
    "tuning_equal_tempered_deviation": 0.0778632164001,
    "tuning_frequency": 438.731048584,
    "tuning_nontempered_energy_ratio": 0.629807591438,
    "hpcp": {
        "mean": [0.145229637623, 0.107669599354, 0.0464999973774, 0.0315738283098, 0.0203994978219, 0.032506685704, 0.0383693091571, 0.0245804451406, 0.18820720911, 0.374718397856, 0.205458551645, 0.0215318538249, 0.0238198339939, 0.0170338563621, 0.0277190208435, 0.0728745162487, 0.106284461915, 0.131889760494, 0.116769090295, 0.0630432292819, 0.0847629234195, 0.143305465579, 0.134967580438, 0.204723447561, 0.235817998648, 0.0960475802422, 0.0175946392119, 0.0248478502035, 0.0391548499465, 0.0888355970383, 0.137257233262, 0.0804579928517, 0.0471790917218, 0.0787337422371, 0.0495906099677, 0.0707077234983],
        "stdev": [0.26714643836, 0.211496427655, 0.167410641909, 0.139688462019, 0.0819965079427, 0.139507398009, 0.150282815099, 0.0676445364952, 0.206793412566, 0.418153345585, 0.229911342263, 0.0822591260076, 0.135890424252, 0.0802198275924, 0.0915315672755, 0.202493831515, 0.25689509511, 0.293166548014, 0.290885835886, 0.165972262621, 0.158559918404, 0.26367726922, 0.235859394073, 0.311837613583, 0.380057513714, 0.172212421894, 0.0411133691669, 0.0592937879264, 0.106991887093, 0.166638895869, 0.235013127327, 0.145317181945, 0.157188236713, 0.263346195221, 0.169961810112, 0.134248524904]
    },
    "chords_histogram": [0, 18.8679237366, 81.1320724487, 0, 0, 0, 0, 0, 0, 0, 0, 0, 0, 0, 0, 0, 0, 0, 0, 0, 0, 0, 0, 0],