{
"metadata": {
    "version": {
        "essentia": "2.1-beta5-dev"
    }
},
"lowLevel": {
    "average_loudness": 0.99068403244,
    "barkbands_kurtosis": {
        "mean": 15.3599500656,
        "stdev": 15.9352254868
    },
    "barkbands_skewness": {
        "mean": 2.68490958214,
        "stdev": 1.37245583534
    },
    "barkbands_spread": {
        "mean": 5.91120243073,
        "stdev": 2.83840918541
    },
    "dissonance": {
        "mean": 0.207229107618,
        "stdev": 0.0774962753057
    },
    "hfc": {
        "mean": 68.1168823242,
        "stdev": 44.2539749146
    },
    "pitch": {
        "mean": 227.438247681,
        "stdev": 90.3520050049
    },
    "pitch_instantaneous_confidence": {
        "mean": 0.417935371399,
        "stdev": 0.227853894234
    },
    "pitch_salience": {
        "mean": 0.596032440662,
        "stdev": 0.0811127200723
    },
    "silence_rate_20dB": {
        "mean": 0.804123699665,
        "stdev": 0.396873533726
    },
    "silence_rate_30dB": {
        "mean": 0.0824742242694,
        "stdev": 0.275085985661
    },
    "silence_rate_60dB": {
        "mean": 0,
        "stdev": 0
    },
    "spectral_centroid": {
        "mean": 291.080413818,
        "stdev": 103.745765686
    },
    "spectral_complexity": {
        "mean": 11.7731962204,
        "stdev": 3.14103317261
    },
    "spectral_crest": {
        "mean": 10.1929588318,
        "stdev": 2.30928373337
    },
    "spectral_decrease": {
        "mean": -1.20658214087e-07,
        "stdev": 6.54376037801e-08
    },
    "spectral_energy": {
        "mean": 0.234540745616,
        "stdev": 0.127438366413
    },
    "spectral_energyband_high": {
        "mean": 0.00060783297522,
        "stdev": 0.00084517034702
    },
    "spectral_energyband_low": {
        "mean": 0.0921925678849,
        "stdev": 0.0541932284832
    },
    "spectral_energyband_middle_high": {
        "mean": 0.00659601110965,
        "stdev": 0.00606822269037
    },
    "spectral_energyband_middle_low": {
        "mean": 0.159367978573,
        "stdev": 0.111883431673
    },
    "spectral_flatness_db": {
        "mean": 0.208371251822,
        "stdev": 0.0318170562387
    },
    "spectral_flux": {
        "mean": 0.170968100429,
        "stdev": 0.0818115323782
    },
    "spectral_kurtosis": {
        "mean": 10.1651382446,
        "stdev": 5.77270269394
    },
    "spectral_rms": {
        "mean": 0.0205489564687,
        "stdev": 0.0059105544351
    },
    "spectral_rolloff": {
        "mean": 424.892272949,
        "stdev": 153.061676025
    },
    "spectral_skewness": {
        "mean": 3.02399110794,
        "stdev": 0.803362548351
    },
    "spectral_spread": {
        "mean": 12833317,
        "stdev": 6347160
    },
    "spectral_strongpeak": {
        "mean": 1.0243639946,
        "stdev": 0.689538002014
    },
    "zerocrossingrate": {
        "mean": 0.0222495160997,
        "stdev": 0.0107382768765
    },
    "barkbands": {
        "mean": [0.001830664929, 0.0151584576815, 0.0510249696672, 0.0392921604216, 0.0563935637474, 0.014595198445, 0.0302586704493, 0.00619476987049, 0.0124240992591, 0.000319642858813, 0.00103919568937, 0.00121139839757, 0.00217904127203, 0.00125016912352, 0.000240166773438, 0.000203323594178, 0.000156601614435, 1.84917207662e-05, 9.5421099104e-05, 7.03622717992e-05, 0.000147839396959, 0.000122441051644, 8.31730503705e-05, 4.62538846477e-05, 6.72365349601e-05, 8.09406410553e-05, 3.33308416884e-05],
        "stdev": [0.00319786719047, 0.0156584121287, 0.0288358330727, 0.0287601165473, 0.0655770227313, 0.0184541493654, 0.0360368341208, 0.00665624020621, 0.0119407558814, 0.000297868653433, 0.00119071081281, 0.00221612304449, 0.00294987740926, 0.00118617794942, 0.000352928822394, 0.000217576205614, 0.00010195960931, 1.86077741091e-05, 7.50326580601e-05, 5.1096543757e-05, 0.00015587634698, 0.000132263827254, 0.000102614299976, 6.71454326948e-05, 0.000128832354676, 0.000205890755751, 0.000100922334241]
    },
    "mfcc": {
        "mean": [-555.264526367, 170.068435669, 40.1240463257, 20.3250045776, -2.90944123268, 15.5627918243, -5.63574171066, -7.94801807404, -4.2621088028, 3.13815832138, 4.73121738434, 3.08407878876, 0.221182003617],
        "stdev": [33.6366424561, 27.1053714752, 13.2601509094, 14.135807991, 8.11194419861, 8.25502109528, 11.0764865875, 11.8245096207, 9.40073299408, 7.34802103043, 6.99997234344, 8.56731319427, 8.91555500031]
    },
    "sccoeffs": {
        "mean": [-0.561512827873, -0.605706095695, -0.644244074821, -0.688269078732, -0.790982604027, -0.804016053677],
        "stdev": [0.0862844735384, 0.145411550999, 0.0949794128537, 0.0794917047024, 0.0252778716385, 0.018117101863]
    },
    "scvalleys": {
        "mean": [-2.95277452469, -3.99417710304, -5.47255563736, -6.1982665062, -7.10428476334, -7.79336452484],
        "stdev": [0.5083335042, 0.636160671711, 0.596211731434, 0.521459877491, 0.27300581336, 0.440656155348]
    }
},
"rhythm": {
    "bpm": 198.76802063,
    "confidence": 0,
    "first_peak_bpm": {
        "mean": 199,
        "stdev": 0
    },
    "first_peak_spread": {
        "mean": 0,
        "stdev": 0
    },
    "first_peak_weight": {
        "mean": 1,
        "stdev": 0
    },
    "onset_rate": 5.39449548721,
    "second_peak_bpm": {
        "mean": 0,
        "stdev": 0
    },
    "second_peak_spread": {
        "mean": 0,
        "stdev": 0
    },
    "second_peak_weight": {
        "mean": 0,
        "stdev": 0
    }
},
"sfx": {
    "inharmonicity": {
        "mean": 0.0434968583286,
        "stdev": 0.0412822328508
    },
    "oddtoevenharmonicenergyratio": {
        "mean": 1.89348173141,
        "stdev": 7.94478940964
    },
    "pitch_after_max_to_before_max_energy_ratio": 0.337623000145,
    "pitch_centroid": 47.0590553284,
    "pitch_max_to_total": 0.701030910015,
    "pitch_min_to_total": 0.89690721035,
    "tristimulus": {
        "mean": [0.382435470819, 0.420097440481, 0.197467207909],
        "stdev": [0.219673037529, 0.182383328676, 0.12410698086]
    }
},
"tonal": {
    "chords_changes_rate": 0,
    "chords_number_rate": 0.0399999991059,
    "chords_strength": {
        "mean": 0.31367957592,
        "stdev": 0.0229688156396
    },
    "key_strength": 0.665605545044,
    "tuning_diatonic_strength": 0.272159963846,
    "tuning_equal_tempered_deviation": 0.0731645002961,
    "tuning_frequency": 438.984558105,
    "tuning_nontempered_energy_ratio": 0.616686344147,
    "hpcp": {
        "mean": [0.159312441945, 0.0957424864173, 0.0619202703238, 0.131023049355, 0.0988690406084, 0.0863936319947, 0.161937057972, 0.100737854838, 0.00977166928351, 0.0051700794138, 0.00408254936337, 0.00516768358648, 0.00906480941921, 0.0248182788491, 0.0955676361918, 0.172145009041, 0.105570048094, 0.0135354828089, 0.00616291025653, 0.015310219489, 0.119768798351, 0.164722457528, 0.0696112960577, 0.0516161099076, 0.089748069644, 0.0782663449645, 0.16123342514, 0.282839804888, 0.201826095581, 0.27451890707, 0.37452018261, 0.183228746057, 0.0475491769612, 0.022181423381, 0.00918364152312, 0.0782815441489],
        "stdev": [0.276394456625, 0.154159516096, 0.153153255582, 0.312386631966, 0.264152288437, 0.120054081082, 0.266367584467, 0.164272040129, 0.02673525922, 0.0120677817613, 0.00773163512349, 0.0137714659795, 0.0230304319412, 0.0856442898512, 0.2215449512, 0.331985801458, 0.225958019495, 0.0275640804321, 0.0136674437672, 0.0292226262391, 0.236929416656, 0.285662412643, 0.0796801671386, 0.0545226372778, 0.091294683516, 0.101851060987, 0.281508237123, 0.355965912342, 0.253475040197, 0.333634346724, 0.451267898083, 0.221256867051, 0.135656550527, 0.0535163730383, 0.0170085970312, 0.138200670481]
    },
    "chords_histogram": [0, 0, 0, 0, 0, 0, 0, 0, 0, 0, 0, 0, 0, 0, 0, 0, 0, 0, 0, 0, 0, 0, 0, 100],