{
"metadata": {
    "version": {
        "essentia": "2.1-beta5-dev"
    }
},
"lowLevel": {
    "average_loudness": 0.99068403244,
    "barkbands_kurtosis": {
        "mean": 48.2909927368,
        "stdev": 26.4695415497
    },
    "barkbands_skewness": {
        "mean": 4.657787323,
        "stdev": 1.51863217354
    },
    "barkbands_spread": {
        "mean": 2.91333174706,
        "stdev": 1.50415825844
    },
    "dissonance": {
        "mean": 0.232548996806,
        "stdev": 0.0483100190759
    },
    "hfc": {
        "mean": 58.9430809021,
        "stdev": 22.8460216522
    },
    "pitch": {
        "mean": 170.812423706,
        "stdev": 42.9035644531
    },
    "pitch_instantaneous_confidence": {
        "mean": 0.368407279253,
        "stdev": 0.130099222064
    },
    "pitch_salience": {
        "mean": 0.61591053009,
        "stdev": 0.0844944790006
    },
    "silence_rate_20dB": {
        "mean": 0.330097079277,
        "stdev": 0.470247924328
    },
    "silence_rate_30dB": {
        "mean": 0.0097087379545,
        "stdev": 0.0980533286929
    },
    "silence_rate_60dB": {
        "mean": 0,
        "stdev": 0
    },
    "spectral_centroid": {
        "mean": 169.946411133,
        "stdev": 48.3427467346
    },
    "spectral_complexity": {
        "mean": 10.3300971985,
        "stdev": 2.58970451355
    },
    "spectral_crest": {
        "mean": 10.6099967957,
        "stdev": 2.25620365143
    },
    "spectral_decrease": {
        "mean": -1.93532684989e-07,
        "stdev": 9.3871641127e-08
    },
    "spectral_energy": {
        "mean": 0.371633797884,
        "stdev": 0.179219648242
    },
    "spectral_energyband_high": {
        "mean": 0.000692803179845,
        "stdev": 0.000664225080982
    },
    "spectral_energyband_low": {
        "mean": 0.224431663752,
        "stdev": 0.184445083141
    },
    "spectral_energyband_middle_high": {
        "mean": 0.00300076045096,
        "stdev": 0.00269004050642
    },
    "spectral_energyband_middle_low": {
        "mean": 0.189662143588,
        "stdev": 0.0832940861583
    },
    "spectral_flatness_db": {
        "mean": 0.25229203701,
        "stdev": 0.0359720215201
    },
    "spectral_flux": {
        "mean": 0.220261976123,
        "stdev": 0.0963479056954
    },
    "spectral_kurtosis": {
        "mean": 8.35052108765,
        "stdev": 3.2159819603
    },
    "spectral_rms": {
        "mean": 0.0262004099786,
        "stdev": 0.00616203667596
    },
    "spectral_rolloff": {
        "mean": 214.913909912,
        "stdev": 63.3670463562
    },
    "spectral_skewness": {
        "mean": 2.85032987595,
        "stdev": 0.498996824026
    },
    "spectral_spread": {
        "mean": 13436810,
        "stdev": 4298698.5
    },
    "spectral_strongpeak": {
        "mean": 0.932589352131,
        "stdev": 0.586810648441
    },
    "zerocrossingrate": {
        "mean": 0.0154448570684,
        "stdev": 0.00695576891303
    },
    "barkbands": {
        "mean": [0.0081592425704, 0.0558971725404, 0.114474833012, 0.110439047217, 0.0640887469053, 0.00586774293333, 0.00554560637102, 0.00239862827584, 0.000626025197562, 0.000815182051156, 0.00106046535075, 0.000548572279513, 0.000243301838054, 0.000376583135221, 9.18154109968e-05, 5.88214170421e-05, 8.03173825261e-05, 1.46964548549e-05, 0.000105383762275, 8.9525092335e-05, 0.000146764039528, 0.000168935090187, 0.000118789939734, 5.98177721258e-05, 6.42515442451e-05, 6.35235264781e-05, 2.77824965451e-05],
        "stdev": [0.0157711785287, 0.0595340020955, 0.0977454185486, 0.0590351447463, 0.0329569913447, 0.00847054366022, 0.00814893003553, 0.00266790017486, 0.000588817580137, 0.00045493314974, 0.00129401101731, 0.00077118066838, 0.00019985086692, 0.000581022526603, 0.000122480327263, 4.73365653306e-05, 5.77736173e-05, 1.14354743346e-05, 6.43597813905e-05, 4.50992847618e-05, 0.000139426498208, 0.000163188014994, 9.93102657958e-05, 6.66191554046e-05, 8.82230960997e-05, 0.000115404414828, 6.80518933223e-05]
    },
    "mfcc": {
        "mean": [-566.92175293, 156.358535767, 64.1963195801, 39.880657196, 1.07624566555, 23.82604599, 10.8764505386, 7.10409212112, -3.61078000069, 1.79512810707, -3.16246938705, -3.79052233696, -1.05346310139],
        "stdev": [25.3502082825, 18.0033626556, 11.91472435, 13.9895849228, 8.36377239227, 8.18347930908, 8.05676078796, 8.38702774048, 8.51781749725, 6.83168792725, 5.87068510056, 6.78122282028, 5.82464885712]
    },
    "sccoeffs": {
        "mean": [-0.495427340269, -0.749915421009, -0.741317868233, -0.746286511421, -0.799585223198, -0.800319314003],
        "stdev": [0.106170855463, 0.0691438913345, 0.042029928416, 0.0450148805976, 0.0231728516519, 0.0150709627196]
    },
    "scvalleys": {
        "mean": [-2.48557496071, -4.16556310654, -5.42488288879, -6.66283607483, -7.09565162659, -7.65476560593],
        "stdev": [0.375231325626, 0.42110028863, 0.533270299435, 0.48604798317, 0.230574414134, 0.36379006505]
    }
},
"rhythm": {
    "bpm": 198.768035889,
    "confidence": 0,
    "first_peak_bpm": {
        "mean": 199,
        "stdev": 0
    },
    "first_peak_spread": {
        "mean": 0,
        "stdev": 0
    },
    "first_peak_weight": {
        "mean": 1,
        "stdev": 0
    },
    "onset_rate": 3.3829395771,
    "second_peak_bpm": {
        "mean": 0,
        "stdev": 0
    },
    "second_peak_spread": {
        "mean": 0,
        "stdev": 0
    },
    "second_peak_weight": {
        "mean": 0,
        "stdev": 0
    }
},
"sfx": {
    "inharmonicity": {
        "mean": 0.0257903877646,
        "stdev": 0.0360276997089
    },
    "oddtoevenharmonicenergyratio": {
        "mean": 12.9118013382,
        "stdev": 98.5429153442
    },
    "pitch_after_max_to_before_max_energy_ratio": 17.1868171692,
    "pitch_centroid": 49.3814506531,
    "pitch_max_to_total": 0.077669903636,
    "pitch_min_to_total": 0.0097087379545,
    "tristimulus": {
        "mean": [0.561039328575, 0.252428859472, 0.186531603336],
        "stdev": [0.266602545977, 0.200478225946, 0.184649944305]
    }
},
"tonal": {
    "chords_changes_rate": 0,
    "chords_number_rate": 0.037037037313,
    "chords_strength": {
        "mean": 0.478419303894,
        "stdev": 0.00945688039064
    },
    "key_strength": 0.614068865776,
    "tuning_diatonic_strength": 0.543265163898,
    "tuning_equal_tempered_deviation": 0.0654323399067,
    "tuning_frequency": 438.477722168,
    "tuning_nontempered_energy_ratio": 0.625299692154,
    "hpcp": {
        "mean": [0.0020502882544, 0.00368037703447, 0.00437211431563, 0.0035622511059, 0.0027259318158, 0.00671892426908, 0.0125536937267, 0.0369802750647, 0.137253403664, 0.179793268442, 0.0786069855094, 0.00821952614933, 0.017907217145, 0.0393609777093, 0.031128577888, 0.0183051060885, 0.0380928292871, 0.0679521039128, 0.0512292310596, 0.0357051789761, 0.123694524169, 0.201622307301, 0.114498309791, 0.131603896618, 0.192706048489, 0.113319166005, 0.160807713866, 0.226045310497, 0.136675044894, 0.344694823027, 0.595762252808, 0.283222168684, 0.00208301981911, 0.00282932654954, 0.00373562425375, 0.00226798909716],
        "stdev": [0.00337732257321, 0.00566281145439, 0.00640392489731, 0.00871722679585, 0.00654722284526, 0.0075278384611, 0.0144453439862, 0.0847901701927, 0.253840655088, 0.310323685408, 0.148497387767, 0.0126491356641, 0.071509949863, 0.188431099057, 0.12024550885, 0.0338011719286, 0.129095807672, 0.235045820475, 0.197760611773, 0.0943878665566, 0.228388354182, 0.359976053238, 0.229433462024, 0.24769590795, 0.380067586899, 0.16912676394, 0.295548021793, 0.386973261833, 0.279434889555, 0.204765796661, 0.398141175508, 0.193832978606, 0.00338829122484, 0.0077430261299, 0.0127991177142, 0.00666245771572]
    },
    "chords_histogram": [0, 0, 100, 0, 0, 0, 0, 0, 0, 0, 0, 0, 0, 0, 0, 0, 0, 0, 0, 0, 0, 0, 0, 0],