{
"metadata": {
    "version": {
        "essentia": "2.1-beta5-dev"
    }
},
"lowLevel": {
    "average_loudness": 0.99068403244,
    "barkbands_kurtosis": {
        "mean": 27.5302085876,
        "stdev": 22.8103752136
    },
    "barkbands_skewness": {
        "mean": 3.57200598717,
        "stdev": 1.80423986912
    },
    "barkbands_spread": {
        "mean": 6.76714468002,
        "stdev": 6.09863805771
    },
    "dissonance": {
        "mean": 0.251514136791,
        "stdev": 0.0770537853241
    },
    "hfc": {
        "mean": 49.7329292297,
        "stdev": 43.5232620239
    },
    "pitch": {
        "mean": 203.996795654,
        "stdev": 82.2264556885
    },
    "pitch_instantaneous_confidence": {
        "mean": 0.364041954279,
        "stdev": 0.158718854189
    },
    "pitch_salience": {
        "mean": 0.606327235699,
        "stdev": 0.0967970639467
    },
    "silence_rate_20dB": {
        "mean": 0.8125,
        "stdev": 0.390312373638
    },
    "silence_rate_30dB": {
        "mean": 0.232142850757,
        "stdev": 0.422199636698
    },
    "silence_rate_60dB": {
        "mean": 0.00892857182771,
        "stdev": 0.0940683335066
    },
    "spectral_centroid": {
        "mean": 271.0859375,
        "stdev": 271.574584961
    },
    "spectral_complexity": {
        "mean": 10.241071701,
        "stdev": 4.05596017838
    },
    "spectral_crest": {
        "mean": 9.87592220306,
        "stdev": 2.4517390728
    },
    "spectral_decrease": {
        "mean": -1.08259378351e-07,
        "stdev": 6.70304913797e-08
    },
    "spectral_energy": {
        "mean": 0.209406763315,
        "stdev": 0.129682973027
    },
    "spectral_energyband_high": {
        "mean": 0.000780447793659,
        "stdev": 0.00122887501493
    },
    "spectral_energyband_low": {
        "mean": 0.126317918301,
        "stdev": 0.089447773993
    },
    "spectral_energyband_middle_high": {
        "mean": 0.00652139540762,
        "stdev": 0.0124557297677
    },
    "spectral_energyband_middle_low": {
        "mean": 0.099858187139,
        "stdev": 0.076470784843
    },
    "spectral_flatness_db": {
        "mean": 0.211713179946,
        "stdev": 0.0465902239084
    },
    "spectral_flux": {
        "mean": 0.180959865451,
        "stdev": 0.0718742012978
    },
    "spectral_kurtosis": {
        "mean": 6.7867808342,
        "stdev": 4.65360307693
    },
    "spectral_rms": {
        "mean": 0.0191091746092,
        "stdev": 0.00656046904624
    },
    "spectral_rolloff": {
        "mean": 358.374023438,
        "stdev": 461.305267334
    },
    "spectral_skewness": {
        "mean": 2.52553677559,
        "stdev": 0.792107522488
    },
    "spectral_spread": {
        "mean": 16553041,
        "stdev": 7549941
    },
    "spectral_strongpeak": {
        "mean": 0.552592277527,
        "stdev": 0.685234367847
    },
    "zerocrossingrate": {
        "mean": 0.0253993440419,
        "stdev": 0.014657442458
    },
    "barkbands": {
        "mean": [0.00851650070399, 0.0453164167702, 0.0504319407046, 0.036711551249, 0.017570020631, 0.0199193116277, 0.00538814393803, 0.015608837828, 0.001647451194, 0.00426399568096, 0.000477792491438, 0.000263313704636, 0.000591989781242, 0.00107969599776, 0.000391888897866, 0.000102798818261, 0.000153925386257, 2.41358411586e-05, 0.000119713840832, 8.30351127661e-05, 0.000157296934049, 0.000160130104632, 0.000104739614471, 6.21531653451e-05, 9.11300958251e-05, 0.000107077372377, 5.58482315682e-05],
        "stdev": [0.0108593525365, 0.034625351429, 0.0415351614356, 0.0255900043994, 0.0263361856341, 0.0163918789476, 0.00715732714161, 0.0314060933888, 0.0023538551759, 0.00880300067365, 0.000479466631077, 0.000302229600493, 0.00118941813707, 0.00240286067128, 0.000768997182604, 0.000146202422911, 0.000125962978927, 2.45972187258e-05, 0.000125462276628, 5.73368852201e-05, 0.000220073212404, 0.000266861025011, 9.98252507998e-05, 9.02524334379e-05, 0.000186258970643, 0.000254823826253, 0.000195574975805]
    },
    "mfcc": {
        "mean": [-576.412658691, 148.387405396, 56.5356864929, 38.2051887512, 2.01523041725, 12.1341409683, 0.251090228558, 3.05747103691, -0.204340741038, 1.75276625156, 0.977902293205, 1.38294959068, 1.95710754395],
        "stdev": [58.5380706787, 30.8536281586, 19.8870010376, 20.8383274078, 12.7729120255, 8.03034687042, 10.2817335129, 9.07028007507, 6.65010118484, 11.3029994965, 8.5501947403, 9.00522994995, 8.78634929657]
    },
    "sccoeffs": {
        "mean": [-0.525791525841, -0.652747452259, -0.739500820637, -0.741671144962, -0.798337519169, -0.805584132671],
        "stdev": [0.107402324677, 0.122067019343, 0.108634598553, 0.0858586654067, 0.0264608897269, 0.017609378323]
    },
    "scvalleys": {
        "mean": [-3.18164229393, -4.18275594711, -5.64092731476, -6.78160142899, -7.08433008194, -7.67474508286],
        "stdev": [0.809498846531, 0.846059978008, 0.762771010399, 0.721122503281, 0.386216253042, 0.478305220604]
    }
},
"rhythm": {
    "bpm": 178.205810547,
    "confidence": 0,
    "first_peak_bpm": {
        "mean": 178,
        "stdev": 0
    },
    "first_peak_spread": {
        "mean": 0,
        "stdev": 0
    },
    "first_peak_weight": {
        "mean": 1,
        "stdev": 0
    },
    "onset_rate": 3.90638852119,
    "second_peak_bpm": {
        "mean": 0,
        "stdev": 0
    },
    "second_peak_spread": {
        "mean": 0,
        "stdev": 0
    },
    "second_peak_weight": {
        "mean": 0,
        "stdev": 0
    }
},
"sfx": {
    "inharmonicity": {
        "mean": 0.0340495146811,
        "stdev": 0.0339164212346
    },
    "oddtoevenharmonicenergyratio": {
        "mean": 9.57893657684,
        "stdev": 28.9601860046
    },
    "pitch_after_max_to_before_max_energy_ratio": 0.0902665480971,
    "pitch_centroid": 51.1727180481,
    "pitch_max_to_total": 0.991071403027,
    "pitch_min_to_total": 0.910714268684,
    "tristimulus": {
        "mean": [0.27494391799, 0.507813990116, 0.2172421664],
        "stdev": [0.260907679796, 0.238815888762, 0.1531098634]
    }
},
"tonal": {
    "chords_changes_rate": 0.0344827584922,
    "chords_number_rate": 0.0689655169845,
    "chords_strength": {
        "mean": 0.430788695812,
        "stdev": 0.0207612346858
    },
    "key_strength": 0.46755194664,
    "tuning_diatonic_strength": 0.42961871624,
    "tuning_equal_tempered_deviation": 0.152836963534,
    "tuning_frequency": 442.03793335,
    "tuning_nontempered_energy_ratio": 0.747370958328,
    "hpcp": {
        "mean": [0.0075005562976, 0.00676650134847, 0.00378281949088, 0.00106076733209, 0.027273138985, 0.14295437932, 0.195958733559, 0.171201571822, 0.323330491781, 0.321549355984, 0.136425599456, 0.118029005826, 0.154310449958, 0.152091622353, 0.169507324696, 0.190493881702, 0.118432655931, 0.0321455895901, 0.00425457628444, 0.0212624110281, 0.172465696931, 0.247930690646, 0.101317197084, 0.0115223256871, 0.0110822385177, 0.0129810646176, 0.0095132086426, 0.00238996208645, 0.00392272789031, 0.0216970164329, 0.0296951532364, 0.0123186800629, 0.0110884504393, 0.0224416740239, 0.0159148424864, 0.0069394595921],
        "stdev": [0.0108831347898, 0.0147938365117, 0.0102719003335, 0.00167851417791, 0.0657613649964, 0.308943271637, 0.36833062768, 0.222788885236, 0.414954513311, 0.415135979652, 0.253115773201, 0.257162839174, 0.3148624897, 0.315015882254, 0.281546503305, 0.342197716236, 0.244649499655, 0.134806185961, 0.0164335668087, 0.0547868907452, 0.217330694199, 0.282581239939, 0.136254921556, 0.0243827197701, 0.0262921769172, 0.0527110882103, 0.0378381572664, 0.00337390205823, 0.00568350497633, 0.0280304178596, 0.0385873056948, 0.0154685871676, 0.0249086357653, 0.0622489526868, 0.0417309328914, 0.01061193645]
    },
    "chords_histogram": [89.6551742554, 10.344827652, 0, 0, 0, 0, 0, 0, 0, 0, 0, 0, 0, 0, 0, 0, 0, 0, 0, 0, 0, 0, 0, 0],