{
"metadata": {
    "version": {
        "essentia": "2.1-beta5-dev"
    }
},
"lowLevel": {
    "average_loudness": 0.99068403244,
    "barkbands_kurtosis": {
        "mean": 13.9504270554,
        "stdev": 15.5506505966
    },
    "barkbands_skewness": {
        "mean": 2.50859951973,
        "stdev": 1.38928627968
    },
    "barkbands_spread": {
        "mean": 6.19260787964,
        "stdev": 2.88084292412
    },
    "dissonance": {
        "mean": 0.197228044271,
        "stdev": 0.0819528475404
    },
    "hfc": {
        "mean": 76.8832397461,
        "stdev": 50.8793563843
    },
    "pitch": {
        "mean": 233.834991455,
        "stdev": 87.146484375
    },
    "pitch_instantaneous_confidence": {
        "mean": 0.448664397001,
        "stdev": 0.236666887999
    },
    "pitch_salience": {
        "mean": 0.602892696857,
        "stdev": 0.0835960879922
    },
    "silence_rate_20dB": {
        "mean": 0.740740716457,
        "stdev": 0.438227802515
    },
    "silence_rate_30dB": {
        "mean": 0.074074074626,
        "stdev": 0.261891394854
    },
    "silence_rate_60dB": {
        "mean": 0,
        "stdev": 0
    },
    "spectral_centroid": {
        "mean": 305.729095459,
        "stdev": 107.26990509
    },
    "spectral_complexity": {
        "mean": 11.7037038803,
        "stdev": 3.17180514336
    },
    "spectral_crest": {
        "mean": 9.93243789673,
        "stdev": 2.37468957901
    },
    "spectral_decrease": {
        "mean": -1.27928203142e-07,
        "stdev": 6.79323761688e-08
    },
    "spectral_energy": {
        "mean": 0.2490953058,
        "stdev": 0.132650822401
    },
    "spectral_energyband_high": {
        "mean": 0.000605911889579,
        "stdev": 0.000813049729913
    },
    "spectral_energyband_low": {
        "mean": 0.0920986831188,
        "stdev": 0.0568770729005
    },
    "spectral_energyband_middle_high": {
        "mean": 0.010264438577,
        "stdev": 0.0130185652524
    },
    "spectral_energyband_middle_low": {
        "mean": 0.170422896743,
        "stdev": 0.113323517144
    },
    "spectral_flatness_db": {
        "mean": 0.206250160933,
        "stdev": 0.0325604602695
    },
    "spectral_flux": {
        "mean": 0.17901276052,
        "stdev": 0.0936941131949
    },
    "spectral_kurtosis": {
        "mean": 10.3922348022,
        "stdev": 5.66007757187
    },
    "spectral_rms": {
        "mean": 0.0211374480277,
        "stdev": 0.00622689351439
    },
    "spectral_rolloff": {
        "mean": 447.810882568,
        "stdev": 157.35887146
    },
    "spectral_skewness": {
        "mean": 3.05836820602,
        "stdev": 0.791474640369
    },
    "spectral_spread": {
        "mean": 12595757,
        "stdev": 6339696
    },
    "spectral_strongpeak": {
        "mean": 1.15314352512,
        "stdev": 0.88286870718
    },
    "zerocrossingrate": {
        "mean": 0.022361472249,
        "stdev": 0.010344308801
    },
    "barkbands": {
        "mean": [0.00232711224817, 0.0173888243735, 0.0496809221804, 0.0370645970106, 0.0577286966145, 0.0191691759974, 0.0275007393211, 0.0157682672143, 0.0112460628152, 0.00325700640678, 0.00105807045475, 0.00117180659436, 0.00221356586553, 0.00195356132463, 0.000391686335206, 0.000230262230616, 0.000167065591086, 2.21598147618e-05, 0.000102364028862, 7.22481490811e-05, 0.000149705418153, 0.000122951314552, 8.37553743622e-05, 4.63667129225e-05, 6.65994593874e-05, 7.7375669207e-05, 3.14921198878e-05],
        "stdev": [0.00551168946549, 0.0193951688707, 0.029036635533, 0.0284867342561, 0.0626256987453, 0.0227347016335, 0.0351278856397, 0.0310175847262, 0.0118543915451, 0.00929038785398, 0.00116134784184, 0.00210521207191, 0.00281670293771, 0.00248555792496, 0.000578797073103, 0.000231947749853, 0.000107457686681, 2.14244464587e-05, 7.60779221309e-05, 5.4235526477e-05, 0.000156264926773, 0.000129487452796, 9.9325501651e-05, 6.43014063826e-05, 0.000122782803373, 0.000195552071091, 9.58826349233e-05]
    },
    "mfcc": {
        "mean": [-551.56262207, 171.510391235, 38.0660667419, 18.3431358337, -3.01332640648, 14.9959831238, -6.23876047134, -8.41466903687, -3.8095304966, 4.35899734497, 4.92490339279, 1.0180914402, -1.34563601017],
        "stdev": [37.3582496643, 26.536075592, 14.2266435623, 14.5229024887, 7.74900245667, 8.35481548309, 10.9121866226, 11.4226102829, 9.04099082947, 8.32474040985, 6.93831110001, 10.0495920181, 9.80840396881]
    },
    "sccoeffs": {
        "mean": [-0.561715066433, -0.584823310375, -0.629710614681, -0.67525601387, -0.791067361832, -0.803690195084],
        "stdev": [0.0915868356824, 0.151719689369, 0.106296546757, 0.0892421528697, 0.0267734657973, 0.0190124958754]
    },
    "scvalleys": {
        "mean": [-2.95603179932, -3.98327374458, -5.44754219055, -6.18716526031, -7.08554697037, -7.78700828552],
        "stdev": [0.514876723289, 0.629611194134, 0.580318152905, 0.514155566692, 0.286303669214, 0.429339945316]
    }
},
"rhythm": {
    "bpm": 198.76802063,
    "confidence": 0,
    "first_peak_bpm": {
        "mean": 199,
        "stdev": 0
    },
    "first_peak_spread": {
        "mean": 0,
        "stdev": 0
    },
    "first_peak_weight": {
        "mean": 1,
        "stdev": 0
    },
    "onset_rate": 6.47351360321,
    "second_peak_bpm": {
        "mean": 0,
        "stdev": 0
    },
    "second_peak_spread": {
        "mean": 0,
        "stdev": 0
    },
    "second_peak_weight": {
        "mean": 0,
        "stdev": 0
    }
},
"sfx": {
    "inharmonicity": {
        "mean": 0.0402651280165,
        "stdev": 0.0396980792284
    },
    "oddtoevenharmonicenergyratio": {
        "mean": 1.76227641106,
        "stdev": 7.53944587708
    },
    "pitch_after_max_to_before_max_energy_ratio": 0.533192634583,
    "pitch_centroid": 53.9849433899,
    "pitch_max_to_total": 0.629629611969,
    "pitch_min_to_total": 0.805555582047,
    "tristimulus": {
        "mean": [0.381533563137, 0.420245856047, 0.198220729828],
        "stdev": [0.207040905952, 0.173389166594, 0.117488987744]
    }
},
"tonal": {
    "chords_changes_rate": 0,
    "chords_number_rate": 0.0357142873108,
    "chords_strength": {
        "mean": 0.30482634902,
        "stdev": 0.0251869801432
    },
    "key_strength": 0.620336413383,
    "tuning_diatonic_strength": 0.202650308609,
    "tuning_equal_tempered_deviation": 0.0625718086958,
    "tuning_frequency": 438.984558105,
    "tuning_nontempered_energy_ratio": 0.61693751812,
    "hpcp": {
        "mean": [0.146135941148, 0.0869458168745, 0.0553579591215, 0.117032662034, 0.088441953063, 0.0777639523149, 0.148336216807, 0.0976313501596, 0.0139824915677, 0.00592238362879, 0.00447312509641, 0.0515070930123, 0.136467278004, 0.103427551687, 0.0903051272035, 0.16166806221, 0.0966123118997, 0.0121138561517, 0.00575391296297, 0.01399695687, 0.107088573277, 0.147090509534, 0.0622377209365, 0.048082344234, 0.0828929468989, 0.0708289891481, 0.144505500793, 0.253557920456, 0.180907100439, 0.245219618082, 0.335126101971, 0.171782657504, 0.0795649439096, 0.0717808678746, 0.0323582552373, 0.074194855988],
        "stdev": [0.264388889074, 0.147991061211, 0.145950883627, 0.297927707434, 0.251409232616, 0.116140127182, 0.255061417818, 0.158851221204, 0.0333213768899, 0.0126885995269, 0.00759284477681, 0.117202550173, 0.314737468958, 0.241419106722, 0.210140511394, 0.330934405327, 0.215362325311, 0.0263537205756, 0.0129857845604, 0.0278831906617, 0.226850405335, 0.274682611227, 0.0782417804003, 0.0530140437186, 0.0874637812376, 0.0962791889906, 0.270365476608, 0.34683611989, 0.247022777796, 0.326403915882, 0.441322684288, 0.212743446231, 0.184648066759, 0.190346986055, 0.0692077279091, 0.131465181708]
    },
    "chords_histogram": [0, 0, 0, 0, 0, 0, 0, 0, 0, 0, 0, 0, 0, 0, 0, 0, 0, 0, 0, 0, 0, 0, 0, 100],