{
"metadata": {
    "version": {
        "essentia": "2.1-beta5-dev"
    }
},
"lowLevel": {
    "average_loudness": 0.99068403244,
    "barkbands_kurtosis": {
        "mean": 29.1310100555,
        "stdev": 32.9096107483
    },
    "barkbands_skewness": {
        "mean": 3.4451816082,
        "stdev": 2.43693327904
    },
    "barkbands_spread": {
        "mean": 6.66169023514,
        "stdev": 4.95988702774
    },
    "dissonance": {
        "mean": 0.222447648644,
        "stdev": 0.0856704115868
    },
    "hfc": {
        "mean": 43.8795433044,
        "stdev": 33.1473579407
    },
    "pitch": {
        "mean": 310.366149902,
        "stdev": 197.989257812
    },
    "pitch_instantaneous_confidence": {
        "mean": 0.455689936876,
        "stdev": 0.226118415594
    },
    "pitch_salience": {
        "mean": 0.476980090141,
        "stdev": 0.107416249812
    },
    "silence_rate_20dB": {
        "mean": 0.868421077728,
        "stdev": 0.33803242445
    },
    "silence_rate_30dB": {
        "mean": 0.122807018459,
        "stdev": 0.328215390444
    },
    "silence_rate_60dB": {
        "mean": 0.00877192988992,
        "stdev": 0.0932468920946
    },
    "spectral_centroid": {
        "mean": 236.842910767,
        "stdev": 155.244216919
    },
    "spectral_complexity": {
        "mean": 9.62280654907,
        "stdev": 3.1992058754
    },
    "spectral_crest": {
        "mean": 10.9422092438,
        "stdev": 2.46124172211
    },
    "spectral_decrease": {
        "mean": -1.07841728436e-07,
        "stdev": 5.87700839105e-08
    },
    "spectral_energy": {
        "mean": 0.208085313439,
        "stdev": 0.113652125001
    },
    "spectral_energyband_high": {
        "mean": 0.000471339473734,
        "stdev": 0.000618818623479
    },
    "spectral_energyband_low": {
        "mean": 0.150140568614,
        "stdev": 0.0854360535741
    },
    "spectral_energyband_middle_high": {
        "mean": 0.00477055972442,
        "stdev": 0.00538621796295
    },
    "spectral_energyband_middle_low": {
        "mean": 0.0681445524096,
        "stdev": 0.054799720645
    },
    "spectral_flatness_db": {
        "mean": 0.226340010762,
        "stdev": 0.0481571629643
    },
    "spectral_flux": {
        "mean": 0.147559329867,
        "stdev": 0.0844592228532
    },
    "spectral_kurtosis": {
        "mean": 7.98044204712,
        "stdev": 3.90712141991
    },
    "spectral_rms": {
        "mean": 0.0191451292485,
        "stdev": 0.00625208811834
    },
    "spectral_rolloff": {
        "mean": 347.553466797,
        "stdev": 219.130584717
    },
    "spectral_skewness": {
        "mean": 2.73687648773,
        "stdev": 0.654388904572
    },
    "spectral_spread": {
        "mean": 14126008,
        "stdev": 6443344
    },
    "spectral_strongpeak": {
        "mean": 0.652385234833,
        "stdev": 0.390146106482
    },
    "zerocrossingrate": {
        "mean": 0.0207733698189,
        "stdev": 0.0120456265286
    },
    "barkbands": {
        "mean": [0.00601219991222, 0.0513383187354, 0.0774292647839, 0.0185698494315, 0.00509136449546, 0.00475365202874, 0.0166698805988, 0.0218963678926, 0.000791047699749, 0.000412084715208, 0.00146093929652, 0.00119865732267, 0.000345171138179, 0.00113862706348, 2.3223054086e-05, 0.000209419493331, 0.000113917267299, 1.24480493469e-05, 0.000111148445285, 6.18275807938e-05, 9.00893501239e-05, 9.77181771304e-05, 8.8161068561e-05, 4.3059248128e-05, 4.99785382999e-05, 5.26189687662e-05, 2.22000908252e-05],
        "stdev": [0.00876776967198, 0.031925458461, 0.0441999100149, 0.0141983237118, 0.00659866258502, 0.0072613931261, 0.0241087954491, 0.028090165928, 0.00103618821595, 0.000550359603949, 0.00194028601982, 0.00136064749677, 0.000225989046157, 0.00175055814907, 2.16281205212e-05, 0.000297406921163, 0.000139779425808, 1.60856852744e-05, 0.000103207778011, 4.4552507461e-05, 9.28132649278e-05, 0.000116069248179, 8.48114796099e-05, 5.54745347472e-05, 9.04072076082e-05, 0.000147963131894, 7.05227212165e-05]
    },
    "mfcc": {
        "mean": [-586.136779785, 151.291564941, 45.1392326355, 28.928565979, 3.62190175056, 19.3177890778, 3.37082529068, 4.15563583374, -2.21408605576, 8.85352134705, 12.3719882965, 18.0753364563, 17.1500663757],
        "stdev": [45.8651618958, 24.5210342407, 17.7315692902, 15.7862644196, 8.77894115448, 10.2961864471, 10.9119415283, 7.40785837173, 6.51649284363, 9.67971515656, 10.3006267548, 8.51142501831, 8.39117717743]
    },
    "sccoeffs": {
        "mean": [-0.477097541094, -0.611465394497, -0.703343868256, -0.703239917755, -0.795576930046, -0.810294389725],
        "stdev": [0.139616668224, 0.118527904153, 0.105632588267, 0.0724190846086, 0.0336746014655, 0.0197965670377]
    },
    "scvalleys": {
        "mean": [-3.45060014725, -4.51784658432, -5.86376190186, -6.73191213608, -7.26785087585, -7.85331010818],
        "stdev": [0.625163912773, 0.787978291512, 0.599084973335, 0.493471413851, 0.327956110239, 0.403450042009]
    }
},
"rhythm": {
    "bpm": 178.205810547,
    "confidence": 0,
    "first_peak_bpm": {
        "mean": 178,
        "stdev": 0
    },
    "first_peak_spread": {
        "mean": 0,
        "stdev": 0
    },
    "first_peak_weight": {
        "mean": 1,
        "stdev": 0
    },
    "onset_rate": 5.36319255829,
    "second_peak_bpm": {
        "mean": 0,
        "stdev": 0
    },
    "second_peak_spread": {
        "mean": 0,
        "stdev": 0
    },
    "second_peak_weight": {
        "mean": 0,
        "stdev": 0
    }
},
"sfx": {
    "inharmonicity": {
        "mean": 0.034191314131,
        "stdev": 0.0432096868753
    },
    "oddtoevenharmonicenergyratio": {
        "mean": 73.1710586548,
        "stdev": 228.428726196
    },
    "pitch_after_max_to_before_max_energy_ratio": 0.0579885356128,
    "pitch_centroid": 51.538028717,
    "pitch_max_to_total": 0.754385948181,
    "pitch_min_to_total": 0.526315808296,
    "tristimulus": {
        "mean": [0.351543188095, 0.431555718184, 0.216900989413],
        "stdev": [0.307801097631, 0.217546150088, 0.218371927738]
    }
},
"tonal": {
    "chords_changes_rate": 0.0333333350718,
    "chords_number_rate": 0.0666666701436,
    "chords_strength": {
        "mean": 0.272871315479,
        "stdev": 0.0209419950843
    },
    "key_strength": 0.455417513847,
    "tuning_diatonic_strength": 0.255335301161,
    "tuning_equal_tempered_deviation": 0.0852659270167,
    "tuning_frequency": 440.254241943,
    "tuning_nontempered_energy_ratio": 0.667144656181,
    "hpcp": {
        "mean": [0.0179275181144, 0.0104834251106, 0.00208243983798, 0.00191940262448, 0.00291108409874, 0.023494893685, 0.0363835208118, 0.0186270773411, 0.126366570592, 0.232081443071, 0.217366069555, 0.321272969246, 0.295213013887, 0.122574940324, 0.256771653891, 0.38336366415, 0.201576367021, 0.0365894399583, 0.00409949757159, 0.0215496961027, 0.0400144085288, 0.0226740445942, 0.00848442129791, 0.015545043163, 0.0107487151399, 0.0177153404802, 0.103315226734, 0.15439195931, 0.073265992105, 0.0105480244383, 0.0117470594123, 0.0116214537993, 0.0567078664899, 0.0890076905489, 0.0488773323596, 0.020398164168],
        "stdev": [0.0629593059421, 0.0473292283714, 0.00560066197067, 0.00420229369774, 0.00613225763664, 0.113346241415, 0.179154008627, 0.0789672061801, 0.146376535296, 0.269257724285, 0.18255622685, 0.443643897772, 0.3776884377, 0.216896295547, 0.327452540398, 0.452821552753, 0.276573479176, 0.119870662689, 0.00471815513447, 0.0933721140027, 0.179403781891, 0.0891828089952, 0.0178593248129, 0.0510804206133, 0.0372681468725, 0.0792476758361, 0.222592875361, 0.297634363174, 0.14985512197, 0.0272197164595, 0.0162551421672, 0.00974650029093, 0.110479511321, 0.182076171041, 0.0779078006744, 0.0451146811247]
    },
    "chords_histogram": [0, 0, 0, 0, 0, 0, 0, 0, 0, 0, 10, 90, 0, 0, 0, 0, 0, 0, 0, 0, 0, 0, 0, 0],