{
"metadata": {
    "version": {
        "essentia": "2.1-beta5-dev"
    }
},
"lowLevel": {
    "average_loudness": 0.99068403244,
    "barkbands_kurtosis": {
        "mean": 36.6745452881,
        "stdev": 38.7753334045
    },
    "barkbands_skewness": {
        "mean": 3.58295989037,
        "stdev": 2.54858374596
    },
    "barkbands_spread": {
        "mean": 4.33027410507,
        "stdev": 4.67467927933
    },
    "dissonance": {
        "mean": 0.206753984094,
        "stdev": 0.110353678465
    },
    "hfc": {
        "mean": 65.2066574097,
        "stdev": 67.0446548462
    },
    "pitch": {
        "mean": 216.659317017,
        "stdev": 87.0809173584
    },
    "pitch_instantaneous_confidence": {
        "mean": 0.517138123512,
        "stdev": 0.265482902527
    },
    "pitch_salience": {
        "mean": 0.553960859776,
        "stdev": 0.097395144403
    },
    "silence_rate_20dB": {
        "mean": 0.721739113331,
        "stdev": 0.448142319918
    },
    "silence_rate_30dB": {
        "mean": 0.243478253484,
        "stdev": 0.429181367159
    },
    "silence_rate_60dB": {
        "mean": 0.0260869562626,
        "stdev": 0.159393936396
    },
    "spectral_centroid": {
        "mean": 259.443786621,
        "stdev": 140.799118042
    },
    "spectral_complexity": {
        "mean": 6.98260879517,
        "stdev": 2.81913566589
    },
    "spectral_crest": {
        "mean": 13.2231330872,
        "stdev": 3.51317501068
    },
    "spectral_decrease": {
        "mean": -1.14859183498e-07,
        "stdev": 8.72390657491e-08
    },
    "spectral_energy": {
        "mean": 0.223301187158,
        "stdev": 0.170885667205
    },
    "spectral_energyband_high": {
        "mean": 0.000255889608525,
        "stdev": 0.000506620854139
    },
    "spectral_energyband_low": {
        "mean": 0.068866379559,
        "stdev": 0.0466147251427
    },
    "spectral_energyband_middle_high": {
        "mean": 0.00503549957648,
        "stdev": 0.00675032287836
    },
    "spectral_energyband_middle_low": {
        "mean": 0.164218083024,
        "stdev": 0.15075314045
    },
    "spectral_flatness_db": {
        "mean": 0.255807816982,
        "stdev": 0.0509514994919
    },
    "spectral_flux": {
        "mean": 0.119085252285,
        "stdev": 0.0792118087411
    },
    "spectral_kurtosis": {
        "mean": 12.3811845779,
        "stdev": 8.6832113266
    },
    "spectral_rms": {
        "mean": 0.0189729873091,
        "stdev": 0.0086781764403
    },
    "spectral_rolloff": {
        "mean": 324.308776855,
        "stdev": 171.639251709
    },
    "spectral_skewness": {
        "mean": 3.25724840164,
        "stdev": 1.07026588917
    },
    "spectral_spread": {
        "mean": 12397186,
        "stdev": 6249956.5
    },
    "spectral_strongpeak": {
        "mean": 1.52577662468,
        "stdev": 1.33248817921
    },
    "zerocrossingrate": {
        "mean": 0.0171535331756,
        "stdev": 0.00924488902092
    },
    "barkbands": {
        "mean": [0.0022579729557, 0.0165651515126, 0.0351963490248, 0.0239479187876, 0.0407191216946, 0.0703712552786, 0.00695283524692, 0.00782131683081, 0.0137735698372, 0.000657378637698, 0.00143425597344, 9.06955319806e-05, 0.00194889330305, 0.000998244388029, 6.45073159831e-05, 0.00011889628513, 5.47203235328e-05, 8.75286241353e-06, 4.96958600706e-05, 2.4905655664e-05, 4.05866194342e-05, 5.36064871994e-05, 4.66649325972e-05, 2.12448721868e-05, 3.1552681321e-05, 3.39785256074e-05, 1.57109170686e-05],
        "stdev": [0.00319767603651, 0.015920329839, 0.025795256719, 0.0206360928714, 0.0751199349761, 0.0981802642345, 0.00739482184872, 0.0156276114285, 0.0279136709869, 0.00147269910667, 0.00256586074829, 0.000126462749904, 0.00322550232522, 0.0020392476581, 0.000117389696243, 0.000275512196822, 7.18803785276e-05, 1.24500975289e-05, 6.85386694386e-05, 2.33570644923e-05, 6.25040192972e-05, 0.00010745205509, 6.20483697276e-05, 3.71463211195e-05, 8.43435918796e-05, 0.000103194732219, 5.55102124054e-05]
    },
    "mfcc": {
        "mean": [-617.870239258, 166.716781616, 48.9800796509, 29.100063324, 5.29634094238, 21.5332946777, 0.322425127029, -2.92094683647, -11.5548009872, 1.47234523296, -0.148648425937, -0.787737190723, 0.817331492901],
        "stdev": [67.0009078979, 36.5597839355, 19.063539505, 23.86693573, 13.0226554871, 9.45320224762, 11.8660793304, 11.5940198898, 9.32528877258, 7.0633764267, 8.57553291321, 8.69033050537, 7.14934539795]
    },
    "sccoeffs": {
        "mean": [-0.587605237961, -0.542558908463, -0.679327189922, -0.683784246445, -0.810079157352, -0.818908929825],
        "stdev": [0.127947762609, 0.242219090462, 0.174767956138, 0.115439765155, 0.0275966525078, 0.0182802919298]
    },
    "scvalleys": {
        "mean": [-3.31388020515, -5.00993824005, -6.31738805771, -7.07198572159, -7.6473441124, -8.29151916504],
        "stdev": [0.73510736227, 0.698522984982, 0.668570280075, 0.566757380962, 0.41325494647, 0.547540843487]
    }
},
"rhythm": {
    "bpm": 172.265640259,
    "confidence": 0,
    "first_peak_bpm": {
        "mean": 172,
        "stdev": 0
    },
    "first_peak_spread": {
        "mean": 0,
        "stdev": 0
    },
    "first_peak_weight": {
        "mean": 1,
        "stdev": 0
    },
    "onset_rate": 5.32406616211,
    "second_peak_bpm": {
        "mean": 0,
        "stdev": 0
    },
    "second_peak_spread": {
        "mean": 0,
        "stdev": 0
    },
    "second_peak_weight": {
        "mean": 0,
        "stdev": 0
    }
},
"sfx": {
    "inharmonicity": {
        "mean": 0.0277443528175,
        "stdev": 0.0413267090917
    },
    "oddtoevenharmonicenergyratio": {
        "mean": 4.27329301834,
        "stdev": 31.0553264618
    },
    "pitch_after_max_to_before_max_energy_ratio": 0.0195527002215,
    "pitch_centroid": 60.0305786133,
    "pitch_max_to_total": 0.991304337978,
    "pitch_min_to_total": 0.939130425453,
    "tristimulus": {
        "mean": [0.501141607761, 0.307042658329, 0.191815719008],
        "stdev": [0.255695074797, 0.182481586933, 0.214264795184]
    }
},
"tonal": {
    "chords_changes_rate": 0,
    "chords_number_rate": 0.0333333350718,
    "chords_strength": {
        "mean": 0.692308425903,
        "stdev": 0.0222956724465
    },
    "key_strength": 0.613411545753,
    "tuning_diatonic_strength": 0.447174787521,
    "tuning_equal_tempered_deviation": 0.116907797754,
    "tuning_frequency": 436.708374023,
    "tuning_nontempered_energy_ratio": 0.740672886372,
    "hpcp": {
        "mean": [0.0334611907601, 0.0198410991579, 0.0138329444453, 0.00415605865419, 0.0126202087849, 0.018936695531, 0.0166582334787, 0.0135149499401, 0.111905448139, 0.243873268366, 0.167618319392, 0.0862211883068, 0.129108861089, 0.0966848805547, 0.0317414142191, 0.0332291461527, 0.0381575040519, 0.0173176694661, 0.00387367606163, 0.00275599211454, 0.150177180767, 0.345927715302, 0.23495234549, 0.0747658461332, 0.0433762036264, 0.00668609142303, 0.0439320541918, 0.106673173606, 0.0954016819596, 0.153591126204, 0.304996341467, 0.20367822051, 0.0236154384911, 0.0119730895385, 0.0311423297971, 0.0467451661825],
        "stdev": [0.117275394499, 0.0554057769477, 0.0570879839361, 0.0152455633506, 0.0637019425631, 0.0793443322182, 0.0315946862102, 0.0277322065085, 0.189100295305, 0.397809296846, 0.285652428865, 0.149391934276, 0.219638466835, 0.238369122148, 0.100216835737, 0.126122698188, 0.179119244218, 0.0663962811232, 0.0152109181508, 0.00510481512174, 0.199649453163, 0.441110938787, 0.301726013422, 0.209682747722, 0.139442265034, 0.0159464143217, 0.134783700109, 0.298595398664, 0.226496264338, 0.236332654953, 0.420072436333, 0.317258536816, 0.0483269691467, 0.0292783025652, 0.0944249629974, 0.182520002127]
    },
    "chords_histogram": [100, 0, 0, 0, 0, 0, 0, 0, 0, 0, 0, 0, 0, 0, 0, 0, 0, 0, 0, 0, 0, 0, 0, 0],