{
"metadata": {
    "version": {
        "essentia": "2.1-beta5-dev"
    }
},
"lowLevel": {
    "average_loudness": 0.99068403244,
    "barkbands_kurtosis": {
        "mean": 14.5160083771,
        "stdev": 10.7533149719
    },
    "barkbands_skewness": {
        "mean": 2.83682799339,
        "stdev": 1.17570257187
    },
    "barkbands_spread": {
        "mean": 7.75367021561,
        "stdev": 4.33119392395
    },
    "dissonance": {
        "mean": 0.247710853815,
        "stdev": 0.064490698278
    },
    "hfc": {
        "mean": 51.4055023193,
        "stdev": 29.0608329773
    },
    "pitch": {
        "mean": 212.107574463,
        "stdev": 115.155967712
    },
    "pitch_instantaneous_confidence": {
        "mean": 0.246374800801,
        "stdev": 0.0792712420225
    },
    "pitch_salience": {
        "mean": 0.605156719685,
        "stdev": 0.123345561326
    },
    "silence_rate_20dB": {
        "mean": 0.943925261497,
        "stdev": 0.230065986514
    },
    "silence_rate_30dB": {
        "mean": 0.112149529159,
        "stdev": 0.315550327301
    },
    "silence_rate_60dB": {
        "mean": 0,
        "stdev": 0
    },
    "spectral_centroid": {
        "mean": 285.4581604,
        "stdev": 134.125793457
    },
    "spectral_complexity": {
        "mean": 14.4859809875,
        "stdev": 4.31334495544
    },
    "spectral_crest": {
        "mean": 9.38121128082,
        "stdev": 2.21581292152
    },
    "spectral_decrease": {
        "mean": -9.97697782168e-08,
        "stdev": 5.02529893254e-08
    },
    "spectral_energy": {
        "mean": 0.193490713835,
        "stdev": 0.0970463678241
    },
    "spectral_energyband_high": {
        "mean": 0.000979833188467,
        "stdev": 0.00117498950567
    },
    "spectral_energyband_low": {
        "mean": 0.112583748996,
        "stdev": 0.0712099000812
    },
    "spectral_energyband_middle_high": {
        "mean": 0.00509645044804,
        "stdev": 0.00437139673159
    },
    "spectral_energyband_middle_low": {
        "mean": 0.098611600697,
        "stdev": 0.0728356838226
    },
    "spectral_flatness_db": {
        "mean": 0.180200845003,
        "stdev": 0.033875297755
    },
    "spectral_flux": {
        "mean": 0.203411519527,
        "stdev": 0.0797313079238
    },
    "spectral_kurtosis": {
        "mean": 7.0372595787,
        "stdev": 3.93471622467
    },
    "spectral_rms": {
        "mean": 0.0187951792032,
        "stdev": 0.00489040277898
    },
    "spectral_rolloff": {
        "mean": 405.307220459,
        "stdev": 172.05960083
    },
    "spectral_skewness": {
        "mean": 2.57935619354,
        "stdev": 0.692635059357
    },
    "spectral_spread": {
        "mean": 15085633,
        "stdev": 6606313.5
    },
    "spectral_strongpeak": {
        "mean": 0.544725656509,
        "stdev": 0.287088751793
    },
    "zerocrossingrate": {
        "mean": 0.0269421730191,
        "stdev": 0.0164827313274
    },
    "barkbands": {
        "mean": [0.00467472802848, 0.027634492144, 0.056582543999, 0.0351042225957, 0.0218511857092, 0.00930323265493, 0.0145185962319, 0.00998313166201, 0.00755626708269, 0.000530613528099, 0.000984363839962, 0.000744990888052, 0.00113604136277, 0.000903557403944, 0.000191916071344, 0.000268640258582, 0.000229040218983, 7.84880539868e-05, 0.000146156860865, 0.000163337215781, 0.00020002873498, 0.000233666869462, 0.000132667715661, 8.17392065073e-05, 0.000105358223664, 0.00010047959222, 4.77637840959e-05],
        "stdev": [0.00768712861463, 0.026002028957, 0.0355359837413, 0.0342927388847, 0.0254501774907, 0.0105162672698, 0.0168939027935, 0.00699049374089, 0.0102667249739, 0.000620818871539, 0.00124812475406, 0.000742349133361, 0.00141235732008, 0.00094609631924, 0.000229946483159, 0.000217905966565, 0.000236989973928, 9.91273118416e-05, 0.000143586148624, 0.000254669925198, 0.000292205659207, 0.000271463155514, 0.000150649269926, 8.9737943199e-05, 0.000160769210197, 0.000202577313758, 0.000141818352859]
    },
    "mfcc": {
        "mean": [-544.661132812, 156.015792847, 40.4456329346, 23.256942749, 0.305500000715, 12.7990789413, -6.53389024734, -2.43832421303, -0.505119383335, 7.11812114716, 9.1151599884, 7.37967014313, 4.97081565857],
        "stdev": [29.7723770142, 26.5774879456, 16.0851764679, 13.6695413589, 6.76265621185, 7.66831254959, 9.09349536896, 7.63444662094, 7.43177318573, 7.94336509705, 6.32604598999, 6.09752130508, 6.92380905151]
    },
    "sccoeffs": {
        "mean": [-0.56692892313, -0.740003168583, -0.713927924633, -0.728777229786, -0.792819559574, -0.803874909878],
        "stdev": [0.105606608093, 0.065945699811, 0.0826662704349, 0.0520696677268, 0.0363103747368, 0.0196376238018]
    },
    "scvalleys": {
        "mean": [-3.00281381607, -3.54337263107, -5.39122915268, -6.00507736206, -6.87374687195, -7.51170635223],
        "stdev": [0.477097451687, 0.524346590042, 0.463994085789, 0.476901829243, 0.425435394049, 0.474939346313]
    }
},
"rhythm": {
    "bpm": 101.332717896,
    "confidence": 0,
    "first_peak_bpm": {
        "mean": 101,
        "stdev": 0
    },
    "first_peak_spread": {
        "mean": 0,
        "stdev": 0
    },
    "first_peak_weight": {
        "mean": 1,
        "stdev": 0
    },
    "onset_rate": 4.88137817383,
    "second_peak_bpm": {
        "mean": 0,
        "stdev": 0
    },
    "second_peak_spread": {
        "mean": 0,
        "stdev": 0
    },
    "second_peak_weight": {
        "mean": 0,
        "stdev": 0
    }
},
"sfx": {
    "inharmonicity": {
        "mean": 0.0670858472586,
        "stdev": 0.0540800131857
    },
    "oddtoevenharmonicenergyratio": {
        "mean": 6.20674085617,
        "stdev": 27.0576858521
    },
    "pitch_after_max_to_before_max_energy_ratio": 7.48822164536,
    "pitch_centroid": 52.7671127319,
    "pitch_max_to_total": 0.0467289723456,
    "pitch_min_to_total": 0.766355156898,
    "tristimulus": {
        "mean": [0.265412658453, 0.464375942945, 0.270211428404],
        "stdev": [0.251017451286, 0.193172827363, 0.155197054148]
    }
},
"tonal": {
    "chords_changes_rate": 0.0357142873108,
    "chords_number_rate": 0.0714285746217,
    "chords_strength": {
        "mean": 0.368846744299,
        "stdev": 0.015809321776
    },
    "key_strength": 0.680939733982,
    "tuning_diatonic_strength": 0.458534955978,
    "tuning_equal_tempered_deviation": 0.0490436814725,
    "tuning_frequency": 439.745910645,
    "tuning_nontempered_energy_ratio": 0.641584873199,
    "hpcp": {
        "mean": [0.0998815149069, 0.0267566051334, 0.0316546596587, 0.088798545301, 0.103964045644, 0.153929322958, 0.218896061182, 0.125346377492, 0.0801082998514, 0.101694270968, 0.060073081404, 0.0595663115382, 0.0457819662988, 0.0348818413913, 0.221941620111, 0.36856931448, 0.210096955299, 0.0909221321344, 0.0856877043843, 0.0391173884273, 0.0687242075801, 0.114560723305, 0.0825036242604, 0.122968576849, 0.149641796947, 0.070388764143, 0.0299721714109, 0.0573125071824, 0.12124954164, 0.363258838654, 0.425190895796, 0.172663927078, 0.140987977386, 0.189070910215, 0.109954528511, 0.10650421679],
        "stdev": [0.237124443054, 0.0493338778615, 0.0669085979462, 0.210868671536, 0.261901885271, 0.20444342494, 0.300406605005, 0.160720080137, 0.214904621243, 0.228769123554, 0.141223832965, 0.20457008481, 0.187705814838, 0.0982073247433, 0.290023684502, 0.440278589725, 0.260800927877, 0.193100601435, 0.126077204943, 0.0549632050097, 0.0928293690085, 0.153887078166, 0.10066895932, 0.170246735215, 0.222332239151, 0.158164039254, 0.0752653554082, 0.186688840389, 0.243847519159, 0.380513459444, 0.45766222477, 0.201459497213, 0.208802804351, 0.233870282769, 0.100533731282, 0.231899142265]
    },
    "chords_histogram": [92.8571395874, 0, 0, 0, 0, 0, 0, 0, 0, 0, 0, 0, 0, 0, 0, 0, 0, 0, 0, 0, 0, 0, 0, 7.14285707474],