{
"metadata": {
    "version": {
        "essentia": "2.1-beta5-dev"
    }
},
"lowLevel": {
    "average_loudness": 0.99068403244,
    "barkbands_kurtosis": {
        "mean": 28.7713298798,
        "stdev": 30.9379825592
    },
    "barkbands_skewness": {
        "mean": 2.65440988541,
        "stdev": 2.68058443069
    },
    "barkbands_spread": {
        "mean": 4.23882436752,
        "stdev": 6.80649709702
    },
    "dissonance": {
        "mean": 0.177552074194,
        "stdev": 0.100710391998
    },
    "hfc": {
        "mean": 48.0670967102,
        "stdev": 66.7697677612
    },
    "pitch": {
        "mean": 334.269165039,
        "stdev": 416.084564209
    },
    "pitch_instantaneous_confidence": {
        "mean": 0.686067581177,
        "stdev": 0.230130106211
    },
    "pitch_salience": {
        "mean": 0.447990953922,
        "stdev": 0.104931764305
    },
    "silence_rate_20dB": {
        "mean": 0.876923084259,
        "stdev": 0.328525573015
    },
    "silence_rate_30dB": {
        "mean": 0.638461530209,
        "stdev": 0.480446100235
    },
    "silence_rate_60dB": {
        "mean": 0,
        "stdev": 0
    },
    "spectral_centroid": {
        "mean": 318.728424072,
        "stdev": 176.825469971
    },
    "spectral_complexity": {
        "mean": 4.96153831482,
        "stdev": 2.86196255684
    },
    "spectral_crest": {
        "mean": 14.9180307388,
        "stdev": 3.18684053421
    },
    "spectral_decrease": {
        "mean": -6.8003409126e-08,
        "stdev": 8.63573177412e-08
    },
    "spectral_energy": {
        "mean": 0.133065521717,
        "stdev": 0.169483482838
    },
    "spectral_energyband_high": {
        "mean": 0.000232840524404,
        "stdev": 0.000417125265813
    },
    "spectral_energyband_low": {
        "mean": 0.0140014970675,
        "stdev": 0.00573671003804
    },
    "spectral_energyband_middle_high": {
        "mean": 0.00114785355981,
        "stdev": 0.00231689936481
    },
    "spectral_energyband_middle_low": {
        "mean": 0.119805932045,
        "stdev": 0.166369840503
    },
    "spectral_flatness_db": {
        "mean": 0.283694028854,
        "stdev": 0.0629305019975
    },
    "spectral_flux": {
        "mean": 0.065304748714,
        "stdev": 0.0673619136214
    },
    "spectral_kurtosis": {
        "mean": 13.1420679092,
        "stdev": 14.8584461212
    },
    "spectral_rms": {
        "mean": 0.0137149011716,
        "stdev": 0.00844325311482
    },
    "spectral_rolloff": {
        "mean": 367.058288574,
        "stdev": 369.283966064
    },
    "spectral_skewness": {
        "mean": 3.17132377625,
        "stdev": 1.56420695782
    },
    "spectral_spread": {
        "mean": 14319886,
        "stdev": 8089065.5
    },
    "spectral_strongpeak": {
        "mean": 1.78166663647,
        "stdev": 1.49776661396
    },
    "zerocrossingrate": {
        "mean": 0.0202448926866,
        "stdev": 0.0144795915112
    },
    "barkbands": {
        "mean": [0.000662489328533, 0.00434630876407, 0.00689285155386, 0.00251652277075, 0.00238158949651, 0.0812205299735, 0.0245685428381, 0.000487868615892, 0.00847406126559, 0.00017389137065, 0.000354759395123, 0.000209831428947, 0.000377442454919, 4.36312002421e-05, 1.32970681079e-05, 5.56767699891e-05, 7.33791421226e-06, 7.2602479122e-06, 3.02978151012e-05, 2.63473084487e-05, 5.36214065505e-05, 5.81560270803e-05, 2.05901142181e-05, 2.01574312086e-05, 2.68482708634e-05, 2.42776204686e-05, 1.05597719084e-05],
        "stdev": [0.000851802527905, 0.00223734835163, 0.00336608616635, 0.00203456985764, 0.00414714310318, 0.110077224672, 0.0372288711369, 0.00071965198731, 0.0191429927945, 0.000856663158629, 0.000679005228449, 0.000438568386016, 0.00101545406505, 9.45832362049e-05, 3.09425704472e-05, 0.000200744412723, 1.27670236907e-05, 1.39710637086e-05, 4.35334550275e-05, 3.92115653085e-05, 9.93774810922e-05, 0.000104617822217, 3.4440185118e-05, 3.74256378564e-05, 5.14743551321e-05, 5.39040265721e-05, 2.96894522762e-05]
    },
    "mfcc": {
        "mean": [-677.706726074, 154.796600342, 69.2880172729, 37.6336174011, -12.9413833618, 5.49031162262, -3.52856445312, -9.83679580688, -5.99609518051, -2.7679336071, 2.0505130291, 5.18288564682, 7.51344871521],
        "stdev": [63.0838546753, 45.5755653381, 18.2502803802, 25.2265319824, 15.6529064178, 13.0696363449, 11.635807991, 10.9799308777, 10.4201431274, 9.01467132568, 7.79780483246, 7.77993917465, 6.95124912262]
    },
    "sccoeffs": {
        "mean": [-0.601192355156, -0.456444531679, -0.637621462345, -0.751668512821, -0.81666213274, -0.825611650944],
        "stdev": [0.0809077322483, 0.235777243972, 0.174806833267, 0.0768459364772, 0.0295146945864, 0.0203328132629]
    },
    "scvalleys": {
        "mean": [-4.46788883209, -5.3432431221, -7.07234859467, -7.9833073616, -8.16564559937, -8.57036876678],
        "stdev": [0.561055183411, 1.00929045677, 0.836129486561, 0.700905561447, 0.600066483021, 0.703932642937]
    }
},
"rhythm": {
    "bpm": 109.956787109,
    "confidence": 0,
    "first_peak_bpm": {
        "mean": 110,
        "stdev": 0
    },
    "first_peak_spread": {
        "mean": 0,
        "stdev": 0
    },
    "first_peak_weight": {
        "mean": 1,
        "stdev": 0
    },
    "onset_rate": 4.00896930695,
    "second_peak_bpm": {
        "mean": 0,
        "stdev": 0
    },
    "second_peak_spread": {
        "mean": 0,
        "stdev": 0
    },
    "second_peak_weight": {
        "mean": 0,
        "stdev": 0
    }
},
"sfx": {
    "inharmonicity": {
        "mean": 0.0161169040948,
        "stdev": 0.0422145090997
    },
    "oddtoevenharmonicenergyratio": {
        "mean": 22.610168457,
        "stdev": 131.793884277
    },
    "pitch_after_max_to_before_max_energy_ratio": 0.982299149036,
    "pitch_centroid": 63.8653717041,
    "pitch_max_to_total": 0.538461565971,
    "pitch_min_to_total": 0.430769234896,
    "tristimulus": {
        "mean": [0.651134371758, 0.227914020419, 0.120951667428],
        "stdev": [0.289086222649, 0.199477374554, 0.194099366665]
    }
},
"tonal": {
    "chords_changes_rate": 0,
    "chords_number_rate": 0.0294117648154,
    "chords_strength": {
        "mean": 0.460547298193,
        "stdev": 0.0157374553382
    },
    "key_strength": 0.565699696541,
    "tuning_diatonic_strength": 0.424279391766,
    "tuning_equal_tempered_deviation": 0.0462117679417,
    "tuning_frequency": 439.238189697,
    "tuning_nontempered_energy_ratio": 0.622829198837,
    "hpcp": {
        "mean": [0.000590289477259, 0.00592118501663, 0.0154502904043, 0.017958316952, 0.00874768383801, 0.0010378442239, 0.00225864932872, 0.0270232912153, 0.222995832562, 0.281483411789, 0.0860606729984, 0.00289054820314, 0.000697947689332, 0.00246675754897, 0.0115754269063, 0.018387241289, 0.0340768992901, 0.137863859534, 0.241729423404, 0.132197648287, 0.0100341336802, 0.0110036749393, 0.00929469242692, 0.274308204651, 0.557748198509, 0.307677924633, 0.0567274428904, 0.0895971804857, 0.0586563721299, 0.0103960419074, 0.00510058226064, 0.00174749805592, 0.000722981989384, 0.00051497091772, 0.000309399561957, 0.000301419524476],
        "stdev": [0.00153167254757, 0.0262929741293, 0.0470784418285, 0.0388076901436, 0.0192927718163, 0.0023639826104, 0.00468291575089, 0.0431883409619, 0.290253430605, 0.34201413393, 0.0945103913546, 0.00943938083947, 0.00119782157708, 0.0117710204795, 0.0617600828409, 0.0717427134514, 0.168882161379, 0.223281547427, 0.395684152842, 0.234863445163, 0.0388270355761, 0.0569761358202, 0.0246248152107, 0.255480885506, 0.482581347227, 0.279474377632, 0.118563234806, 0.246932461858, 0.165572956204, 0.0372820273042, 0.0142002291977, 0.00226929504424, 0.00159095344134, 0.00170618062839, 0.00114325457253, 0.000734849949367]
    },
    "chords_histogram": [0, 0, 100, 0, 0, 0, 0, 0, 0, 0, 0, 0, 0, 0, 0, 0, 0, 0, 0, 0, 0, 0, 0, 0],