{
"metadata": {
    "version": {
        "essentia": "2.1-beta5-dev"
    }
},
"lowLevel": {
    "average_loudness": 0.99068403244,
    "barkbands_kurtosis": {
        "mean": 29.7449321747,
        "stdev": 32.8173942566
    },
    "barkbands_skewness": {
        "mean": 2.36083102226,
        "stdev": 2.46297025681
    },
    "barkbands_spread": {
        "mean": 10.2100915909,
        "stdev": 18.414812088
    },
    "dissonance": {
        "mean": 0.18586269021,
        "stdev": 0.115323677659
    },
    "hfc": {
        "mean": 130.0965271,
        "stdev": 111.113037109
    },
    "pitch": {
        "mean": 653.391723633,
        "stdev": 1069.44433594
    },
    "pitch_instantaneous_confidence": {
        "mean": 0.679145812988,
        "stdev": 0.288615882397
    },
    "pitch_salience": {
        "mean": 0.441707491875,
        "stdev": 0.163945257664
    },
    "silence_rate_20dB": {
        "mean": 0.551020383835,
        "stdev": 0.497389942408
    },
    "silence_rate_30dB": {
        "mean": 0.285714298487,
        "stdev": 0.451753973961
    },
    "silence_rate_60dB": {
        "mean": 0.122448980808,
        "stdev": 0.327803641558
    },
    "spectral_centroid": {
        "mean": 591.104125977,
        "stdev": 615.820861816
    },
    "spectral_complexity": {
        "mean": 7.13265323639,
        "stdev": 2.84510946274
    },
    "spectral_crest": {
        "mean": 16.1459751129,
        "stdev": 5.50202608109
    },
    "spectral_decrease": {
        "mean": -1.73618644794e-07,
        "stdev": 1.40439851748e-07
    },
    "spectral_energy": {
        "mean": 0.340397149324,
        "stdev": 0.275850743055
    },
    "spectral_energyband_high": {
        "mean": 0.000421073433245,
        "stdev": 0.000475360488053
    },
    "spectral_energyband_low": {
        "mean": 0.0226832330227,
        "stdev": 0.0143901472911
    },
    "spectral_energyband_middle_high": {
        "mean": 0.00444519240409,
        "stdev": 0.0057995216921
    },
    "spectral_energyband_middle_low": {
        "mean": 0.320342689753,
        "stdev": 0.272193968296
    },
    "spectral_flatness_db": {
        "mean": 0.253962010145,
        "stdev": 0.0991109833121
    },
    "spectral_flux": {
        "mean": 0.109889805317,
        "stdev": 0.127488970757
    },
    "spectral_kurtosis": {
        "mean": 10.3859291077,
        "stdev": 7.51897001266
    },
    "spectral_rms": {
        "mean": 0.0223259851336,
        "stdev": 0.0128488261253
    },
    "spectral_rolloff": {
        "mean": 931.640808105,
        "stdev": 1484.86254883
    },
    "spectral_skewness": {
        "mean": 2.93189883232,
        "stdev": 1.18401825428
    },
    "spectral_spread": {
        "mean": 13426789,
        "stdev": 7370400
    },
    "spectral_strongpeak": {
        "mean": 3.46010112762,
        "stdev": 2.68621206284
    },
    "zerocrossingrate": {
        "mean": 0.0370495840907,
        "stdev": 0.0435618311167
    },
    "barkbands": {
        "mean": [0.000129274980281, 0.00373028405011, 0.0131531041116, 0.00868270546198, 0.00362481013872, 0.101523369551, 0.196234002709, 0.000497934641317, 0.00447518890724, 0.00543747562915, 0.000133966561407, 0.00177984230686, 0.000132376866532, 0.000163269025506, 3.18972815876e-05, 8.89990988071e-05, 3.05536959786e-05, 1.27776011141e-05, 8.62934248289e-05, 7.93167273514e-05, 0.000123876874568, 8.26019386295e-05, 4.65650155093e-05, 3.18963939208e-05, 3.58898687409e-05, 3.57238859579e-05, 1.25854494399e-05],
        "stdev": [0.00016368519573, 0.00216592801735, 0.00775560317561, 0.00798583030701, 0.00736731756479, 0.126803249121, 0.217116877437, 0.000809567631222, 0.00829316489398, 0.0101220514625, 0.000593213189859, 0.00281097902916, 0.000121174613014, 0.000265239505097, 5.89698938711e-05, 0.000113515314297, 2.74784215435e-05, 1.66264708241e-05, 7.61570117902e-05, 6.21920480626e-05, 0.000136130460305, 0.000103374142782, 5.72394710616e-05, 3.76941025024e-05, 5.51345547137e-05, 7.06414939486e-05, 3.5585497244e-05]
    },
    "mfcc": {
        "mean": [-613.655029297, 144.668273926, 47.2228240967, 30.0355052948, -18.6686820984, 2.1466999054, -4.92585611343, -12.2622060776, -9.58696079254, -0.854519426823, -3.08604049683, 5.43623304367, 7.52635765076],
        "stdev": [53.922077179, 42.266872406, 18.9609794617, 15.0014915466, 13.7727127075, 14.1892251968, 10.1695814133, 10.1429491043, 10.4353151321, 7.94528913498, 8.49526786804, 9.10210132599, 8.53242588043]
    },
    "sccoeffs": {
        "mean": [-0.671405613422, -0.388929784298, -0.602940917015, -0.700875401497, -0.792952656746, -0.810855150223],
        "stdev": [0.106801100075, 0.28647506237, 0.175823107362, 0.0991650298238, 0.0291419941932, 0.0156233347952]
    },
    "scvalleys": {
        "mean": [-4.10517120361, -4.94245243073, -6.29586315155, -7.35887622833, -7.39186954498, -8.06918048859],
        "stdev": [0.885824143887, 0.757617712021, 0.607853770256, 0.477360606194, 0.344869315624, 0.44182986021]
    }
},
"rhythm": {
    "bpm": 143.554672241,
    "confidence": 0,
    "first_peak_bpm": {
        "mean": 144,
        "stdev": 0
    },
    "first_peak_spread": {
        "mean": 0,
        "stdev": 0
    },
    "first_peak_weight": {
        "mean": 1,
        "stdev": 0
    },
    "onset_rate": 5.34318780899,
    "second_peak_bpm": {
        "mean": 0,
        "stdev": 0
    },
    "second_peak_spread": {
        "mean": 0,
        "stdev": 0
    },
    "second_peak_weight": {
        "mean": 0,
        "stdev": 0
    }
},
"sfx": {
    "inharmonicity": {
        "mean": 0.015130488202,
        "stdev": 0.0395544841886
    },
    "oddtoevenharmonicenergyratio": {
        "mean": 0.152741461992,
        "stdev": 0.477123081684
    },
    "pitch_after_max_to_before_max_energy_ratio": 0.994084596634,
    "pitch_centroid": 56.5128974915,
    "pitch_max_to_total": 0.693877577782,
    "pitch_min_to_total": 0.68367344141,
    "tristimulus": {
        "mean": [0.713676273823, 0.175976455212, 0.110347300768],
        "stdev": [0.217943683267, 0.0866660475731, 0.189988642931]
    }
},
"tonal": {
    "chords_changes_rate": 0.0769230797887,
    "chords_number_rate": 0.115384615958,
    "chords_strength": {
        "mean": 0.307005345821,
        "stdev": 0.0129889920354
    },
    "key_strength": 0.471004754305,
    "tuning_diatonic_strength": 0.426806151867,
    "tuning_equal_tempered_deviation": 0.0993176102638,
    "tuning_frequency": 438.984558105,
    "tuning_nontempered_energy_ratio": 0.637753248215,
    "hpcp": {
        "mean": [0.036517739296, 0.0270998682827, 0.0238277036697, 0.0129327373579, 0.0172511655837, 0.0251083858311, 0.0427722483873, 0.0586561337113, 0.06629948318, 0.0541559644043, 0.0309822671115, 0.0592390038073, 0.0897768586874, 0.0809844061732, 0.0528321936727, 0.0410390347242, 0.0386971458793, 0.0711949020624, 0.102536484599, 0.0512631759048, 0.0210331380367, 0.0325300917029, 0.0464980341494, 0.281492114067, 0.449898570776, 0.210023462772, 0.0464095063508, 0.0586123429239, 0.0627567321062, 0.318161487579, 0.574316561222, 0.328270941973, 0.0575154572725, 0.0262473709881, 0.0172854810953, 0.0401954874396],
        "stdev": [0.0779591649771, 0.0698097422719, 0.0742372870445, 0.0314219631255, 0.041256878525, 0.0630782023072, 0.106274746358, 0.142294645309, 0.174306049943, 0.144851818681, 0.0840012729168, 0.169161513448, 0.233323484659, 0.211702510715, 0.192253276706, 0.140425339341, 0.109399467707, 0.181533947587, 0.27394387126, 0.147036597133, 0.0507591404021, 0.080552585423, 0.0847916007042, 0.275940984488, 0.414951354265, 0.192827984691, 0.175538882613, 0.198171004653, 0.14740164578, 0.283068776131, 0.47467648983, 0.298482269049, 0.12259991467, 0.0674785450101, 0.0406284593046, 0.0935422480106]
    },
    "chords_histogram": [92.3076934814, 0, 3.84615373611, 0, 0, 0, 0, 3.84615373611, 0, 0, 0, 0, 0, 0, 0, 0, 0, 0, 0, 0, 0, 0, 0, 0],