{
"metadata": {
    "version": {
        "essentia": "2.1-beta5-dev"
    }
},
"lowLevel": {
    "average_loudness": 0.99068403244,
    "barkbands_kurtosis": {
        "mean": 29.5979785919,
        "stdev": 34.214012146
    },
    "barkbands_skewness": {
        "mean": 3.10296416283,
        "stdev": 2.81170153618
    },
    "barkbands_spread": {
        "mean": 4.86747169495,
        "stdev": 2.60118842125
    },
    "dissonance": {
        "mean": 0.21279720962,
        "stdev": 0.106899484992
    },
    "hfc": {
        "mean": 85.2530517578,
        "stdev": 134.759872437
    },
    "pitch": {
        "mean": 577.12713623,
        "stdev": 937.48223877
    },
    "pitch_instantaneous_confidence": {
        "mean": 0.572449028492,
        "stdev": 0.312375575304
    },
    "pitch_salience": {
        "mean": 0.478877216578,
        "stdev": 0.108360514045
    },
    "silence_rate_20dB": {
        "mean": 0.826666653156,
        "stdev": 0.378535270691
    },
    "silence_rate_30dB": {
        "mean": 0.533333361149,
        "stdev": 0.498887777328
    },
    "silence_rate_60dB": {
        "mean": 0,
        "stdev": 0
    },
    "spectral_centroid": {
        "mean": 309.603668213,
        "stdev": 165.243667603
    },
    "spectral_complexity": {
        "mean": 6.71999979019,
        "stdev": 2.66613316536
    },
    "spectral_crest": {
        "mean": 14.4204683304,
        "stdev": 4.67530059814
    },
    "spectral_decrease": {
        "mean": -9.27070047396e-08,
        "stdev": 1.05198999734e-07
    },
    "spectral_energy": {
        "mean": 0.183193415403,
        "stdev": 0.211213439703
    },
    "spectral_energyband_high": {
        "mean": 0.000254982092883,
        "stdev": 0.000151723797899
    },
    "spectral_energyband_low": {
        "mean": 0.0391689166427,
        "stdev": 0.0271488782018
    },
    "spectral_energyband_middle_high": {
        "mean": 0.0125067913905,
        "stdev": 0.026496771723
    },
    "spectral_energyband_middle_low": {
        "mean": 0.136876523495,
        "stdev": 0.191834881902
    },
    "spectral_flatness_db": {
        "mean": 0.253936856985,
        "stdev": 0.0480356551707
    },
    "spectral_flux": {
        "mean": 0.123973757029,
        "stdev": 0.102845743299
    },
    "spectral_kurtosis": {
        "mean": 9.14352416992,
        "stdev": 6.32195425034
    },
    "spectral_rms": {
        "mean": 0.0164717491716,
        "stdev": 0.00926194433123
    },
    "spectral_rolloff": {
        "mean": 375.5390625,
        "stdev": 178.686309814
    },
    "spectral_skewness": {
        "mean": 2.86308169365,
        "stdev": 0.755736172199
    },
    "spectral_spread": {
        "mean": 12530743,
        "stdev": 4356970
    },
    "spectral_strongpeak": {
        "mean": 2.2440726757,
        "stdev": 2.81268310547
    },
    "zerocrossingrate": {
        "mean": 0.0211848951876,
        "stdev": 0.00733393197879
    },
    "barkbands": {
        "mean": [0.002229063306, 0.0127977207303, 0.0186367016286, 0.00753880897537, 0.00246750260703, 0.00149192858953, 0.0464273430407, 0.078181385994, 0.000605147273745, 0.000250410783337, 0.00360972015187, 0.00177643995266, 0.000242237219936, 0.0062611089088, 1.00644201666e-05, 0.000187479163287, 0.000115234892291, 1.22218689285e-05, 7.41845215089e-05, 6.496583228e-05, 7.63005737099e-05, 4.65723314846e-05, 3.32021409122e-05, 1.90547343664e-05, 1.87798141269e-05, 1.56691548909e-05, 4.13690713685e-06],
        "stdev": [0.0043970355764, 0.0116410776973, 0.0108773251995, 0.00467131426558, 0.00288721057586, 0.00276571745053, 0.0571350827813, 0.167019695044, 0.00245023122989, 0.000449823768577, 0.0076904357411, 0.00440683355555, 0.000495076877996, 0.0148711046204, 1.71658048203e-05, 0.000401076074922, 0.000335239776177, 1.96503096959e-05, 5.01385002281e-05, 5.93916629441e-05, 5.72837852815e-05, 3.36467564921e-05, 2.21711343329e-05, 1.48316512423e-05, 1.19297537822e-05, 1.24718462757e-05, 4.28566545452e-06]
    },
    "mfcc": {
        "mean": [-626.305114746, 146.429626465, 44.7120018005, 35.458984375, -7.8348941803, 12.0946626663, 4.95304918289, -3.14335274696, -2.99185180664, 13.6740913391, 15.642824173, 20.0218067169, 10.3105688095],
        "stdev": [55.2706184387, 23.0682926178, 26.1293506622, 21.3287773132, 15.6642866135, 12.8111085892, 14.8104200363, 11.9038047791, 10.2056322098, 10.3462018967, 11.5315237045, 10.9340867996, 9.21043300629]
    },
    "sccoeffs": {
        "mean": [-0.596462011337, -0.549495756626, -0.700096786022, -0.671673357487, -0.784592986107, -0.814659178257],
        "stdev": [0.121372975409, 0.260318934917, 0.161585018039, 0.142979174852, 0.0385250970721, 0.0210706368089]
    },
    "scvalleys": {
        "mean": [-3.84467983246, -4.93562793732, -6.43286561966, -7.44545793533, -7.52270412445, -8.23839569092],
        "stdev": [0.538889110088, 0.868872642517, 0.696037650108, 0.491672366858, 0.394753545523, 0.347644895315]
    }
},
"rhythm": {
    "bpm": 0,
    "confidence": 0,
    "first_peak_bpm": {
        "mean": 0,
        "stdev": 0
    },
    "first_peak_spread": {
        "mean": 0,
        "stdev": 0
    },
    "first_peak_weight": {
        "mean": 0,
        "stdev": 0
    },
    "onset_rate": 5.87890291214,
    "second_peak_bpm": {
        "mean": 0,
        "stdev": 0
    },
    "second_peak_spread": {
        "mean": 0,
        "stdev": 0
    },
    "second_peak_weight": {
        "mean": 0,
        "stdev": 0
    }
},
"sfx": {
    "inharmonicity": {
        "mean": 0.0271823368967,
        "stdev": 0.0483389273286
    },
    "oddtoevenharmonicenergyratio": {
        "mean": 8.83610343933,
        "stdev": 64.9049835205
    },
    "pitch_after_max_to_before_max_energy_ratio": 3.91383671761,
    "pitch_centroid": 29.8389186859,
    "pitch_max_to_total": 0.0933333337307,
    "pitch_min_to_total": 0.733333349228,
    "tristimulus": {
        "mean": [0.573255181313, 0.234512895346, 0.192231863737],
        "stdev": [0.342707365751, 0.200770750642, 0.282485902309]
    }
},
"tonal": {
    "chords_changes_rate": 0,
    "chords_number_rate": 0.0500000007451,
    "chords_strength": {
        "mean": 0.573812186718,
        "stdev": 1.19209289551e-07
    },
    "key_strength": 0.744448959827,
    "tuning_diatonic_strength": 0.524139821529,
    "tuning_equal_tempered_deviation": 0.0293193422258,
    "tuning_frequency": 438.477722168,
    "tuning_nontempered_energy_ratio": 0.642253756523,
    "hpcp": {
        "mean": [0.0271286666393, 0.0208835788071, 0.0855018123984, 0.115088663995, 0.0404534488916, 0.00295456219465, 0.00526991812512, 0.0227880533785, 0.321217745543, 0.508786141872, 0.210219189525, 0.0092609077692, 0.00670624664053, 0.00506381411105, 0.0579278245568, 0.07920255512, 0.0266831405461, 0.00774890184402, 0.0128901768476, 0.00707929721102, 0.00198156712577, 0.00438073882833, 0.0123692043126, 0.127325847745, 0.311585426331, 0.247557878494, 0.0556259863079, 0.00252953148447, 0.00121376896277, 0.00916302576661, 0.0229244995862, 0.0328312218189, 0.133369535208, 0.222598597407, 0.113406039774, 0.0212307553738],
        "stdev": [0.0339654646814, 0.023677887395, 0.178609266877, 0.254167944193, 0.0896842181683, 0.00618419144303, 0.0109927589074, 0.0417379364371, 0.32201859355, 0.483791947365, 0.2087983042, 0.032075908035, 0.0199909843504, 0.0133484229445, 0.182067260146, 0.244590342045, 0.0778566673398, 0.0131631167606, 0.0215459428728, 0.0126978298649, 0.00184631627053, 0.00440890807658, 0.0245074816048, 0.198938339949, 0.399936884642, 0.358464151621, 0.123629927635, 0.00432657869533, 0.00158349820413, 0.0138891981915, 0.0433597788215, 0.0629280954599, 0.246967539191, 0.400359481573, 0.223625481129, 0.0352834127843]
    },
    "chords_histogram": [100, 0, 0, 0, 0, 0, 0, 0, 0, 0, 0, 0, 0, 0, 0, 0, 0, 0, 0, 0, 0, 0, 0, 0],