{
"metadata": {
    "version": {
        "essentia": "2.1-beta5-dev"
    }
},
"lowLevel": {
    "average_loudness": 0.99068403244,
    "barkbands_kurtosis": {
        "mean": 21.0489559174,
        "stdev": 31.2719612122
    },
    "barkbands_skewness": {
        "mean": 2.76747751236,
        "stdev": 2.49406790733
    },
    "barkbands_spread": {
        "mean": 11.6377906799,
        "stdev": 14.6900548935
    },
    "dissonance": {
        "mean": 0.229548037052,
        "stdev": 0.124210648239
    },
    "hfc": {
        "mean": 56.2907752991,
        "stdev": 67.2155456543
    },
    "pitch": {
        "mean": 618.228942871,
        "stdev": 1063.8347168
    },
    "pitch_instantaneous_confidence": {
        "mean": 0.55961304903,
        "stdev": 0.254885911942
    },
    "pitch_salience": {
        "mean": 0.55401456356,
        "stdev": 0.0950373411179
    },
    "silence_rate_20dB": {
        "mean": 0.878260850906,
        "stdev": 0.326983839273
    },
    "silence_rate_30dB": {
        "mean": 0.391304343939,
        "stdev": 0.488042056561
    },
    "silence_rate_60dB": {
        "mean": 0.0782608687878,
        "stdev": 0.268581628799
    },
    "spectral_centroid": {
        "mean": 450.517181396,
        "stdev": 547.336242676
    },
    "spectral_complexity": {
        "mean": 6.39130449295,
        "stdev": 2.15767860413
    },
    "spectral_crest": {
        "mean": 9.83924865723,
        "stdev": 3.01316308975
    },
    "spectral_decrease": {
        "mean": -8.20856840278e-08,
        "stdev": 6.65995329996e-08
    },
    "spectral_energy": {
        "mean": 0.160464197397,
        "stdev": 0.131547436118
    },
    "spectral_energyband_high": {
        "mean": 0.000448848120868,
        "stdev": 0.000497835455462
    },
    "spectral_energyband_low": {
        "mean": 0.07309935987,
        "stdev": 0.058400683105
    },
    "spectral_energyband_middle_high": {
        "mean": 0.0244056675583,
        "stdev": 0.0524013340473
    },
    "spectral_energyband_middle_low": {
        "mean": 0.0777065306902,
        "stdev": 0.0638004094362
    },
    "spectral_flatness_db": {
        "mean": 0.231741040945,
        "stdev": 0.0694181919098
    },
    "spectral_flux": {
        "mean": 0.104061931372,
        "stdev": 0.0774237066507
    },
    "spectral_kurtosis": {
        "mean": 9.97871589661,
        "stdev": 10.5016241074
    },
    "spectral_rms": {
        "mean": 0.0159388743341,
        "stdev": 0.00766473123804
    },
    "spectral_rolloff": {
        "mean": 808.899414062,
        "stdev": 1298.79956055
    },
    "spectral_skewness": {
        "mean": 2.77017593384,
        "stdev": 1.35428333282
    },
    "spectral_spread": {
        "mean": 15197702,
        "stdev": 7954873
    },
    "spectral_strongpeak": {
        "mean": 0.872094511986,
        "stdev": 1.20356869698
    },
    "zerocrossingrate": {
        "mean": 0.0412364117801,
        "stdev": 0.0379914417863
    },
    "barkbands": {
        "mean": [0.00387397943996, 0.021687310189, 0.0336941070855, 0.0224496182054, 0.00258742482401, 0.0147682698444, 0.0314899906516, 0.00194481119979, 0.00305471103638, 0.0110663818195, 0.0106821488589, 1.76110188477e-05, 0.00192396622151, 3.01717846014e-05, 0.00042306171963, 9.98513132799e-05, 8.63183449837e-05, 1.25593705889e-05, 9.28580266191e-05, 7.13883855497e-05, 0.000132849876536, 9.11118477234e-05, 4.92335675517e-05, 4.08880950999e-05, 4.21475160692e-05, 3.87057225453e-05, 1.21087959997e-05],
        "stdev": [0.00571861024946, 0.0153128346428, 0.028724193573, 0.0244550462812, 0.00344931590371, 0.0244051981717, 0.046290718019, 0.00222594197839, 0.00618124101311, 0.0290852934122, 0.0195026937872, 4.14427486248e-05, 0.00484017422423, 6.92763424013e-05, 0.000740205461625, 0.000105857980088, 0.000117534887977, 1.15893617476e-05, 8.51717122714e-05, 7.91740021668e-05, 0.000164430879522, 0.000109225293272, 6.59511715639e-05, 4.84248048451e-05, 5.6191769545e-05, 4.92941871926e-05, 1.93382529687e-05]
    },
    "mfcc": {
        "mean": [-617.717529297, 138.428192139, 48.3890037537, 40.4388809204, -1.51444745064, 11.53383255, 1.42738807201, 0.227864906192, 6.22834014893, 9.45144081116, -0.0738274976611, 3.39337921143, 6.84861135483],
        "stdev": [44.063167572, 45.7909011841, 22.3018398285, 22.3262004852, 18.3482475281, 13.9663181305, 11.0109777451, 11.0731401443, 10.1456832886, 9.95391559601, 10.038725853, 8.71966743469, 12.1461906433]
    },
    "sccoeffs": {
        "mean": [-0.556502699852, -0.515522062778, -0.55372595787, -0.698722660542, -0.777740359306, -0.81424933672],
        "stdev": [0.137224420905, 0.228899374604, 0.228416889906, 0.134446769953, 0.0388653986156, 0.0179677624255]
    },
    "scvalleys": {
        "mean": [-3.82132792473, -5.35804653168, -6.96081447601, -7.38321590424, -7.44079494476, -8.00444507599],
        "stdev": [0.820092618465, 0.56283634901, 0.508302569389, 0.432258874178, 0.385086447001, 0.534894883633]
    }
},
"rhythm": {
    "bpm": 139.674835205,
    "confidence": 0,
    "first_peak_bpm": {
        "mean": 140,
        "stdev": 0
    },
    "first_peak_spread": {
        "mean": 0,
        "stdev": 0
    },
    "first_peak_weight": {
        "mean": 1,
        "stdev": 0
    },
    "onset_rate": 5.32103776932,
    "second_peak_bpm": {
        "mean": 0,
        "stdev": 0
    },
    "second_peak_spread": {
        "mean": 0,
        "stdev": 0
    },
    "second_peak_weight": {
        "mean": 0,
        "stdev": 0
    }
},
"sfx": {
    "inharmonicity": {
        "mean": 0.0248615909368,
        "stdev": 0.0455177873373
    },
    "oddtoevenharmonicenergyratio": {
        "mean": 20.8786315918,
        "stdev": 132.378265381
    },
    "pitch_after_max_to_before_max_energy_ratio": 0.274450927973,
    "pitch_centroid": 61.2462348938,
    "pitch_max_to_total": 0.92173910141,
    "pitch_min_to_total": 0.852173924446,
    "tristimulus": {
        "mean": [0.471258997917, 0.362836480141, 0.165904521942],
        "stdev": [0.271709382534, 0.197813540697, 0.21438999474]
    }
},
"tonal": {
    "chords_changes_rate": 0,
    "chords_number_rate": 0.0333333350718,
    "chords_strength": {
        "mean": 0.465171426535,
        "stdev": 0.013264182955
    },
    "key_strength": 0.676187157631,
    "tuning_diatonic_strength": 0.539538502693,
    "tuning_equal_tempered_deviation": 0.131066039205,
    "tuning_frequency": 437.213165283,
    "tuning_nontempered_energy_ratio": 0.689097285271,
    "hpcp": {
        "mean": [0.162278577685, 0.161561056972, 0.272078126669, 0.281551331282, 0.0881304889917, 0.0172221772373, 0.0380882807076, 0.0339174903929, 0.0108463736251, 0.00949269719422, 0.0128078721464, 0.0118434187025, 0.0227765385062, 0.0287831015885, 0.0410211123526, 0.0444918721914, 0.0320083163679, 0.269241243601, 0.486830353737, 0.249603167176, 0.0235640238971, 0.0293397605419, 0.0662143751979, 0.186874315143, 0.211328908801, 0.0723006054759, 0.00344011024572, 0.002546466887, 0.00450495351106, 0.0238570403308, 0.0295540727675, 0.0111563634127, 0.00419147498906, 0.00379826594144, 0.00618738634512, 0.0782709866762],
        "stdev": [0.343423992395, 0.207472622395, 0.334520280361, 0.337857097387, 0.103153556585, 0.038877543062, 0.123072341084, 0.110690914094, 0.0295725427568, 0.0279389433563, 0.0526439733803, 0.0329521149397, 0.0879652053118, 0.108396433294, 0.162700265646, 0.180494263768, 0.0635974705219, 0.255656212568, 0.476289480925, 0.236100286245, 0.0478285476565, 0.0812778025866, 0.190323799849, 0.314783930779, 0.387821882963, 0.144172713161, 0.00947972759604, 0.00699999695644, 0.0138696748763, 0.0914120078087, 0.113820806146, 0.0386671870947, 0.0111921560019, 0.00938213150948, 0.0152133153751, 0.174715340137]
    },
    "chords_histogram": [100, 0, 0, 0, 0, 0, 0, 0, 0, 0, 0, 0, 0, 0, 0, 0, 0, 0, 0, 0, 0, 0, 0, 0],