{
"metadata": {
    "version": {
        "essentia": "2.1-beta5-dev"
    }
},
"lowLevel": {
    "average_loudness": 0.99068403244,
    "barkbands_kurtosis": {
        "mean": 37.913269043,
        "stdev": 36.0847511292
    },
    "barkbands_skewness": {
        "mean": 3.81511807442,
        "stdev": 2.38580942154
    },
    "barkbands_spread": {
        "mean": 5.18678236008,
        "stdev": 6.35326528549
    },
    "dissonance": {
        "mean": 0.249097749591,
        "stdev": 0.0949135646224
    },
    "hfc": {
        "mean": 29.3737869263,
        "stdev": 31.0749015808
    },
    "pitch": {
        "mean": 456.066680908,
        "stdev": 1007.02087402
    },
    "pitch_instantaneous_confidence": {
        "mean": 0.41628280282,
        "stdev": 0.225997939706
    },
    "pitch_salience": {
        "mean": 0.581321179867,
        "stdev": 0.100919321179
    },
    "silence_rate_20dB": {
        "mean": 0.948148131371,
        "stdev": 0.221727699041
    },
    "silence_rate_30dB": {
        "mean": 0.659259259701,
        "stdev": 0.473958522081
    },
    "silence_rate_60dB": {
        "mean": 0.00740740727633,
        "stdev": 0.0857470929623
    },
    "spectral_centroid": {
        "mean": 254.575637817,
        "stdev": 188.104141235
    },
    "spectral_complexity": {
        "mean": 6.71851873398,
        "stdev": 3.87900710106
    },
    "spectral_crest": {
        "mean": 12.3055343628,
        "stdev": 3.82155513763
    },
    "spectral_decrease": {
        "mean": -5.81647192632e-08,
        "stdev": 4.80095181388e-08
    },
    "spectral_energy": {
        "mean": 0.112749032676,
        "stdev": 0.0936035737395
    },
    "spectral_energyband_high": {
        "mean": 0.000269057811238,
        "stdev": 0.000354636838892
    },
    "spectral_energyband_low": {
        "mean": 0.0344213545322,
        "stdev": 0.0241944622248
    },
    "spectral_energyband_middle_high": {
        "mean": 0.000873926386703,
        "stdev": 0.0011838687351
    },
    "spectral_energyband_middle_low": {
        "mean": 0.0832355841994,
        "stdev": 0.0978467538953
    },
    "spectral_flatness_db": {
        "mean": 0.243843361735,
        "stdev": 0.0608997493982
    },
    "spectral_flux": {
        "mean": 0.10849647969,
        "stdev": 0.0534093119204
    },
    "spectral_kurtosis": {
        "mean": 9.5538892746,
        "stdev": 6.3251914978
    },
    "spectral_rms": {
        "mean": 0.0135125434026,
        "stdev": 0.00609875563532
    },
    "spectral_rolloff": {
        "mean": 353.782562256,
        "stdev": 290.505340576
    },
    "spectral_skewness": {
        "mean": 2.90876293182,
        "stdev": 0.892430782318
    },
    "spectral_spread": {
        "mean": 13037379,
        "stdev": 5985331
    },
    "spectral_strongpeak": {
        "mean": 0.76293438673,
        "stdev": 0.843045949936
    },
    "zerocrossingrate": {
        "mean": 0.0210792832077,
        "stdev": 0.0156545341015
    },
    "barkbands": {
        "mean": [0.00274506048299, 0.0122079979628, 0.0135251535103, 0.0089393844828, 0.0484576560557, 0.00516430707648, 0.0146874673665, 0.00359717523679, 0.0021103459876, 0.000320094375638, 0.000187132071005, 0.000149481944391, 0.000152283842908, 7.11558095645e-05, 1.48708240886e-05, 2.35287152464e-05, 2.30151836149e-05, 2.34709768847e-05, 4.86657190777e-05, 7.12396431481e-05, 7.9573255789e-05, 5.38461790711e-05, 2.84704728983e-05, 1.78924165084e-05, 1.84849632205e-05, 2.06393833651e-05, 9.73313217401e-06],
        "stdev": [0.00362312840298, 0.00848923157901, 0.0106144994497, 0.00799123104662, 0.0680104270577, 0.00920519791543, 0.0204848106951, 0.0040897699073, 0.0047176014632, 0.000468072714284, 0.000555090722628, 0.000187806697795, 0.000170754472492, 0.000132222456159, 1.79531034519e-05, 2.98623835988e-05, 8.73384997249e-05, 7.16552385711e-05, 7.13021800038e-05, 0.000121225471958, 0.000102164456621, 8.12027574284e-05, 3.46612469002e-05, 2.45144383371e-05, 3.75069575966e-05, 5.32508129254e-05, 3.62073224096e-05]
    },
    "mfcc": {
        "mean": [-643.788513184, 151.546844482, 59.2067451477, 43.7311820984, -10.9874782562, 12.5960988998, 5.44147253036, -3.76237487793, -4.82663440704, 5.91639471054, 3.39837217331, 6.40836620331, 2.39764809608],
        "stdev": [60.5452346802, 36.0288619995, 14.4543371201, 19.526758194, 18.3688182831, 12.6816082001, 13.0706834793, 13.2633771896, 10.5803136826, 9.37937927246, 6.75767803192, 8.6502494812, 7.92960262299]
    },
    "sccoeffs": {
        "mean": [-0.556875109673, -0.695252597332, -0.751277923584, -0.761451125145, -0.808436751366, -0.811825633049],
        "stdev": [0.121937990189, 0.12854975462, 0.0959502011538, 0.0509472563863, 0.0280816741288, 0.0253051035106]
    },
    "scvalleys": {
        "mean": [-3.65310192108, -4.76272010803, -6.30407905579, -7.39167308807, -7.63690948486, -8.39929199219],
        "stdev": [0.718839883804, 0.975651502609, 0.829041302204, 0.750853717327, 0.580695927143, 0.563869953156]
    }
},
"rhythm": {
    "bpm": 164.103851318,
    "confidence": 0,
    "first_peak_bpm": {
        "mean": 161,
        "stdev": 0
    },
    "first_peak_spread": {
        "mean": 0,
        "stdev": 0
    },
    "first_peak_weight": {
        "mean": 0.333333343267,
        "stdev": 0
    },
    "onset_rate": 5.81342554092,
    "second_peak_bpm": {
        "mean": 167,
        "stdev": 0
    },
    "second_peak_spread": {
        "mean": 0,
        "stdev": 0
    },
    "second_peak_weight": {
        "mean": 0.333333343267,
        "stdev": 0
    }
},
"sfx": {
    "inharmonicity": {
        "mean": 0.0417366027832,
        "stdev": 0.0510711930692
    },
    "oddtoevenharmonicenergyratio": {
        "mean": 1.98683786392,
        "stdev": 7.62819480896
    },
    "pitch_after_max_to_before_max_energy_ratio": 0.165522187948,
    "pitch_centroid": 57.2590484619,
    "pitch_max_to_total": 0.385185182095,
    "pitch_min_to_total": 0.40000000596,
    "tristimulus": {
        "mean": [0.346158355474, 0.437309116125, 0.216532573104],
        "stdev": [0.314509689808, 0.255622327328, 0.241579428315]
    }
},
"tonal": {
    "chords_changes_rate": 0.0285714287311,
    "chords_number_rate": 0.0571428574622,
    "chords_strength": {
        "mean": 0.559326469898,
        "stdev": 0.0166023895144
    },
    "key_strength": 0.576080977917,
    "tuning_diatonic_strength": 0.48889490962,
    "tuning_equal_tempered_deviation": 0.130219727755,
    "tuning_frequency": 441.527557373,
    "tuning_nontempered_energy_ratio": 0.780830860138,
    "hpcp": {
        "mean": [0.0269664507359, 0.124522194266, 0.579302728176, 0.661107003689, 0.204268798232, 0.00479195360094, 0.00553534645587, 0.0267447344959, 0.127186626196, 0.143559932709, 0.0403830818832, 0.00683163385838, 0.0295832250267, 0.0543433539569, 0.122702635825, 0.158525139093, 0.0716990157962, 0.0141441011801, 0.0134179890156, 0.00577271403745, 0.00177277543116, 0.00171928375494, 0.00367015297525, 0.0274428594857, 0.0484496690333, 0.0253531970084, 0.00267398334108, 0.00154234736692, 0.00505480915308, 0.0459090657532, 0.0746552571654, 0.0479356981814, 0.0490855611861, 0.0582046918571, 0.0503224097192, 0.0482806451619],
        "stdev": [0.0939464345574, 0.148068130016, 0.39665427804, 0.416393578053, 0.165110096335, 0.0119891325012, 0.0152630377561, 0.0600418001413, 0.273958206177, 0.319885641336, 0.102961815894, 0.0180814117193, 0.116948649287, 0.199746519327, 0.244076877832, 0.287150681019, 0.150302022696, 0.032871671021, 0.0406168140471, 0.0154575482011, 0.00429274747148, 0.0034786388278, 0.00721527868882, 0.0722630023956, 0.165253579617, 0.103602834046, 0.00801148079336, 0.00311004533432, 0.0112367747352, 0.0804569870234, 0.164215669036, 0.116267323494, 0.169020339847, 0.180333599448, 0.181515499949, 0.169520705938]
    },
    "chords_histogram": [0, 22.8571434021, 77.1428604126, 0, 0, 0, 0, 0, 0, 0, 0, 0, 0, 0, 0, 0, 0, 0, 0, 0, 0, 0, 0, 0],