{
"metadata": {
    "version": {
        "essentia": "2.1-beta5-dev"
    }
},
"lowLevel": {
    "average_loudness": 0.99068403244,
    "barkbands_kurtosis": {
        "mean": 10.6134157181,
        "stdev": 10.5656433105
    },
    "barkbands_skewness": {
        "mean": 1.93286538124,
        "stdev": 1.4649258852
    },
    "barkbands_spread": {
        "mean": 10.790189743,
        "stdev": 11.5957479477
    },
    "dissonance": {
        "mean": 0.201509952545,
        "stdev": 0.0777749121189
    },
    "hfc": {
        "mean": 55.6976547241,
        "stdev": 56.844707489
    },
    "pitch": {
        "mean": 435.893981934,
        "stdev": 794.978942871
    },
    "pitch_instantaneous_confidence": {
        "mean": 0.516480147839,
        "stdev": 0.261834919453
    },
    "pitch_salience": {
        "mean": 0.567512869835,
        "stdev": 0.0862205028534
    },
    "silence_rate_20dB": {
        "mean": 0.796875,
        "stdev": 0.402324795723
    },
    "silence_rate_30dB": {
        "mean": 0.6328125,
        "stdev": 0.482038199902
    },
    "silence_rate_60dB": {
        "mean": 0.0078125,
        "stdev": 0.0880424007773
    },
    "spectral_centroid": {
        "mean": 377.920227051,
        "stdev": 293.455993652
    },
    "spectral_complexity": {
        "mean": 9.6328125,
        "stdev": 4.05791902542
    },
    "spectral_crest": {
        "mean": 10.3072547913,
        "stdev": 3.83634519577
    },
    "spectral_decrease": {
        "mean": -8.10492579717e-08,
        "stdev": 8.13233640429e-08
    },
    "spectral_energy": {
        "mean": 0.158448815346,
        "stdev": 0.158648729324
    },
    "spectral_energyband_high": {
        "mean": 0.000956934411079,
        "stdev": 0.00184307876043
    },
    "spectral_energyband_low": {
        "mean": 0.0667009651661,
        "stdev": 0.0614881850779
    },
    "spectral_energyband_middle_high": {
        "mean": 0.00520708179101,
        "stdev": 0.00748006859794
    },
    "spectral_energyband_middle_low": {
        "mean": 0.0954276025295,
        "stdev": 0.113106802106
    },
    "spectral_flatness_db": {
        "mean": 0.204383268952,
        "stdev": 0.0694349482656
    },
    "spectral_flux": {
        "mean": 0.141184940934,
        "stdev": 0.0770325064659
    },
    "spectral_kurtosis": {
        "mean": 8.95019435883,
        "stdev": 9.48183441162
    },
    "spectral_rms": {
        "mean": 0.0157409664243,
        "stdev": 0.0078159449622
    },
    "spectral_rolloff": {
        "mean": 535.638427734,
        "stdev": 649.658752441
    },
    "spectral_skewness": {
        "mean": 2.69856071472,
        "stdev": 1.26344168186
    },
    "spectral_spread": {
        "mean": 15923151,
        "stdev": 7926372
    },
    "spectral_strongpeak": {
        "mean": 1.41839659214,
        "stdev": 1.94668745995
    },
    "zerocrossingrate": {
        "mean": 0.0345230102539,
        "stdev": 0.0296549573541
    },
    "barkbands": {
        "mean": [0.00790234096348, 0.0251353438944, 0.0238357521594, 0.0134649351239, 0.00479405140504, 0.00336315250024, 0.0612552762032, 0.00920913461596, 0.00328769395128, 0.000200714974198, 0.00388420070522, 0.000222003014642, 0.00038593186764, 0.000218334796955, 7.46934092604e-05, 5.8539564634e-05, 2.50993452937e-05, 2.86443537334e-05, 0.000106079285615, 0.000106103623693, 0.000244369584834, 0.000185948811122, 9.49290842982e-05, 9.54823190114e-05, 0.00012080551096, 0.000103199490695, 4.21092518081e-05],
        "stdev": [0.0112160304561, 0.0203435812145, 0.027052262798, 0.013843415305, 0.00742648262531, 0.00502108596265, 0.0954887568951, 0.0113761406392, 0.00318010780029, 0.000297232501907, 0.0071717989631, 0.000255284685409, 0.000505553383846, 0.000440868985606, 0.000159693372552, 7.07032013452e-05, 3.77147480322e-05, 5.9971040173e-05, 0.000180440634722, 0.000137556824484, 0.00043384442688, 0.000329923612298, 0.000176019937498, 0.000217955079279, 0.000279230705928, 0.000273892888799, 0.000131522523589]
    },
    "mfcc": {
        "mean": [-596.059570312, 152.701080322, 55.7023544312, 25.0861873627, -16.1288356781, 11.5303258896, 3.74037694931, -1.46550011635, 3.31501793861, 9.68737888336, 9.19296264648, 10.7658166885, 8.59659671783],
        "stdev": [42.068031311, 38.806552887, 10.6615543365, 15.2462711334, 9.55113792419, 6.46365261078, 8.07377910614, 7.4145321846, 9.00083351135, 6.8769364357, 6.02427768707, 8.6641626358, 11.016462326]
    },
    "sccoeffs": {
        "mean": [-0.606673955917, -0.596776902676, -0.625871539116, -0.710105776787, -0.805271625519, -0.807189047337],
        "stdev": [0.138274416327, 0.145167499781, 0.121787622571, 0.0732585415244, 0.031677134335, 0.0224431157112]
    },
    "scvalleys": {
        "mean": [-3.44385004044, -4.3008480072, -6.11985683441, -7.10550165176, -7.38180208206, -7.87396860123],
        "stdev": [0.534947991371, 0.573338866234, 0.529353499413, 0.430031001568, 0.516177594662, 0.666312873363]
    }
},
"rhythm": {
    "bpm": 166.708648682,
    "confidence": 0,
    "first_peak_bpm": {
        "mean": 167,
        "stdev": 0
    },
    "first_peak_spread": {
        "mean": 0,
        "stdev": 0
    },
    "first_peak_weight": {
        "mean": 0.333333343267,
        "stdev": 0
    },
    "onset_rate": 3.3947622776,
    "second_peak_bpm": {
        "mean": 172,
        "stdev": 0
    },
    "second_peak_spread": {
        "mean": 0,
        "stdev": 0
    },
    "second_peak_weight": {
        "mean": 0.333333343267,
        "stdev": 0
    }
},
"sfx": {
    "inharmonicity": {
        "mean": 0.040680270642,
        "stdev": 0.048471223563
    },
    "oddtoevenharmonicenergyratio": {
        "mean": 31.6367053986,
        "stdev": 139.561309814
    },
    "pitch_after_max_to_before_max_energy_ratio": 3.78606057167,
    "pitch_centroid": 70.2126998901,
    "pitch_max_to_total": 0.4609375,
    "pitch_min_to_total": 0.390625,
    "tristimulus": {
        "mean": [0.405795842409, 0.402478128672, 0.191726058722],
        "stdev": [0.312147051096, 0.192145571113, 0.16854634881]
    }
},
"tonal": {
    "chords_changes_rate": 0.0303030312061,
    "chords_number_rate": 0.0606060624123,
    "chords_strength": {
        "mean": 0.521398067474,
        "stdev": 0.0225943811238
    },
    "key_strength": 0.690023779869,
    "tuning_diatonic_strength": 0.574013769627,
    "tuning_equal_tempered_deviation": 0.0394285991788,
    "tuning_frequency": 437.718536377,
    "tuning_nontempered_energy_ratio": 0.657672286034,
    "hpcp": {
        "mean": [0.0821458920836, 0.15922549367, 0.597760260105, 0.853427648544, 0.384858220816, 0.0288629829884, 0.0070373788476, 0.00405510514975, 0.00305418949574, 0.00492755416781, 0.00387692684308, 0.00311649800278, 0.00418047048151, 0.00391120929271, 0.00389273860492, 0.00613477034494, 0.0190796330571, 0.111097753048, 0.24288623035, 0.160604566336, 0.0144189484417, 0.00173169933259, 0.00509913405403, 0.0294306818396, 0.051775380969, 0.0286735836416, 0.0028180051595, 0.0010659644613, 0.00404068408534, 0.0417694635689, 0.0790592506528, 0.0421688854694, 0.00160916848108, 0.000605170032941, 0.00377664505504, 0.0305602550507],
        "stdev": [0.178387984633, 0.211210787296, 0.253872215748, 0.315820842981, 0.211515277624, 0.0716035291553, 0.0237200669944, 0.0114802084863, 0.00972273759544, 0.0188023261726, 0.0105305723846, 0.00344170979224, 0.00729641644284, 0.00877143070102, 0.00484444946051, 0.00879362970591, 0.0693064779043, 0.183425039053, 0.394737422466, 0.276034206152, 0.0427883602679, 0.00237043993548, 0.010704677552, 0.0618849694729, 0.0736367627978, 0.030369354412, 0.00413751415908, 0.00248283124529, 0.0177275054157, 0.0531098768115, 0.0638479664922, 0.0301513448358, 0.00176915770862, 0.000962784222793, 0.0163064878434, 0.0929342508316]
    },
    "chords_histogram": [18.1818180084, 0, 81.8181838989, 0, 0, 0, 0, 0, 0, 0, 0, 0, 0, 0, 0, 0, 0, 0, 0, 0, 0, 0, 0, 0],