{
"metadata": {
    "version": {
        "essentia": "2.1-beta5-dev"
    }
},
"lowLevel": {
    "average_loudness": 0.99068403244,
    "barkbands_kurtosis": {
        "mean": 14.0493459702,
        "stdev": 18.5582675934
    },
    "barkbands_skewness": {
        "mean": 1.55055499077,
        "stdev": 1.94010686874
    },
    "barkbands_spread": {
        "mean": 5.07922458649,
        "stdev": 3.2885761261
    },
    "dissonance": {
        "mean": 0.158291622996,
        "stdev": 0.0889522731304
    },
    "hfc": {
        "mean": 22.4971160889,
        "stdev": 15.1780500412
    },
    "pitch": {
        "mean": 353.090484619,
        "stdev": 551.959594727
    },
    "pitch_instantaneous_confidence": {
        "mean": 0.663921713829,
        "stdev": 0.23774895072
    },
    "pitch_salience": {
        "mean": 0.611424863338,
        "stdev": 0.0860939249396
    },
    "silence_rate_20dB": {
        "mean": 0.986394584179,
        "stdev": 0.115846268833
    },
    "silence_rate_30dB": {
        "mean": 0.884353756905,
        "stdev": 0.319800615311
    },
    "silence_rate_60dB": {
        "mean": 0.0204081628472,
        "stdev": 0.141391992569
    },
    "spectral_centroid": {
        "mean": 337.268066406,
        "stdev": 148.714431763
    },
    "spectral_complexity": {
        "mean": 4.63945579529,
        "stdev": 1.50258505344
    },
    "spectral_crest": {
        "mean": 11.2186756134,
        "stdev": 2.44996547699
    },
    "spectral_decrease": {
        "mean": -3.72367523482e-08,
        "stdev": 4.191105063e-08
    },
    "spectral_energy": {
        "mean": 0.0725162178278,
        "stdev": 0.0803662985563
    },
    "spectral_energyband_high": {
        "mean": 9.95380105451e-05,
        "stdev": 0.000203511895961
    },
    "spectral_energyband_low": {
        "mean": 0.0216997005045,
        "stdev": 0.0604047328234
    },
    "spectral_energyband_middle_high": {
        "mean": 0.00201768497936,
        "stdev": 0.00302659464069
    },
    "spectral_energyband_middle_low": {
        "mean": 0.0541784130037,
        "stdev": 0.0438733771443
    },
    "spectral_flatness_db": {
        "mean": 0.253757983446,
        "stdev": 0.0404533185065
    },
    "spectral_flux": {
        "mean": 0.075822815299,
        "stdev": 0.0889365673065
    },
    "spectral_kurtosis": {
        "mean": 14.3120412827,
        "stdev": 7.757335186
    },
    "spectral_rms": {
        "mean": 0.0108930738643,
        "stdev": 0.00476425187662
    },
    "spectral_rolloff": {
        "mean": 493.06652832,
        "stdev": 237.121307373
    },
    "spectral_skewness": {
        "mean": 3.5296652317,
        "stdev": 1.00560629368
    },
    "spectral_spread": {
        "mean": 11222110,
        "stdev": 6235376
    },
    "spectral_strongpeak": {
        "mean": 0.974798083305,
        "stdev": 0.616066873074
    },
    "zerocrossingrate": {
        "mean": 0.0197239052504,
        "stdev": 0.0110940411687
    },
    "barkbands": {
        "mean": [0.00109261705074, 0.00621848274022, 0.00960398185998, 0.00807785615325, 0.014467254281, 0.0160435158759, 0.00419763848186, 0.00477537838742, 0.00445388816297, 0.00237528700382, 0.000403814105084, 0.000541346496902, 3.68036417058e-05, 2.94200581266e-05, 3.04052991851e-05, 1.5805779185e-05, 1.28744632093e-05, 5.36963034392e-06, 2.33712416957e-05, 1.90983519133e-05, 2.54596507148e-05, 2.10193684325e-05, 1.00597253549e-05, 7.942288903e-06, 1.00693305285e-05, 1.1700696632e-05, 5.44305339645e-06],
        "stdev": [0.00172201206442, 0.0121511956677, 0.0328985862434, 0.0228589419276, 0.0200725905597, 0.0150536196306, 0.00547190755606, 0.00669391267002, 0.00779500138015, 0.00515757873654, 0.000648564600851, 0.00133439479396, 5.03738992848e-05, 6.15459211986e-05, 3.42177991115e-05, 3.41713130183e-05, 1.28907522594e-05, 6.05329933023e-06, 2.87311504508e-05, 2.30423083849e-05, 4.13473317167e-05, 4.4398879254e-05, 1.8869397536e-05, 1.81787781912e-05, 2.5411200113e-05, 3.84820596082e-05, 2.28684784815e-05]
    },
    "mfcc": {
        "mean": [-677.86706543, 172.58454895, 53.3296279907, 31.6624145508, -13.4646730423, 2.87169790268, -1.23648071289, -0.690688252449, 2.06723594666, 3.5481030941, -0.746803879738, -4.73350429535, 0.631867289543],
        "stdev": [56.0191650391, 33.0960617065, 16.6060180664, 23.7662906647, 13.8536987305, 13.6286468506, 8.25761413574, 8.96225070953, 12.6752710342, 7.71065473557, 8.08291339874, 9.7231092453, 11.9766988754]
    },
    "sccoeffs": {
        "mean": [-0.647980749607, -0.537195324898, -0.608850538731, -0.756786525249, -0.823850691319, -0.826985478401],
        "stdev": [0.0787035599351, 0.175776228309, 0.19993378222, 0.0859256088734, 0.0273303370923, 0.0229971632361]
    },
    "scvalleys": {
        "mean": [-4.06670284271, -5.30345773697, -6.88802433014, -7.77645111084, -8.13660621643, -8.91320896149],
        "stdev": [0.934742152691, 0.959598898888, 0.645719647408, 0.536945104599, 0.494988024235, 0.537622630596]
    }
},
"rhythm": {
    "bpm": 105.468757629,
    "confidence": 0,
    "first_peak_bpm": {
        "mean": 105,
        "stdev": 0
    },
    "first_peak_spread": {
        "mean": 0,
        "stdev": 0
    },
    "first_peak_weight": {
        "mean": 1,
        "stdev": 0
    },
    "onset_rate": 3.56008815765,
    "second_peak_bpm": {
        "mean": 0,
        "stdev": 0
    },
    "second_peak_spread": {
        "mean": 0,
        "stdev": 0
    },
    "second_peak_weight": {
        "mean": 0,
        "stdev": 0
    }
},
"sfx": {
    "inharmonicity": {
        "mean": 0.0171442814171,
        "stdev": 0.0358616709709
    },
    "oddtoevenharmonicenergyratio": {
        "mean": 16.4682998657,
        "stdev": 99.8694381714
    },
    "pitch_after_max_to_before_max_energy_ratio": 1.49981224537,
    "pitch_centroid": 83.4045028687,
    "pitch_max_to_total": 0.761904776096,
    "pitch_min_to_total": 0.78231292963,
    "tristimulus": {
        "mean": [0.486204743385, 0.404676109552, 0.109119102359],
        "stdev": [0.225836575031, 0.175539761782, 0.155428156257]
    }
},
"tonal": {
    "chords_changes_rate": 0.0526315793395,
    "chords_number_rate": 0.078947365284,
    "chords_strength": {
        "mean": 0.434161692858,
        "stdev": 0.0322850160301
    },
    "key_strength": 0.753216683865,
    "tuning_diatonic_strength": 0.444482922554,
    "tuning_equal_tempered_deviation": 0.319900840521,
    "tuning_frequency": 446.657836914,
    "tuning_nontempered_energy_ratio": 0.994597375393,
    "hpcp": {
        "mean": [0.0752221569419, 0.189872145653, 0.178496032953, 0.0786588788033, 0.0311018787324, 0.00580653874204, 0.00772859482095, 0.13382807374, 0.310343414545, 0.189857602119, 0.0118259144947, 0.00709685124457, 0.0068302443251, 0.0707975700498, 0.142596632242, 0.107768759131, 0.203378722072, 0.290821671486, 0.129544347525, 0.0163789112121, 0.0103918947279, 0.0283826682717, 0.136378660798, 0.17290070653, 0.0630689784884, 0.00349189923145, 0.00199212948792, 0.00438529904932, 0.0813310742378, 0.179631471634, 0.12975461781, 0.0367835275829, 0.0275368466973, 0.0268523842096, 0.0144304288551, 0.0186376199126],
        "stdev": [0.123364292085, 0.296966582537, 0.271778792143, 0.222368493676, 0.113011181355, 0.0158342588693, 0.0329115018249, 0.201865598559, 0.45107883215, 0.276091247797, 0.0329568237066, 0.0382831729949, 0.0361137203872, 0.158913314342, 0.303235024214, 0.169315680861, 0.220930323005, 0.339418411255, 0.166603058577, 0.0467455200851, 0.042880769819, 0.0783110558987, 0.262610971928, 0.360118448734, 0.12229668349, 0.00866334605962, 0.00439605861902, 0.0132166156545, 0.168410047889, 0.358302861452, 0.243092402816, 0.13645195961, 0.126529365778, 0.159986659884, 0.047772064805, 0.0435616411269]
    },
    "chords_histogram": [18.4210529327, 0, 0, 0, 0, 0, 0, 0, 0, 0, 0, 0, 0, 0, 0, 0, 0, 0, 0, 0, 0, 0, 23.6842098236, 57.8947372437],