{
"metadata": {
    "version": {
        "essentia": "2.1-beta5-dev"
    }
},
"lowLevel": {
    "average_loudness": 0.99068403244,
    "barkbands_kurtosis": {
        "mean": 10.7635278702,
        "stdev": 13.7917890549
    },
    "barkbands_skewness": {
        "mean": 0.464198440313,
        "stdev": 2.04786252975
    },
    "barkbands_spread": {
        "mean": 7.25442695618,
        "stdev": 10.1329374313
    },
    "dissonance": {
        "mean": 0.14861497283,
        "stdev": 0.0964530110359
    },
    "hfc": {
        "mean": 132.292480469,
        "stdev": 95.6316757202
    },
    "pitch": {
        "mean": 740.670715332,
        "stdev": 983.575561523
    },
    "pitch_instantaneous_confidence": {
        "mean": 0.78162920475,
        "stdev": 0.253155529499
    },
    "pitch_salience": {
        "mean": 0.455645233393,
        "stdev": 0.103019028902
    },
    "silence_rate_20dB": {
        "mean": 0.723076939583,
        "stdev": 0.447478562593
    },
    "silence_rate_30dB": {
        "mean": 0.20000000298,
        "stdev": 0.399999946356
    },
    "silence_rate_60dB": {
        "mean": 0.0153846153989,
        "stdev": 0.123076938093
    },
    "spectral_centroid": {
        "mean": 521.215759277,
        "stdev": 230.041290283
    },
    "spectral_complexity": {
        "mean": 8,
        "stdev": 3.60768413544
    },
    "spectral_crest": {
        "mean": 15.7140874863,
        "stdev": 4.63677406311
    },
    "spectral_decrease": {
        "mean": -1.25434439724e-07,
        "stdev": 8.16397616177e-08
    },
    "spectral_energy": {
        "mean": 0.24940136075,
        "stdev": 0.162871599197
    },
    "spectral_energyband_high": {
        "mean": 0.000527495052665,
        "stdev": 0.000718537776265
    },
    "spectral_energyband_low": {
        "mean": 0.0251798387617,
        "stdev": 0.0134319281206
    },
    "spectral_energyband_middle_high": {
        "mean": 0.0192700698972,
        "stdev": 0.0276957862079
    },
    "spectral_energyband_middle_low": {
        "mean": 0.208533629775,
        "stdev": 0.136826351285
    },
    "spectral_flatness_db": {
        "mean": 0.249981045723,
        "stdev": 0.065053448081
    },
    "spectral_flux": {
        "mean": 0.117689080536,
        "stdev": 0.105055585504
    },
    "spectral_kurtosis": {
        "mean": 10.6159915924,
        "stdev": 6.06528091431
    },
    "spectral_rms": {
        "mean": 0.0204129721969,
        "stdev": 0.00833502039313
    },
    "spectral_rolloff": {
        "mean": 648.978027344,
        "stdev": 534.231445312
    },
    "spectral_skewness": {
        "mean": 3.06977248192,
        "stdev": 0.926704406738
    },
    "spectral_spread": {
        "mean": 12653150,
        "stdev": 6608258
    },
    "spectral_strongpeak": {
        "mean": 4.16322088242,
        "stdev": 2.29968810081
    },
    "zerocrossingrate": {
        "mean": 0.0293870195746,
        "stdev": 0.0187597200274
    },
    "barkbands": {
        "mean": [0.00290554761887, 0.00935106724501, 0.00894966907799, 0.00649798521772, 0.00408965209499, 0.00164456269704, 0.0895303934813, 0.0756517723203, 0.0308936927468, 0.000661260681227, 0.0103054139763, 0.00239993748255, 0.00489628175274, 9.10301241674e-05, 0.000783353869338, 2.44947786996e-05, 6.96907300153e-05, 2.39493110712e-05, 7.48845777707e-05, 7.94756197138e-05, 0.000140403848491, 0.000112087174784, 4.82702234876e-05, 5.05036441609e-05, 5.30724755663e-05, 5.34647297172e-05, 1.76139856194e-05],
        "stdev": [0.00343169108965, 0.00355903292075, 0.00652484549209, 0.00584277743474, 0.00522435177118, 0.00279183662497, 0.129540815949, 0.0779439359903, 0.0483237169683, 0.000972993148025, 0.0234780535102, 0.00520721403882, 0.0110993357375, 0.000148640552652, 0.00108689838089, 2.75829024758e-05, 7.21766336937e-05, 3.77151700377e-05, 0.000100052769994, 9.15819837246e-05, 0.000189847982256, 0.000157458911417, 5.48600582988e-05, 8.15300954855e-05, 8.78970822669e-05, 0.000112124456791, 3.94596318074e-05]
    },
    "mfcc": {
        "mean": [-601.064208984, 155.673751831, 43.5864753723, 17.509141922, -18.6260471344, 7.52085351944, -2.13666152954, -7.33049488068, 3.39866089821, 14.1438913345, 14.9970569611, 16.8310279846, 11.165099144],
        "stdev": [57.261505127, 29.9846458435, 17.4127197266, 20.2678985596, 9.77331447601, 8.37761592865, 10.4038848877, 8.0532579422, 11.4003410339, 13.0164518356, 9.97673988342, 9.76010704041, 12.0188341141]
    },
    "sccoeffs": {
        "mean": [-0.689771950245, -0.397472798824, -0.605321705341, -0.632930040359, -0.796294808388, -0.809572935104],
        "stdev": [0.0967433676124, 0.224334105849, 0.153104707599, 0.132453024387, 0.0339351035655, 0.0186084192246]
    },
    "scvalleys": {
        "mean": [-3.61750674248, -4.63365793228, -6.21511077881, -7.19334411621, -7.46801424026, -8.05064868927],
        "stdev": [0.554582834244, 0.768078923225, 0.613656938076, 0.496272772551, 0.508840382099, 0.589997947216]
    }
},
"rhythm": {
    "bpm": 107.666023254,
    "confidence": 0,
    "first_peak_bpm": {
        "mean": 108,
        "stdev": 0
    },
    "first_peak_spread": {
        "mean": 0,
        "stdev": 0
    },
    "first_peak_weight": {
        "mean": 1,
        "stdev": 0
    },
    "onset_rate": 4.01054906845,
    "second_peak_bpm": {
        "mean": 0,
        "stdev": 0
    },
    "second_peak_spread": {
        "mean": 0,
        "stdev": 0
    },
    "second_peak_weight": {
        "mean": 0,
        "stdev": 0
    }
},
"sfx": {
    "inharmonicity": {
        "mean": 0.00718040764332,
        "stdev": 0.0200356971473
    },
    "oddtoevenharmonicenergyratio": {
        "mean": 0.371513783932,
        "stdev": 1.76714086533
    },
    "pitch_after_max_to_before_max_energy_ratio": 3.95725345612,
    "pitch_centroid": 74.491317749,
    "pitch_max_to_total": 0.5,
    "pitch_min_to_total": 0.969230771065,
    "tristimulus": {
        "mean": [0.700138509274, 0.233440950513, 0.0664208233356],
        "stdev": [0.223261296749, 0.137134879827, 0.144371107221]
    }
},
"tonal": {
    "chords_changes_rate": 0,
    "chords_number_rate": 0.0294117648154,
    "chords_strength": {
        "mean": 0.645362377167,
        "stdev": 0.0521404221654
    },
    "key_strength": 0.801513195038,
    "tuning_diatonic_strength": 0.615635156631,
    "tuning_equal_tempered_deviation": 0.0997735187411,
    "tuning_frequency": 437.213165283,
    "tuning_nontempered_energy_ratio": 0.718029141426,
    "hpcp": {
        "mean": [0.00198703468777, 0.00346594373696, 0.135119393468, 0.250855505466, 0.125203922391, 0.0142525965348, 0.00860179308802, 0.00722276838496, 0.136171028018, 0.287498921156, 0.186759248376, 0.0545237697661, 0.0290309637785, 0.00984558649361, 0.0101799136028, 0.00694099487737, 0.0284203868359, 0.245226502419, 0.354548692703, 0.142967671156, 0.0134556153789, 0.00741326389834, 0.00477388128638, 0.00839633308351, 0.00880562607199, 0.00596788292751, 0.00543779926375, 0.00493161054328, 0.00485554849729, 0.0304790530354, 0.0680052414536, 0.0775127410889, 0.103840172291, 0.212898865342, 0.173921406269, 0.0287176985294],
        "stdev": [0.00464084092528, 0.0107803251594, 0.216493740678, 0.417937457561, 0.202804327011, 0.0726354420185, 0.0398866422474, 0.0221096109599, 0.184317246079, 0.377226173878, 0.235057786107, 0.18300460279, 0.105456598103, 0.037857260555, 0.0474191866815, 0.0216208938509, 0.0732923448086, 0.322774142027, 0.465550601482, 0.200288966298, 0.0559386759996, 0.0252320803702, 0.0140431374311, 0.025090450421, 0.0306905340403, 0.0164410229772, 0.0178560987115, 0.0144483456388, 0.0183828733861, 0.121252037585, 0.177890777588, 0.177850559354, 0.162884294987, 0.332369834185, 0.287617862225, 0.0495350621641]
    },
    "chords_histogram": [100, 0, 0, 0, 0, 0, 0, 0, 0, 0, 0, 0, 0, 0, 0, 0, 0, 0, 0, 0, 0, 0, 0, 0],