{
"metadata": {
    "version": {
        "essentia": "2.1-beta5-dev"
    }
},
"lowLevel": {
    "average_loudness": 0.99068403244,
    "barkbands_kurtosis": {
        "mean": 5.62154340744,
        "stdev": 8.68287277222
    },
    "barkbands_skewness": {
        "mean": 0.959806144238,
        "stdev": 1.36307048798
    },
    "barkbands_spread": {
        "mean": 7.26845407486,
        "stdev": 1.9373254776
    },
    "dissonance": {
        "mean": 0.158050343394,
        "stdev": 0.0507038757205
    },
    "hfc": {
        "mean": 48.5877418518,
        "stdev": 34.3799705505
    },
    "pitch": {
        "mean": 531.684570312,
        "stdev": 142.1902771
    },
    "pitch_instantaneous_confidence": {
        "mean": 0.765448689461,
        "stdev": 0.219182580709
    },
    "pitch_salience": {
        "mean": 0.493677586317,
        "stdev": 0.0810531675816
    },
    "silence_rate_20dB": {
        "mean": 0.973684191704,
        "stdev": 0.160072684288
    },
    "silence_rate_30dB": {
        "mean": 0.552631556988,
        "stdev": 0.497222036123
    },
    "silence_rate_60dB": {
        "mean": 0,
        "stdev": 0
    },
    "spectral_centroid": {
        "mean": 415.552093506,
        "stdev": 120.162498474
    },
    "spectral_complexity": {
        "mean": 7.03947353363,
        "stdev": 1.98971533775
    },
    "spectral_crest": {
        "mean": 14.0697984695,
        "stdev": 3.52484679222
    },
    "spectral_decrease": {
        "mean": -6.1342248614e-08,
        "stdev": 5.71333664823e-08
    },
    "spectral_energy": {
        "mean": 0.120505668223,
        "stdev": 0.110106408596
    },
    "spectral_energyband_high": {
        "mean": 0.000231443627854,
        "stdev": 0.000147669255966
    },
    "spectral_energyband_low": {
        "mean": 0.0482362806797,
        "stdev": 0.0904066637158
    },
    "spectral_energyband_middle_high": {
        "mean": 0.00565615156665,
        "stdev": 0.00866293348372
    },
    "spectral_energyband_middle_low": {
        "mean": 0.0787191838026,
        "stdev": 0.0589220784605
    },
    "spectral_flatness_db": {
        "mean": 0.240599915385,
        "stdev": 0.0359918773174
    },
    "spectral_flux": {
        "mean": 0.100325644016,
        "stdev": 0.101241022348
    },
    "spectral_kurtosis": {
        "mean": 9.61228275299,
        "stdev": 4.77267885208
    },
    "spectral_rms": {
        "mean": 0.014279470779,
        "stdev": 0.00556782633066
    },
    "spectral_rolloff": {
        "mean": 582.529785156,
        "stdev": 158.000442505
    },
    "spectral_skewness": {
        "mean": 2.96253728867,
        "stdev": 0.68884575367
    },
    "spectral_spread": {
        "mean": 11743958,
        "stdev": 3958700.75
    },
    "spectral_strongpeak": {
        "mean": 2.06989264488,
        "stdev": 1.44253706932
    },
    "zerocrossingrate": {
        "mean": 0.0268040709198,
        "stdev": 0.00651909550652
    },
    "barkbands": {
        "mean": [0.00101436441764, 0.00972267240286, 0.0251740254462, 0.0166084971279, 0.0028852194082, 0.000557190272957, 0.000635528820567, 0.055262234062, 0.0027441130951, 3.32114614139e-05, 1.51752492457e-05, 0.00497351726517, 9.52436384978e-05, 1.87577879842e-05, 0.000310256466037, 2.29090710491e-05, 0.000115002148959, 7.06233413439e-06, 5.71538257645e-05, 5.9447822423e-05, 6.38420242467e-05, 4.22777739004e-05, 2.98293525702e-05, 1.86542856682e-05, 2.02355586225e-05, 1.49653524204e-05, 4.21506547355e-06],
        "stdev": [0.00209333677776, 0.0149596892297, 0.0429246388376, 0.0407905802131, 0.00515435356647, 0.00126608368009, 0.000599271676037, 0.0395691841841, 0.00199517421424, 2.65794005827e-05, 1.55306242959e-05, 0.00834826380014, 0.000118416246551, 2.15284580918e-05, 0.000290243246127, 1.4215693227e-05, 0.000105835861177, 7.23448511053e-06, 5.38053100172e-05, 3.61149723176e-05, 4.9000060244e-05, 3.38345889759e-05, 2.49637869274e-05, 1.68773658515e-05, 1.82816056622e-05, 1.177494687e-05, 5.05362186232e-06]
    },
    "mfcc": {
        "mean": [-623.406616211, 152.533355713, 40.6594963074, 29.5097103119, -7.5717253685, 9.36106872559, -2.37229442596, -4.26649332047, 8.21650791168, 24.196352005, 19.7871322632, 23.5185604095, 11.8182621002],
        "stdev": [34.1038322449, 20.2101783752, 14.9430389404, 12.3312129974, 9.04939365387, 6.41309547424, 9.55302619934, 8.21658802032, 11.2802581787, 10.1959238052, 8.13396167755, 9.92468261719, 7.75723552704]
    },
    "sccoeffs": {
        "mean": [-0.60478758812, -0.485463380814, -0.645769953728, -0.675888061523, -0.765131890774, -0.818011939526],
        "stdev": [0.109696984291, 0.120361939073, 0.11196282506, 0.0804584696889, 0.0294165350497, 0.016323145479]
    },
    "scvalleys": {
        "mean": [-3.79928302765, -4.6890745163, -6.72184276581, -7.37952613831, -7.62063503265, -8.2972946167],
        "stdev": [0.574284911156, 0.455233514309, 0.410293072462, 0.325363129377, 0.316850543022, 0.386181086302]
    }
},
"rhythm": {
    "bpm": 0,
    "confidence": 0,
    "first_peak_bpm": {
        "mean": 0,
        "stdev": 0
    },
    "first_peak_spread": {
        "mean": 0,
        "stdev": 0
    },
    "first_peak_weight": {
        "mean": 0,
        "stdev": 0
    },
    "onset_rate": 3.46707177162,
    "second_peak_bpm": {
        "mean": 0,
        "stdev": 0
    },
    "second_peak_spread": {
        "mean": 0,
        "stdev": 0
    },
    "second_peak_weight": {
        "mean": 0,
        "stdev": 0
    }
},
"sfx": {
    "inharmonicity": {
        "mean": 0.00765965739265,
        "stdev": 0.025042289868
    },
    "oddtoevenharmonicenergyratio": {
        "mean": 2.39392614365,
        "stdev": 14.7369556427
    },
    "pitch_after_max_to_before_max_energy_ratio": 0.123137742281,
    "pitch_centroid": 39.3965950012,
    "pitch_max_to_total": 0.89473682642,
    "pitch_min_to_total": 0.0526315793395,
    "tristimulus": {
        "mean": [0.696686804295, 0.250061750412, 0.0532515347004],
        "stdev": [0.165494114161, 0.13733933866, 0.072738096118]
    }
},
"tonal": {
    "chords_changes_rate": 0,
    "chords_number_rate": 0.0500000007451,
    "chords_strength": {
        "mean": 0.540019094944,
        "stdev": 5.96046447754e-08
    },
    "key_strength": 0.439713358879,
    "tuning_diatonic_strength": 0.337610989809,
    "tuning_equal_tempered_deviation": 0.100667953491,
    "tuning_frequency": 436.708374023,
    "tuning_nontempered_energy_ratio": 0.646985411644,
    "hpcp": {
        "mean": [0.0292577706277, 0.0291328374296, 0.0235242955387, 0.0332334414124, 0.0448778010905, 0.0358370542526, 0.0803040191531, 0.101077690721, 0.056463688612, 0.0513208881021, 0.0371454358101, 0.0202652383596, 0.012695165351, 0.0017462708056, 0.410464674234, 0.846207022667, 0.441528946161, 0.0232155770063, 0.0713856741786, 0.0963103249669, 0.0696327015758, 0.0407146215439, 0.0964964479208, 0.260291486979, 0.399232327938, 0.261393487453, 0.0670688971877, 0.0314279906452, 0.00902276206762, 0.00598495267332, 0.00454610399902, 0.00607729610056, 0.0043597528711, 0.00247257179581, 0.00166090019047, 0.0129585117102],
        "stdev": [0.0199790094048, 0.0356199480593, 0.0579931847751, 0.0893416553736, 0.166607826948, 0.0986588224769, 0.241152182221, 0.288934290409, 0.123682118952, 0.15411990881, 0.0908650830388, 0.08062209934, 0.050150513649, 0.00218924018554, 0.15187817812, 0.307712882757, 0.16863694787, 0.053672298789, 0.218719646335, 0.24252538383, 0.218730449677, 0.110968835652, 0.243691504002, 0.273514837027, 0.256625920534, 0.189184218645, 0.198093906045, 0.117072865367, 0.0234339665622, 0.0132850240916, 0.00664608133957, 0.0110536403954, 0.00976894516498, 0.00713722687215, 0.0042717140168, 0.0126551594585]
    },
    "chords_histogram": [0, 0, 0, 0, 0, 0, 0, 0, 0, 0, 0, 0, 0, 0, 0, 0, 0, 0, 0, 0, 0, 0, 0, 100],