{
"metadata": {
    "version": {
        "essentia": "2.1-beta5-dev"
    }
},
"lowLevel": {
    "average_loudness": 0.99068403244,
    "barkbands_kurtosis": {
        "mean": 9.3688659668,
        "stdev": 11.5662536621
    },
    "barkbands_skewness": {
        "mean": 1.73649990559,
        "stdev": 2.03010296822
    },
    "barkbands_spread": {
        "mean": 13.8809804916,
        "stdev": 12.3051118851
    },
    "dissonance": {
        "mean": 0.234123930335,
        "stdev": 0.139495208859
    },
    "hfc": {
        "mean": 78.1192550659,
        "stdev": 81.7972793579
    },
    "pitch": {
        "mean": 1044.38574219,
        "stdev": 1515.32861328
    },
    "pitch_instantaneous_confidence": {
        "mean": 0.60381013155,
        "stdev": 0.317221283913
    },
    "pitch_salience": {
        "mean": 0.542097270489,
        "stdev": 0.147012636065
    },
    "silence_rate_20dB": {
        "mean": 0.959183692932,
        "stdev": 0.197864711285
    },
    "silence_rate_30dB": {
        "mean": 0.520408153534,
        "stdev": 0.499583482742
    },
    "silence_rate_60dB": {
        "mean": 0.0102040814236,
        "stdev": 0.10049854964
    },
    "spectral_centroid": {
        "mean": 568.135742188,
        "stdev": 263.885009766
    },
    "spectral_complexity": {
        "mean": 8.03061199188,
        "stdev": 3.97813892365
    },
    "spectral_crest": {
        "mean": 10.9821653366,
        "stdev": 2.13246893883
    },
    "spectral_decrease": {
        "mean": -5.92346154349e-08,
        "stdev": 5.67094247117e-08
    },
    "spectral_energy": {
        "mean": 0.119195356965,
        "stdev": 0.114722542465
    },
    "spectral_energyband_high": {
        "mean": 0.000724923855159,
        "stdev": 0.000745934725273
    },
    "spectral_energyband_low": {
        "mean": 0.0162072405219,
        "stdev": 0.00524242082611
    },
    "spectral_energyband_middle_high": {
        "mean": 0.0358888432384,
        "stdev": 0.0430834069848
    },
    "spectral_energyband_middle_low": {
        "mean": 0.0724121779203,
        "stdev": 0.0841168984771
    },
    "spectral_flatness_db": {
        "mean": 0.19098572433,
        "stdev": 0.0510599166155
    },
    "spectral_flux": {
        "mean": 0.0731179863214,
        "stdev": 0.076501250267
    },
    "spectral_kurtosis": {
        "mean": 4.88601541519,
        "stdev": 4.69221973419
    },
    "spectral_rms": {
        "mean": 0.0131222978234,
        "stdev": 0.00775596126914
    },
    "spectral_rolloff": {
        "mean": 661.81640625,
        "stdev": 465.077636719
    },
    "spectral_skewness": {
        "mean": 2.10726189613,
        "stdev": 0.91462802887
    },
    "spectral_spread": {
        "mean": 19232384,
        "stdev": 7915508
    },
    "spectral_strongpeak": {
        "mean": 2.02776694298,
        "stdev": 2.28783226013
    },
    "zerocrossingrate": {
        "mean": 0.0379962548614,
        "stdev": 0.0173115283251
    },
    "barkbands": {
        "mean": [0.00113441981375, 0.00687831407413, 0.00726650422439, 0.0011782302754, 0.000587306334637, 0.00352554419078, 0.0306904222816, 0.0166502185166, 0.00274605560116, 0.0176231767982, 0.0193933416158, 0.00883529987186, 0.000935094780289, 0.000385662249755, 0.000178333721124, 0.000166654543136, 9.45186548051e-05, 3.18686761602e-05, 0.000120802658785, 0.000131035296363, 0.000172376516275, 0.000150779393152, 6.55071926303e-05, 6.67760614306e-05, 9.03097097762e-05, 7.18842056813e-05, 2.31953854382e-05],
        "stdev": [0.0009633837617, 0.00180505926255, 0.00255466951057, 0.00120222265832, 0.00142023898661, 0.00687555037439, 0.0374930351973, 0.0359373502433, 0.00588363129646, 0.0385286286473, 0.0346956513822, 0.0142576443031, 0.00227524968795, 0.000687677063979, 0.000343095103744, 0.000197694273083, 9.88264800981e-05, 3.87801446777e-05, 0.000146646663779, 0.000149789411807, 0.00020287829102, 0.000170380124473, 5.96205936745e-05, 7.11996544851e-05, 0.000113075431727, 7.85623706179e-05, 2.77277231362e-05]
    },
    "mfcc": {
        "mean": [-609.716491699, 118.234146118, 30.0549697876, 21.4864406586, -9.47620487213, 9.99156475067, 6.53799819946, 4.53470420837, 8.05860614777, 8.4787530899, 8.09045410156, 14.7113733292, 20.8243560791],
        "stdev": [63.2005004883, 36.4959411621, 19.0205154419, 27.6235866547, 13.9317750931, 6.57244777679, 8.08321094513, 8.56491279602, 8.40885925293, 8.48907470703, 8.52635478973, 12.8225097656, 12.7250032425]
    },
    "sccoeffs": {
        "mean": [-0.572845160961, -0.564182221889, -0.569038569927, -0.686843574047, -0.795334100723, -0.813592493534],
        "stdev": [0.0812926292419, 0.230159386992, 0.271721303463, 0.132835626602, 0.0279515869915, 0.0173962414265]
    },
    "scvalleys": {
        "mean": [-4.60957193375, -5.25257921219, -6.2938747406, -7.23187112808, -7.16941165924, -7.76751565933],
        "stdev": [0.570540904999, 0.652653217316, 0.623767614365, 0.506651043892, 0.498171269894, 0.616822302341]
    }
},
"rhythm": {
    "bpm": 161.499023438,
    "confidence": 0,
    "first_peak_bpm": {
        "mean": 161,
        "stdev": 0
    },
    "first_peak_spread": {
        "mean": 0,
        "stdev": 0
    },
    "first_peak_weight": {
        "mean": 1,
        "stdev": 0
    },
    "onset_rate": 3.57287549973,
    "second_peak_bpm": {
        "mean": 0,
        "stdev": 0
    },
    "second_peak_spread": {
        "mean": 0,
        "stdev": 0
    },
    "second_peak_weight": {
        "mean": 0,
        "stdev": 0
    }
},
"sfx": {
    "inharmonicity": {
        "mean": 0.0165527537465,
        "stdev": 0.0300703961402
    },
    "oddtoevenharmonicenergyratio": {
        "mean": 7.10241651535,
        "stdev": 33.5858840942
    },
    "pitch_after_max_to_before_max_energy_ratio": 0.0714409723878,
    "pitch_centroid": 72.4939346313,
    "pitch_max_to_total": 0.979591846466,
    "pitch_min_to_total": 0.806122422218,
    "tristimulus": {
        "mean": [0.466176629066, 0.368228882551, 0.165594503284],
        "stdev": [0.311947494745, 0.240937337279, 0.245690822601]
    }
},
"tonal": {
    "chords_changes_rate": 0,
    "chords_number_rate": 0.0384615398943,
    "chords_strength": {
        "mean": 0.474514752626,
        "stdev": 0.0197619609535
    },
    "key_strength": 0.581586122513,
    "tuning_diatonic_strength": 0.510347723961,
    "tuning_equal_tempered_deviation": 0.0861540436745,
    "tuning_frequency": 437.213165283,
    "tuning_nontempered_energy_ratio": 0.637848973274,
    "hpcp": {
        "mean": [0.00481308251619, 0.0074077444151, 0.0883542001247, 0.160456985235, 0.0831301063299, 0.00885022990406, 0.00758457696065, 0.0178799610585, 0.341451346874, 0.656523048878, 0.338641226292, 0.0156202549115, 0.0070690959692, 0.00451445579529, 0.0162516813725, 0.0360586978495, 0.0259356163442, 0.00811308529228, 0.0340164415538, 0.0401697307825, 0.0113308094442, 0.00118054985069, 0.00177845591679, 0.00356087670662, 0.00628919107839, 0.0058176452294, 0.012537217699, 0.015400105156, 0.0108036650345, 0.108098097146, 0.217821612954, 0.120480366051, 0.00860012881458, 0.00488812662661, 0.0022167628631, 0.00360531243496],
        "stdev": [0.0146031500772, 0.0179715119302, 0.201837673783, 0.358172088861, 0.176530390978, 0.0214072167873, 0.0180861763656, 0.0313458070159, 0.257819741964, 0.437278985977, 0.243513852358, 0.0349292978644, 0.020715996623, 0.00808891747147, 0.0230368617922, 0.0613870732486, 0.0419498085976, 0.0232372861356, 0.157255858183, 0.191983640194, 0.0512544922531, 0.0019316195976, 0.00397733785212, 0.00493613444269, 0.0108567746356, 0.00957568362355, 0.0528646074235, 0.0709723979235, 0.0297906491905, 0.184019193053, 0.383423000574, 0.207869544625, 0.0210914779454, 0.0180236604065, 0.00712668336928, 0.0119959553704]
    },
    "chords_histogram": [0, 0, 100, 0, 0, 0, 0, 0, 0, 0, 0, 0, 0, 0, 0, 0, 0, 0, 0, 0, 0, 0, 0, 0],