{
"metadata": {
    "version": {
        "essentia": "2.1-beta5-dev"
    }
},
"lowLevel": {
    "average_loudness": 0.99068403244,
    "barkbands_kurtosis": {
        "mean": 18.904258728,
        "stdev": 19.0980319977
    },
    "barkbands_skewness": {
        "mean": 1.47242879868,
        "stdev": 1.85910749435
    },
    "barkbands_spread": {
        "mean": 5.08765888214,
        "stdev": 10.2263774872
    },
    "dissonance": {
        "mean": 0.14680801332,
        "stdev": 0.0997613742948
    },
    "hfc": {
        "mean": 99.6178665161,
        "stdev": 98.0574417114
    },
    "pitch": {
        "mean": 523.467773438,
        "stdev": 855.622192383
    },
    "pitch_instantaneous_confidence": {
        "mean": 0.724775731564,
        "stdev": 0.264835745096
    },
    "pitch_salience": {
        "mean": 0.449834942818,
        "stdev": 0.114651694894
    },
    "silence_rate_20dB": {
        "mean": 0.703703701496,
        "stdev": 0.456623315811
    },
    "silence_rate_30dB": {
        "mean": 0.362962961197,
        "stdev": 0.480854570866
    },
    "silence_rate_60dB": {
        "mean": 0.00740740727633,
        "stdev": 0.0857469365001
    },
    "spectral_centroid": {
        "mean": 378.468536377,
        "stdev": 271.388214111
    },
    "spectral_complexity": {
        "mean": 6.05925941467,
        "stdev": 2.86424398422
    },
    "spectral_crest": {
        "mean": 16.3158168793,
        "stdev": 4.18978214264
    },
    "spectral_decrease": {
        "mean": -1.26042465354e-07,
        "stdev": 1.2048036524e-07
    },
    "spectral_energy": {
        "mean": 0.247588291764,
        "stdev": 0.236803293228
    },
    "spectral_energyband_high": {
        "mean": 0.000404369435273,
        "stdev": 0.000883087341208
    },
    "spectral_energyband_low": {
        "mean": 0.025850083679,
        "stdev": 0.0144399413839
    },
    "spectral_energyband_middle_high": {
        "mean": 0.00814076513052,
        "stdev": 0.0139863695949
    },
    "spectral_energyband_middle_low": {
        "mean": 0.219061493874,
        "stdev": 0.234093979001
    },
    "spectral_flatness_db": {
        "mean": 0.289945632219,
        "stdev": 0.0611327029765
    },
    "spectral_flux": {
        "mean": 0.0917357951403,
        "stdev": 0.114187546074
    },
    "spectral_kurtosis": {
        "mean": 12.6034002304,
        "stdev": 9.48778343201
    },
    "spectral_rms": {
        "mean": 0.0193751230836,
        "stdev": 0.0103553114459
    },
    "spectral_rolloff": {
        "mean": 491.276031494,
        "stdev": 674.254882812
    },
    "spectral_skewness": {
        "mean": 3.30020952225,
        "stdev": 1.10576677322
    },
    "spectral_spread": {
        "mean": 12164123,
        "stdev": 6607261
    },
    "spectral_strongpeak": {
        "mean": 3.08872818947,
        "stdev": 2.31380701065
    },
    "zerocrossingrate": {
        "mean": 0.0228804983199,
        "stdev": 0.0214730408043
    },
    "barkbands": {
        "mean": [0.00153424905147, 0.00831286702305, 0.0112724117935, 0.00722242332995, 0.00217972369865, 0.0612290129066, 0.133507102728, 0.00628109788522, 0.0054568760097, 0.0034240889363, 0.00588119076565, 0.000237020518398, 0.000328578316839, 5.16266700288e-05, 0.000152076609083, 2.56483526755e-05, 1.46461788972e-05, 1.28936208057e-05, 4.1519106162e-05, 4.87115758006e-05, 0.000103980397398, 8.7690372311e-05, 3.25709115714e-05, 3.21882653225e-05, 5.00175156048e-05, 4.79791560792e-05, 1.8430637283e-05],
        "stdev": [0.00221323291771, 0.00479416409507, 0.00675188563764, 0.00593620445579, 0.00245359586552, 0.107966952026, 0.177643343806, 0.00934230256826, 0.0145775265992, 0.00916953571141, 0.0131265260279, 0.000528071424924, 0.000431480322732, 0.000118002528325, 0.000290443422273, 4.44818178948e-05, 1.90872851817e-05, 2.76076370938e-05, 6.36234835838e-05, 6.56954143778e-05, 0.000250113982474, 0.000192829276784, 5.74553378101e-05, 6.73603426549e-05, 0.000118346819363, 0.000144659206853, 5.39905850019e-05]
    },
    "mfcc": {
        "mean": [-643.526855469, 161.473648071, 61.2905807495, 30.0651340485, -16.6123943329, 8.88325500488, 3.91137242317, -6.96328258514, -2.86892414093, 3.00848054886, 0.0366746708751, 4.58911657333, 9.76895141602],
        "stdev": [69.494178772, 31.7711772919, 22.8552074432, 24.7464160919, 13.3180084229, 9.18514537811, 11.4074993134, 11.0600070953, 8.36913204193, 11.178276062, 11.6346206665, 9.43027973175, 12.5136060715]
    },
    "sccoeffs": {
        "mean": [-0.625369429588, -0.351311653852, -0.590680599213, -0.696902990341, -0.809757649899, -0.823671102524],
        "stdev": [0.089460849762, 0.22891882062, 0.195988357067, 0.113325864077, 0.0388503707945, 0.0235448759049]
    },
    "scvalleys": {
        "mean": [-3.92495894432, -5.47888326645, -6.50263977051, -7.91847419739, -7.85853672028, -8.36822795868],
        "stdev": [0.499020278454, 0.700894057751, 0.699574828148, 0.698295354843, 0.580883085728, 0.717998445034]
    }
},
"rhythm": {
    "bpm": 127.623626709,
    "confidence": 0,
    "first_peak_bpm": {
        "mean": 126,
        "stdev": 0
    },
    "first_peak_spread": {
        "mean": 0.5,
        "stdev": 0
    },
    "first_peak_weight": {
        "mean": 0.5,
        "stdev": 0
    },
    "onset_rate": 4.52122211456,
    "second_peak_bpm": {
        "mean": 0,
        "stdev": 0
    },
    "second_peak_spread": {
        "mean": 0,
        "stdev": 0
    },
    "second_peak_weight": {
        "mean": 0,
        "stdev": 0
    }
},
"sfx": {
    "inharmonicity": {
        "mean": 0.00738538615406,
        "stdev": 0.0190455857664
    },
    "oddtoevenharmonicenergyratio": {
        "mean": 8.10329532623,
        "stdev": 76.4011764526
    },
    "pitch_after_max_to_before_max_energy_ratio": 3.13185286522,
    "pitch_centroid": 69.3404541016,
    "pitch_max_to_total": 0.577777802944,
    "pitch_min_to_total": 0.437037050724,
    "tristimulus": {
        "mean": [0.671254456043, 0.266312658787, 0.0624330677092],
        "stdev": [0.259485185146, 0.207993298769, 0.087355427444]
    }
},
"tonal": {
    "chords_changes_rate": 0.0571428574622,
    "chords_number_rate": 0.0571428574622,
    "chords_strength": {
        "mean": 0.53987044096,
        "stdev": 0.0218034312129
    },
    "key_strength": 0.802611589432,
    "tuning_diatonic_strength": 0.614129722118,
    "tuning_equal_tempered_deviation": 0.12920153141,
    "tuning_frequency": 441.017791748,
    "tuning_nontempered_energy_ratio": 0.699813783169,
    "hpcp": {
        "mean": [0.00212979339994, 0.0793428197503, 0.414979726076, 0.463812083006, 0.130539357662, 0.0168451350182, 0.0421091914177, 0.0328068733215, 0.0144565021619, 0.030357548967, 0.0211908053607, 0.00267807208002, 0.0018084961921, 0.0116657251492, 0.0394384898245, 0.0581847056746, 0.0739683061838, 0.217450723052, 0.233723253012, 0.0616191923618, 0.00145330105443, 0.000860786356498, 0.0269328504801, 0.149628981948, 0.161238893867, 0.0540534481406, 0.023376589641, 0.0120472125709, 0.00735437776893, 0.0783974155784, 0.145481288433, 0.0706530809402, 0.0314488522708, 0.0596959665418, 0.0294749811292, 0.00100518972613],
        "stdev": [0.004990527872, 0.0910581201315, 0.369222939014, 0.437522023916, 0.155164599419, 0.0798763260245, 0.174979671836, 0.12571118772, 0.0718750059605, 0.166434943676, 0.108850717545, 0.0063750827685, 0.00481339124963, 0.0504815019667, 0.149678498507, 0.177840590477, 0.136251449585, 0.2827283144, 0.352360576391, 0.119556948543, 0.00536512257531, 0.0020084597636, 0.0756910294294, 0.326864421368, 0.348756939173, 0.129497498274, 0.122549116611, 0.0381851680577, 0.0213330890983, 0.179721668363, 0.348876267672, 0.168967604637, 0.12263302505, 0.229518279433, 0.112618722022, 0.00303633487783]
    },
    "chords_histogram": [94.2857131958, 0, 5.71428585052, 0, 0, 0, 0, 0, 0, 0, 0, 0, 0, 0, 0, 0, 0, 0, 0, 0, 0, 0, 0, 0],