{
"metadata": {
    "version": {
        "essentia": "2.1-beta5-dev"
    }
},
"lowLevel": {
    "average_loudness": 0.99068403244,
    "barkbands_kurtosis": {
        "mean": 14.3728218079,
        "stdev": 20.8300971985
    },
    "barkbands_skewness": {
        "mean": 2.25064897537,
        "stdev": 2.17078518867
    },
    "barkbands_spread": {
        "mean": 12.2836446762,
        "stdev": 10.7648649216
    },
    "dissonance": {
        "mean": 0.228533089161,
        "stdev": 0.113144651055
    },
    "hfc": {
        "mean": 70.5575256348,
        "stdev": 67.2121124268
    },
    "pitch": {
        "mean": 535.997680664,
        "stdev": 977.838256836
    },
    "pitch_instantaneous_confidence": {
        "mean": 0.490343958139,
        "stdev": 0.286698520184
    },
    "pitch_salience": {
        "mean": 0.593018591404,
        "stdev": 0.085380576551
    },
    "silence_rate_20dB": {
        "mean": 0.831168830395,
        "stdev": 0.374602943659
    },
    "silence_rate_30dB": {
        "mean": 0.311688303947,
        "stdev": 0.463183403015
    },
    "silence_rate_60dB": {
        "mean": 0,
        "stdev": 0
    },
    "spectral_centroid": {
        "mean": 437.573608398,
        "stdev": 477.526794434
    },
    "spectral_complexity": {
        "mean": 9.98701286316,
        "stdev": 2.91656064987
    },
    "spectral_crest": {
        "mean": 8.89809036255,
        "stdev": 2.217471838
    },
    "spectral_decrease": {
        "mean": -9.39002617883e-08,
        "stdev": 6.92626329624e-08
    },
    "spectral_energy": {
        "mean": 0.184118941426,
        "stdev": 0.136747524142
    },
    "spectral_energyband_high": {
        "mean": 0.000800140493084,
        "stdev": 0.000664363207761
    },
    "spectral_energyband_low": {
        "mean": 0.0783564671874,
        "stdev": 0.0553935356438
    },
    "spectral_energyband_middle_high": {
        "mean": 0.0158961694688,
        "stdev": 0.0207540336996
    },
    "spectral_energyband_middle_low": {
        "mean": 0.111436530948,
        "stdev": 0.103602252901
    },
    "spectral_flatness_db": {
        "mean": 0.190720453858,
        "stdev": 0.0462960675359
    },
    "spectral_flux": {
        "mean": 0.155371308327,
        "stdev": 0.0763969123363
    },
    "spectral_kurtosis": {
        "mean": 6.30258083344,
        "stdev": 4.68489360809
    },
    "spectral_rms": {
        "mean": 0.0173103827983,
        "stdev": 0.00769786676392
    },
    "spectral_rolloff": {
        "mean": 629.21697998,
        "stdev": 1007.11065674
    },
    "spectral_skewness": {
        "mean": 2.39835119247,
        "stdev": 0.885536730289
    },
    "spectral_spread": {
        "mean": 16556273,
        "stdev": 7260934
    },
    "spectral_strongpeak": {
        "mean": 1.10255253315,
        "stdev": 1.23416447639
    },
    "zerocrossingrate": {
        "mean": 0.0367288962007,
        "stdev": 0.0218820217997
    },
    "barkbands": {
        "mean": [0.00722412252799, 0.028996059671, 0.02863159962, 0.0191510077566, 0.00328820128925, 0.00987991224974, 0.0419042333961, 0.00251555908471, 0.00492207705975, 0.0300781633705, 0.000111759873107, 0.00582799734548, 0.000136264949106, 0.000203257164685, 6.97782161296e-05, 9.54138013185e-05, 5.79443039896e-05, 2.0570376364e-05, 0.000154569992446, 0.000132912828121, 0.000228301083553, 0.000132712346385, 0.000100836383353, 6.83863545419e-05, 8.35399332573e-05, 7.30289975763e-05, 2.92789372907e-05],
        "stdev": [0.00808970071375, 0.0170865654945, 0.0248736813664, 0.0196470338851, 0.00277603813447, 0.00889912620187, 0.0439732633531, 0.0027520165313, 0.00592273939401, 0.0382949560881, 0.000115290713438, 0.00884274486452, 0.000154272885993, 0.000262426387053, 8.24104063213e-05, 8.29872078612e-05, 3.94474263885e-05, 2.14956726268e-05, 9.41414109548e-05, 9.02128085727e-05, 0.000193729414605, 0.000129779757117, 7.6673059084e-05, 6.89370644977e-05, 9.33884803089e-05, 9.47781736613e-05, 5.86897076573e-05]
    },
    "mfcc": {
        "mean": [-578.903686523, 139.665176392, 50.7578773499, 31.5033454895, -15.1691942215, 7.30495166779, 6.29327487946, 3.19398641586, 2.26439237595, 5.60086107254, 2.14270162582, 7.87056016922, 6.28008794785],
        "stdev": [50.4200668335, 38.5352363586, 14.9595594406, 23.8244037628, 16.8094520569, 9.87861156464, 9.77163791656, 6.75413179398, 7.38031291962, 6.27254772186, 6.99926567078, 6.16282272339, 6.8844833374]
    },
    "sccoeffs": {
        "mean": [-0.589582145214, -0.614137113094, -0.568357169628, -0.715511023998, -0.784343957901, -0.801999568939],
        "stdev": [0.120050229132, 0.160579785705, 0.234244197607, 0.0833027213812, 0.0328947789967, 0.0205957777798]
    },
    "scvalleys": {
        "mean": [-3.49829745293, -4.36778879166, -6.02246046066, -6.91296005249, -7.08120918274, -7.65676784515],
        "stdev": [0.844185233116, 0.609821379185, 0.587515592575, 0.477732479572, 0.343447268009, 0.424095451832]
    }
},
"rhythm": {
    "bpm": 0,
    "confidence": 0,
    "first_peak_bpm": {
        "mean": 0,
        "stdev": 0
    },
    "first_peak_spread": {
        "mean": 0,
        "stdev": 0
    },
    "first_peak_weight": {
        "mean": 0,
        "stdev": 0
    },
    "onset_rate": 3.43128371239,
    "second_peak_bpm": {
        "mean": 0,
        "stdev": 0
    },
    "second_peak_spread": {
        "mean": 0,
        "stdev": 0
    },
    "second_peak_weight": {
        "mean": 0,
        "stdev": 0
    }
},
"sfx": {
    "inharmonicity": {
        "mean": 0.0338792577386,
        "stdev": 0.0449209697545
    },
    "oddtoevenharmonicenergyratio": {
        "mean": 1.60538685322,
        "stdev": 4.66303396225
    },
    "pitch_after_max_to_before_max_energy_ratio": 0.815521776676,
    "pitch_centroid": 29.9877071381,
    "pitch_max_to_total": 0.142857149243,
    "pitch_min_to_total": 0.298701286316,
    "tristimulus": {
        "mean": [0.37344378233, 0.444743573666, 0.181812703609],
        "stdev": [0.245940744877, 0.216915428638, 0.189562022686]
    }
},
"tonal": {
    "chords_changes_rate": 0,
    "chords_number_rate": 0.0500000007451,
    "chords_strength": {
        "mean": 0.441194474697,
        "stdev": 2.98023223877e-08
    },
    "key_strength": 0.646116018295,
    "tuning_diatonic_strength": 0.46919709444,
    "tuning_equal_tempered_deviation": 0.139643833041,
    "tuning_frequency": 437.465789795,
    "tuning_nontempered_energy_ratio": 0.682553291321,
    "hpcp": {
        "mean": [0.00874821376055, 0.0101798921824, 0.014806561172, 0.0168814416975, 0.0164253041148, 0.104374155402, 0.343006670475, 0.321024209261, 0.109713591635, 0.0615533292294, 0.0576815232635, 0.0616265460849, 0.0357462391257, 0.0111268218607, 0.025109147653, 0.056020848453, 0.0369211956859, 0.0105599574745, 0.0210540890694, 0.0151711925864, 0.00282643875107, 0.00298728654161, 0.0330231338739, 0.181426078081, 0.208566576242, 0.0607122294605, 0.0324610583484, 0.0582521632314, 0.0321038290858, 0.271472483873, 0.590281605721, 0.36873114109, 0.0611159615219, 0.0155746145174, 0.00173078419175, 0.00364761659876],
        "stdev": [0.0176189374179, 0.0182075351477, 0.0424728989601, 0.0504166409373, 0.0246711671352, 0.137906119227, 0.350850790739, 0.294412940741, 0.145703434944, 0.216748327017, 0.13648724556, 0.216357812285, 0.101961605251, 0.0228690709919, 0.0186649002135, 0.0503436848521, 0.031778819859, 0.0169300567359, 0.0347413420677, 0.0220838971436, 0.00510325469077, 0.0059673297219, 0.0742078050971, 0.351079940796, 0.392792642117, 0.105019599199, 0.0630236193538, 0.0862420499325, 0.0349648408592, 0.201722472906, 0.429014503956, 0.274917662144, 0.199471384287, 0.0442331247032, 0.00454066507518, 0.00930991768837]
    },
    "chords_histogram": [0, 0, 0, 0, 0, 0, 0, 0, 0, 0, 0, 0, 0, 0, 0, 0, 0, 100, 0, 0, 0, 0, 0, 0],