{
"metadata": {
    "version": {
        "essentia": "2.1-beta5-dev"
    }
},
"lowLevel": {
    "average_loudness": 0.99068403244,
    "barkbands_kurtosis": {
        "mean": 16.0900230408,
        "stdev": 14.3165578842
    },
    "barkbands_skewness": {
        "mean": 2.56985378265,
        "stdev": 1.11028683186
    },
    "barkbands_spread": {
        "mean": 14.1054296494,
        "stdev": 15.5621786118
    },
    "dissonance": {
        "mean": 0.258559465408,
        "stdev": 0.0682248845696
    },
    "hfc": {
        "mean": 9.6923160553,
        "stdev": 11.9512987137
    },
    "pitch": {
        "mean": 374.046325684,
        "stdev": 671.831726074
    },
    "pitch_instantaneous_confidence": {
        "mean": 0.447609573603,
        "stdev": 0.22508738935
    },
    "pitch_salience": {
        "mean": 0.600259900093,
        "stdev": 0.107747197151
    },
    "silence_rate_20dB": {
        "mean": 0.984496116638,
        "stdev": 0.123545393348
    },
    "silence_rate_30dB": {
        "mean": 0.961240291595,
        "stdev": 0.193022191525
    },
    "silence_rate_60dB": {
        "mean": 0.12403100729,
        "stdev": 0.329616934061
    },
    "spectral_centroid": {
        "mean": 515.87701416,
        "stdev": 501.252166748
    },
    "spectral_complexity": {
        "mean": 5.13953495026,
        "stdev": 2.94587945938
    },
    "spectral_crest": {
        "mean": 9.34584522247,
        "stdev": 2.47603392601
    },
    "spectral_decrease": {
        "mean": -1.88827566916e-08,
        "stdev": 4.35160920631e-08
    },
    "spectral_energy": {
        "mean": 0.0366173349321,
        "stdev": 0.0832761824131
    },
    "spectral_energyband_high": {
        "mean": 0.000331149785779,
        "stdev": 0.000598622020334
    },
    "spectral_energyband_low": {
        "mean": 0.0216228868812,
        "stdev": 0.0687492638826
    },
    "spectral_energyband_middle_high": {
        "mean": 0.000252319063293,
        "stdev": 0.000266262970399
    },
    "spectral_energyband_middle_low": {
        "mean": 0.0197584535927,
        "stdev": 0.038238119334
    },
    "spectral_flatness_db": {
        "mean": 0.186527207494,
        "stdev": 0.0734548866749
    },
    "spectral_flux": {
        "mean": 0.0666887760162,
        "stdev": 0.0819992348552
    },
    "spectral_kurtosis": {
        "mean": 3.79346871376,
        "stdev": 3.37038183212
    },
    "spectral_rms": {
        "mean": 0.00696214102209,
        "stdev": 0.00478617101908
    },
    "spectral_rolloff": {
        "mean": 709.093444824,
        "stdev": 1132.79943848
    },
    "spectral_skewness": {
        "mean": 1.97089529037,
        "stdev": 0.756992042065
    },
    "spectral_spread": {
        "mean": 20731450,
        "stdev": 7168566.5
    },
    "spectral_strongpeak": {
        "mean": 0.353476703167,
        "stdev": 0.320746392012
    },
    "zerocrossingrate": {
        "mean": 0.0481089502573,
        "stdev": 0.0389718338847
    },
    "barkbands": {
        "mean": [0.00116358289961, 0.00585037376732, 0.00926868058741, 0.00755719933659, 0.00148157263175, 0.00705641321838, 0.0023962080013, 0.000416814611526, 0.00083074910799, 4.67611389467e-05, 3.61025595339e-05, 3.02953521896e-05, 3.85358944186e-05, 1.9420262106e-05, 6.49231060379e-06, 1.06122406578e-05, 8.88904287422e-06, 8.41994642542e-06, 4.3922867917e-05, 3.96310606448e-05, 7.47895683162e-05, 7.36817964935e-05, 3.42204475601e-05, 2.60780161625e-05, 3.91721223423e-05, 4.2479889089e-05, 1.50430960275e-05],
        "stdev": [0.00277446955442, 0.0123005304486, 0.0334438383579, 0.0288016255945, 0.00474765803665, 0.00713496468961, 0.00216032727621, 0.000571019889321, 0.00125107145868, 5.08790362801e-05, 3.9409915189e-05, 4.24165154982e-05, 7.05135898897e-05, 2.70813452516e-05, 7.62210902394e-06, 8.85453027877e-06, 1.3107288396e-05, 1.66536483448e-05, 8.35840692162e-05, 5.34988030267e-05, 0.000100046723674, 0.00014915104839, 7.11194297764e-05, 4.97038308822e-05, 8.27462426969e-05, 0.000104379949335, 4.43658973381e-05]
    },
    "mfcc": {
        "mean": [-674.851928711, 126.877876282, 65.1663665771, 43.0732803345, -12.1338338852, 3.90706586838, 0.597947776318, -6.7712726593, -0.509352445602, 3.15990066528, 1.88941550255, 1.67369639874, 2.49918723106],
        "stdev": [42.7865028381, 31.3630847931, 13.8021717072, 14.8746461868, 12.0465240479, 9.82392597198, 10.3927841187, 8.26963043213, 7.28408432007, 7.46453332901, 6.89539051056, 7.26298666, 7.39290857315]
    },
    "sccoeffs": {
        "mean": [-0.676118850708, -0.654047429562, -0.723523020744, -0.798986196518, -0.816244840622, -0.823651969433],
        "stdev": [0.110727384686, 0.171573549509, 0.102591738105, 0.0398064814508, 0.0282480344176, 0.018903080374]
    },
    "scvalleys": {
        "mean": [-4.36395835876, -5.29433059692, -6.88541126251, -7.77315378189, -7.82597780228, -8.2641210556],
        "stdev": [0.724627614021, 0.672422707081, 0.580505311489, 0.494601458311, 0.440401613712, 0.528560876846]
    }
},
"rhythm": {
    "bpm": 151.999084473,
    "confidence": 0,
    "first_peak_bpm": {
        "mean": 152,
        "stdev": 0
    },
    "first_peak_spread": {
        "mean": 0,
        "stdev": 0
    },
    "first_peak_weight": {
        "mean": 0.5,
        "stdev": 0
    },
    "onset_rate": 3.36523032188,
    "second_peak_bpm": {
        "mean": 161,
        "stdev": 0
    },
    "second_peak_spread": {
        "mean": 0,
        "stdev": 0
    },
    "second_peak_weight": {
        "mean": 0.5,
        "stdev": 0
    }
},
"sfx": {
    "inharmonicity": {
        "mean": 0.0398949049413,
        "stdev": 0.0576134473085
    },
    "oddtoevenharmonicenergyratio": {
        "mean": 34.2541503906,
        "stdev": 174.020263672
    },
    "pitch_after_max_to_before_max_energy_ratio": 2.0502910614,
    "pitch_centroid": 71.2756881714,
    "pitch_max_to_total": 0.565891444683,
    "pitch_min_to_total": 0.620155036449,
    "tristimulus": {
        "mean": [0.468608826399, 0.339353531599, 0.192037820816],
        "stdev": [0.308560311794, 0.222470521927, 0.17407540977]
    }
},
"tonal": {
    "chords_changes_rate": 0.0606060624123,
    "chords_number_rate": 0.0909090936184,
    "chords_strength": {
        "mean": 0.52837151289,
        "stdev": 0.00696520274505
    },
    "key_strength": 0.396951943636,
    "tuning_diatonic_strength": 0.329212456942,
    "tuning_equal_tempered_deviation": 0.160985589027,
    "tuning_frequency": 443.316436768,
    "tuning_nontempered_energy_ratio": 0.903289496899,
    "hpcp": {
        "mean": [0.0588211119175, 0.0163137186319, 0.00726949609816, 0.0142711428925, 0.0297476928681, 0.0387743115425, 0.0234778746963, 0.0300360545516, 0.121387079358, 0.144650951028, 0.0771210640669, 0.0688035562634, 0.0622036755085, 0.0814590156078, 0.340215206146, 0.494545459747, 0.251925468445, 0.0485816262662, 0.0143202673644, 0.00847562495619, 0.00983709655702, 0.00805658660829, 0.195600733161, 0.631162703037, 0.488665193319, 0.0577961392701, 0.0247586071491, 0.0312454085797, 0.0237095654011, 0.0492645539343, 0.0834723338485, 0.138699278235, 0.272141218185, 0.255381584167, 0.10208017379, 0.0692361444235],
        "stdev": [0.09931845963, 0.0228798929602, 0.0191021244973, 0.0386423766613, 0.0928126275539, 0.133310675621, 0.0888376384974, 0.0497318618, 0.174225673079, 0.23626293242, 0.162699177861, 0.206507220864, 0.212727308273, 0.129709690809, 0.277060449123, 0.366270393133, 0.208374708891, 0.0748538002372, 0.0242812819779, 0.019613109529, 0.0377699173987, 0.021376196295, 0.143367782235, 0.400650471449, 0.323922932148, 0.0513584949076, 0.0499971807003, 0.0705472156405, 0.0586838796735, 0.181625038385, 0.239947810769, 0.245308294892, 0.377108573914, 0.36096611619, 0.211873531342, 0.119865581393]
    },
    "chords_histogram": [12.1212120056, 66.6666641235, 0, 0, 0, 0, 0, 0, 0, 0, 0, 0, 0, 0, 0, 21.2121219635, 0, 0, 0, 0, 0, 0, 0, 0],