{
"metadata": {
    "version": {
        "essentia": "2.1-beta5-dev"
    }
},
"lowLevel": {
    "average_loudness": 0.99068403244,
    "barkbands_kurtosis": {
        "mean": 17.5691452026,
        "stdev": 21.6003131866
    },
    "barkbands_skewness": {
        "mean": 1.45220649242,
        "stdev": 1.98232626915
    },
    "barkbands_spread": {
        "mean": 4.53903532028,
        "stdev": 5.12600040436
    },
    "dissonance": {
        "mean": 0.160568118095,
        "stdev": 0.0910344719887
    },
    "hfc": {
        "mean": 65.1011505127,
        "stdev": 84.1784515381
    },
    "pitch": {
        "mean": 473.084869385,
        "stdev": 735.79498291
    },
    "pitch_instantaneous_confidence": {
        "mean": 0.678983986378,
        "stdev": 0.240071639419
    },
    "pitch_salience": {
        "mean": 0.473796546459,
        "stdev": 0.101070515811
    },
    "silence_rate_20dB": {
        "mean": 0.829059839249,
        "stdev": 0.376456648111
    },
    "silence_rate_30dB": {
        "mean": 0.572649598122,
        "stdev": 0.494693815708
    },
    "silence_rate_60dB": {
        "mean": 0,
        "stdev": 0
    },
    "spectral_centroid": {
        "mean": 309.30847168,
        "stdev": 146.288085938
    },
    "spectral_complexity": {
        "mean": 4.82905960083,
        "stdev": 1.75553202629
    },
    "spectral_crest": {
        "mean": 14.2152099609,
        "stdev": 4.31964302063
    },
    "spectral_decrease": {
        "mean": -9.24831482507e-08,
        "stdev": 1.03407181484e-07
    },
    "spectral_energy": {
        "mean": 0.180941835046,
        "stdev": 0.203321903944
    },
    "spectral_energyband_high": {
        "mean": 0.000196154651348,
        "stdev": 0.0002700194309
    },
    "spectral_energyband_low": {
        "mean": 0.0270868986845,
        "stdev": 0.0175812933594
    },
    "spectral_energyband_middle_high": {
        "mean": 0.0012472611852,
        "stdev": 0.00196146848612
    },
    "spectral_energyband_middle_low": {
        "mean": 0.157566025853,
        "stdev": 0.204738333821
    },
    "spectral_flatness_db": {
        "mean": 0.293883562088,
        "stdev": 0.0689521357417
    },
    "spectral_flux": {
        "mean": 0.090504579246,
        "stdev": 0.0980844050646
    },
    "spectral_kurtosis": {
        "mean": 14.8646097183,
        "stdev": 12.1485080719
    },
    "spectral_rms": {
        "mean": 0.0163798388094,
        "stdev": 0.00918770674616
    },
    "spectral_rolloff": {
        "mean": 411.155334473,
        "stdev": 293.956878662
    },
    "spectral_skewness": {
        "mean": 3.49448561668,
        "stdev": 1.38365483284
    },
    "spectral_spread": {
        "mean": 12299320,
        "stdev": 7864511
    },
    "spectral_strongpeak": {
        "mean": 2.08545064926,
        "stdev": 2.04008412361
    },
    "zerocrossingrate": {
        "mean": 0.0196731444448,
        "stdev": 0.0104192225263
    },
    "barkbands": {
        "mean": [0.00111703085713, 0.00882826931775, 0.0123918820173, 0.00712382094935, 0.00174417288508, 0.0595743171871, 0.0763737410307, 0.000415595452068, 0.0109829949215, 0.00139549607411, 0.000204383526579, 0.000156107635121, 0.000272577104624, 3.41745544574e-05, 1.1243832887e-05, 7.56445442676e-05, 7.37982009014e-06, 5.46499859411e-06, 2.2254376745e-05, 3.01168838632e-05, 4.92201907036e-05, 4.07103398175e-05, 1.67668931681e-05, 1.51418244059e-05, 2.50295488513e-05, 2.03404506465e-05, 7.50192293708e-06],
        "stdev": [0.00176885747351, 0.00492305355147, 0.00819246750325, 0.00685142725706, 0.00480221072212, 0.130195707083, 0.0822276249528, 0.000677141477354, 0.0306712575257, 0.00281285191886, 0.000596192432567, 0.000318774575135, 0.000682056939695, 7.43525306461e-05, 2.24234299822e-05, 0.000193613799638, 7.82526149123e-06, 8.3164732132e-06, 2.65308808594e-05, 3.16157056659e-05, 6.80944722262e-05, 7.01401513652e-05, 2.07138273254e-05, 2.2216945581e-05, 4.19265197706e-05, 3.31500705215e-05, 1.48329654621e-05]
    },
    "mfcc": {
        "mean": [-668.250854492, 164.363555908, 68.0555038452, 39.0464019775, -11.1218891144, 6.4686460495, -2.39837431908, -9.2313785553, -3.4521021843, 0.830365419388, 0.804924726486, 10.009718895, 14.4888296127],
        "stdev": [50.8923377991, 35.5847854614, 18.7518081665, 20.1082668304, 15.546377182, 12.6421709061, 12.1317567825, 9.27418041229, 9.21336364746, 6.29281044006, 7.46851730347, 9.23831653595, 7.40247678757]
    },
    "sccoeffs": {
        "mean": [-0.607328116894, -0.389897972345, -0.648707747459, -0.732942581177, -0.816795945168, -0.829480707645],
        "stdev": [0.0909092128277, 0.211638227105, 0.185558110476, 0.088591940701, 0.0331779830158, 0.0210455656052]
    },
    "scvalleys": {
        "mean": [-4.02504348755, -5.47840547562, -6.85737991333, -7.92412042618, -8.10610485077, -8.59556484222],
        "stdev": [0.551595807076, 0.725874900818, 0.648667633533, 0.571479439735, 0.510785877705, 0.622505366802]
    }
},
"rhythm": {
    "bpm": 105.468757629,
    "confidence": 0,
    "first_peak_bpm": {
        "mean": 105,
        "stdev": 0
    },
    "first_peak_spread": {
        "mean": 0,
        "stdev": 0
    },
    "first_peak_weight": {
        "mean": 1,
        "stdev": 0
    },
    "onset_rate": 4.47927951813,
    "second_peak_bpm": {
        "mean": 0,
        "stdev": 0
    },
    "second_peak_spread": {
        "mean": 0,
        "stdev": 0
    },
    "second_peak_weight": {
        "mean": 0,
        "stdev": 0
    }
},
"sfx": {
    "inharmonicity": {
        "mean": 0.0125741567463,
        "stdev": 0.0362272299826
    },
    "oddtoevenharmonicenergyratio": {
        "mean": 19.9519710541,
        "stdev": 125.652481079
    },
    "pitch_after_max_to_before_max_energy_ratio": 2.21256947517,
    "pitch_centroid": 59.3496437073,
    "pitch_max_to_total": 0.564102590084,
    "pitch_min_to_total": 0.35897436738,
    "tristimulus": {
        "mean": [0.698005795479, 0.2122246176, 0.0897695720196],
        "stdev": [0.28214019537, 0.216444864869, 0.162479311228]
    }
},
"tonal": {
    "chords_changes_rate": 0.0333333350718,
    "chords_number_rate": 0.0666666701436,
    "chords_strength": {
        "mean": 0.354830592871,
        "stdev": 0.0305143669248
    },
    "key_strength": 0.506242454052,
    "tuning_diatonic_strength": 0.475222587585,
    "tuning_equal_tempered_deviation": 0.0554701685905,
    "tuning_frequency": 440.254241943,
    "tuning_nontempered_energy_ratio": 0.606178045273,
    "hpcp": {
        "mean": [0.00333777675405, 0.00104665616527, 0.000201275790459, 0.014476374723, 0.032178696245, 0.0337240882218, 0.0270729232579, 0.0115888388827, 0.00888600945473, 0.0428936332464, 0.0830629840493, 0.2177041471, 0.25901478529, 0.119020417333, 0.145164683461, 0.221380442381, 0.106897853315, 0.00670981546864, 0.00813457369804, 0.00307485950179, 0.000133322057081, 0.000219707697397, 0.00680037541315, 0.0886208638549, 0.159222185612, 0.0796298012137, 0.00394661072642, 0.00236358633265, 0.00883252732456, 0.256106644869, 0.531121730804, 0.300078332424, 0.0686039403081, 0.0847128778696, 0.0345065258443, 0.00376763404347],
        "stdev": [0.00530045339838, 0.0014304529177, 0.000390367145883, 0.0753421261907, 0.162626340985, 0.117973051965, 0.0465825796127, 0.0157482866198, 0.0356306321919, 0.179279044271, 0.175809949636, 0.290473371744, 0.305111259222, 0.170986160636, 0.253799378872, 0.402575403452, 0.213888913393, 0.0236154980958, 0.0364040769637, 0.0136247109622, 0.000207350531127, 0.000417868868681, 0.0307288244367, 0.182822570205, 0.341462731361, 0.18007850647, 0.00934567302465, 0.00618122471496, 0.0320632942021, 0.276328057051, 0.495161294937, 0.303157061338, 0.105166114867, 0.1657679528, 0.0722724944353, 0.00565842492506]
    },
    "chords_histogram": [93.3333358765, 0, 0, 0, 0, 0, 0, 6.66666650772, 0, 0, 0, 0, 0, 0, 0, 0, 0, 0, 0, 0, 0, 0, 0, 0],