{
"metadata": {
    "version": {
        "essentia": "2.1-beta5-dev"
    }
},
"lowLevel": {
    "average_loudness": 0.99068403244,
    "barkbands_kurtosis": {
        "mean": 54.0629997253,
        "stdev": 76.7683181763
    },
    "barkbands_skewness": {
        "mean": 4.43285322189,
        "stdev": 3.39148402214
    },
    "barkbands_spread": {
        "mean": 5.35142755508,
        "stdev": 6.5370054245
    },
    "dissonance": {
        "mean": 0.236373618245,
        "stdev": 0.0629230737686
    },
    "hfc": {
        "mean": 48.8232498169,
        "stdev": 38.2177772522
    },
    "pitch": {
        "mean": 319.065734863,
        "stdev": 418.657806396
    },
    "pitch_instantaneous_confidence": {
        "mean": 0.438832134008,
        "stdev": 0.264432191849
    },
    "pitch_salience": {
        "mean": 0.507468283176,
        "stdev": 0.137067064643
    },
    "silence_rate_20dB": {
        "mean": 0.897058844566,
        "stdev": 0.303882241249
    },
    "silence_rate_30dB": {
        "mean": 0.161764711142,
        "stdev": 0.368234872818
    },
    "silence_rate_60dB": {
        "mean": 0.00735294120386,
        "stdev": 0.085433460772
    },
    "spectral_centroid": {
        "mean": 272.343444824,
        "stdev": 175.334213257
    },
    "spectral_complexity": {
        "mean": 8.30147075653,
        "stdev": 3.82007098198
    },
    "spectral_crest": {
        "mean": 12.8677425385,
        "stdev": 6.27207231522
    },
    "spectral_decrease": {
        "mean": -1.05488140889e-07,
        "stdev": 6.62960957243e-08
    },
    "spectral_energy": {
        "mean": 0.204079270363,
        "stdev": 0.127864152193
    },
    "spectral_energyband_high": {
        "mean": 0.000533060636371,
        "stdev": 0.000511212099809
    },
    "spectral_energyband_low": {
        "mean": 0.108567692339,
        "stdev": 0.108518540859
    },
    "spectral_energyband_middle_high": {
        "mean": 0.00104299315717,
        "stdev": 0.000870607909746
    },
    "spectral_energyband_middle_low": {
        "mean": 0.118417054415,
        "stdev": 0.100447736681
    },
    "spectral_flatness_db": {
        "mean": 0.262088626623,
        "stdev": 0.0732768326998
    },
    "spectral_flux": {
        "mean": 0.121179886162,
        "stdev": 0.103422567248
    },
    "spectral_kurtosis": {
        "mean": 7.98339319229,
        "stdev": 3.72133541107
    },
    "spectral_rms": {
        "mean": 0.018775170669,
        "stdev": 0.00673115346581
    },
    "spectral_rolloff": {
        "mean": 376.197723389,
        "stdev": 353.141265869
    },
    "spectral_skewness": {
        "mean": 2.73758244514,
        "stdev": 0.600543737411
    },
    "spectral_spread": {
        "mean": 12984329,
        "stdev": 4358376
    },
    "spectral_strongpeak": {
        "mean": 1.18694841862,
        "stdev": 1.54260540009
    },
    "zerocrossingrate": {
        "mean": 0.0205006320029,
        "stdev": 0.0134367374703
    },
    "barkbands": {
        "mean": [0.00523874210194, 0.0297296885401, 0.0493370629847, 0.033897574991, 0.00591756543145, 0.00645845755935, 0.0694855973125, 0.00190079538152, 0.000300444109598, 0.000519006047398, 7.0943555329e-05, 6.99815354892e-05, 0.000290177616989, 6.25231550657e-05, 1.41893660839e-05, 4.0690847527e-05, 2.20226211241e-05, 2.44962793658e-05, 0.000116112205433, 0.000159431161592, 0.000153827786562, 0.000121125063743, 5.26883923158e-05, 3.15702345688e-05, 3.10058421746e-05, 2.48810156336e-05, 8.25892129797e-06],
        "stdev": [0.00918636843562, 0.0288534667343, 0.0553658269346, 0.0442388653755, 0.0079379202798, 0.0143597433344, 0.0883240178227, 0.0025925966911, 0.000366443855455, 0.000885964429472, 0.000103711659904, 8.86541820364e-05, 0.000456413399661, 9.41642356338e-05, 1.94107724383e-05, 3.37604651577e-05, 3.18404199788e-05, 4.9188365665e-05, 0.000116059032734, 0.000250710872933, 0.00016183462867, 0.000173387743416, 3.29881877406e-05, 3.18065176543e-05, 3.05985377054e-05, 2.93480679829e-05, 1.63914501172e-05]
    },
    "mfcc": {
        "mean": [-612.858886719, 139.383895874, 60.4039001465, 48.1958732605, -14.9625768661, 3.65206742287, -2.54472446442, -11.0065193176, -9.00570392609, 5.3266620636, 6.95365762711, 13.0936536789, 12.5148849487],
        "stdev": [37.3138618469, 22.13879776, 19.1859073639, 20.6081104279, 17.550201416, 16.4237194061, 14.2646207809, 8.92571544647, 8.1438293457, 8.68839836121, 9.10555458069, 6.43488025665, 7.51886844635]
    },
    "sccoeffs": {
        "mean": [-0.586459338665, -0.524243533611, -0.740756094456, -0.750708758831, -0.787128388882, -0.803712725639],
        "stdev": [0.166785135865, 0.224042326212, 0.0802486240864, 0.0635804980993, 0.0306636113673, 0.0239366665483]
    },
    "scvalleys": {
        "mean": [-3.66983652115, -4.64087963104, -6.48151874542, -7.19359254837, -7.25485277176, -7.97608423233],
        "stdev": [1.05846762657, 0.711520254612, 0.51266503334, 0.423802793026, 0.427051007748, 0.337299078703]
    }
},
"rhythm": {
    "bpm": 161.499008179,
    "confidence": 0,
    "first_peak_bpm": {
        "mean": 161,
        "stdev": 0
    },
    "first_peak_spread": {
        "mean": 0,
        "stdev": 0
    },
    "first_peak_weight": {
        "mean": 0.666666686535,
        "stdev": 0
    },
    "onset_rate": 3.84252357483,
    "second_peak_bpm": {
        "mean": 185,
        "stdev": 0
    },
    "second_peak_spread": {
        "mean": 0,
        "stdev": 0
    },
    "second_peak_weight": {
        "mean": 0.333333343267,
        "stdev": 0
    }
},
"sfx": {
    "inharmonicity": {
        "mean": 0.0368540585041,
        "stdev": 0.0550650134683
    },
    "oddtoevenharmonicenergyratio": {
        "mean": 57.6380767822,
        "stdev": 181.244262695
    },
    "pitch_after_max_to_before_max_energy_ratio": 0.729363381863,
    "pitch_centroid": 65.0440597534,
    "pitch_max_to_total": 0.919117629528,
    "pitch_min_to_total": 0.661764681339,
    "tristimulus": {
        "mean": [0.445608645678, 0.38807028532, 0.166321054101],
        "stdev": [0.396690517664, 0.340246468782, 0.183674201369]
    }
},
"tonal": {
    "chords_changes_rate": 0.0285714287311,
    "chords_number_rate": 0.0571428574622,
    "chords_strength": {
        "mean": 0.585265576839,
        "stdev": 0.02266783081
    },
    "key_strength": 0.564994454384,
    "tuning_diatonic_strength": 0.456819504499,
    "tuning_equal_tempered_deviation": 0.114596560597,
    "tuning_frequency": 437.465789795,
    "tuning_nontempered_energy_ratio": 0.698271512985,
    "hpcp": {
        "mean": [0.00238686567172, 0.0029401415959, 0.0090516153723, 0.0233428869396, 0.0211672801524, 0.0547645390034, 0.189961597323, 0.201962053776, 0.160282060504, 0.190112382174, 0.115854345262, 0.059199899435, 0.0654529929161, 0.0356068126857, 0.00947985984385, 0.0180805437267, 0.0314304865897, 0.0274872668087, 0.0226486865431, 0.0141435228288, 0.00833983719349, 0.0407055914402, 0.0689079239964, 0.165076866746, 0.244489341974, 0.133659362793, 0.0221240650862, 0.00725082494318, 0.00913820136338, 0.0449580103159, 0.0922314152122, 0.0683806985617, 0.17353412509, 0.406219631433, 0.286920100451, 0.0395097583532],
        "stdev": [0.00538361025974, 0.0127184344456, 0.0477059185505, 0.125064849854, 0.0958106815815, 0.111359335482, 0.352975189686, 0.356230527163, 0.230256348848, 0.332995057106, 0.212180420756, 0.191077828407, 0.209776565433, 0.129558950663, 0.0309132207185, 0.0770251601934, 0.166305094957, 0.10814460367, 0.0332515500486, 0.0208144690841, 0.0196392666548, 0.116877250373, 0.196710407734, 0.263969689608, 0.388593882322, 0.247593566775, 0.104577176273, 0.0176865905523, 0.0277360528708, 0.126652479172, 0.278294116259, 0.161406949162, 0.231806650758, 0.363698899746, 0.236121937633, 0.0920687243342]
    },
    "chords_histogram": [94.2857131958, 0, 0, 0, 0, 0, 0, 0, 0, 0, 0, 0, 0, 0, 0, 0, 0, 0, 0, 0, 0, 0, 0, 5.71428585052],