{
"metadata": {
    "version": {
        "essentia": "2.1-beta5-dev"
    }
},
"lowLevel": {
    "average_loudness": 0.99068403244,
    "barkbands_kurtosis": {
        "mean": 7.46478939056,
        "stdev": 9.91497421265
    },
    "barkbands_skewness": {
        "mean": 1.48352253437,
        "stdev": 1.40523326397
    },
    "barkbands_spread": {
        "mean": 6.8909573555,
        "stdev": 1.90438234806
    },
    "dissonance": {
        "mean": 0.184247076511,
        "stdev": 0.0502733327448
    },
    "hfc": {
        "mean": 51.5616226196,
        "stdev": 39.2029037476
    },
    "pitch": {
        "mean": 419.942169189,
        "stdev": 161.882919312
    },
    "pitch_instantaneous_confidence": {
        "mean": 0.589890956879,
        "stdev": 0.202877059579
    },
    "pitch_salience": {
        "mean": 0.507785320282,
        "stdev": 0.0688128471375
    },
    "silence_rate_20dB": {
        "mean": 0.930769205093,
        "stdev": 0.253846347332
    },
    "silence_rate_30dB": {
        "mean": 0.146153852344,
        "stdev": 0.353260397911
    },
    "silence_rate_60dB": {
        "mean": 0,
        "stdev": 0
    },
    "spectral_centroid": {
        "mean": 273.155670166,
        "stdev": 84.3075256348
    },
    "spectral_complexity": {
        "mean": 8.65384578705,
        "stdev": 3.46123981476
    },
    "spectral_crest": {
        "mean": 10.1771678925,
        "stdev": 2.36428594589
    },
    "spectral_decrease": {
        "mean": -8.99833452195e-08,
        "stdev": 4.62269831303e-08
    },
    "spectral_energy": {
        "mean": 0.174982622266,
        "stdev": 0.0908684581518
    },
    "spectral_energyband_high": {
        "mean": 0.000391029199818,
        "stdev": 0.000281948014162
    },
    "spectral_energyband_low": {
        "mean": 0.0868855342269,
        "stdev": 0.032013412565
    },
    "spectral_energyband_middle_high": {
        "mean": 0.0033661078196,
        "stdev": 0.00640271650627
    },
    "spectral_energyband_middle_low": {
        "mean": 0.097230233252,
        "stdev": 0.0713514909148
    },
    "spectral_flatness_db": {
        "mean": 0.235685810447,
        "stdev": 0.0391118004918
    },
    "spectral_flux": {
        "mean": 0.123142123222,
        "stdev": 0.0651780962944
    },
    "spectral_kurtosis": {
        "mean": 8.62683486938,
        "stdev": 3.02144479752
    },
    "spectral_rms": {
        "mean": 0.0179181974381,
        "stdev": 0.00447608251125
    },
    "spectral_rolloff": {
        "mean": 469.423828125,
        "stdev": 127.067016602
    },
    "spectral_skewness": {
        "mean": 2.89392614365,
        "stdev": 0.468129515648
    },
    "spectral_spread": {
        "mean": 12474945,
        "stdev": 2983477.75
    },
    "spectral_strongpeak": {
        "mean": 1.20706903934,
        "stdev": 1.41903793812
    },
    "zerocrossingrate": {
        "mean": 0.0205603968352,
        "stdev": 0.00739505095407
    },
    "barkbands": {
        "mean": [0.00592366419733, 0.0303391646594, 0.0377824492753, 0.0193443391472, 0.00548457261175, 0.00228537712246, 0.0305664874613, 0.0356304012239, 0.00379960983992, 0.000184811346116, 0.00211241096258, 0.00016595798661, 0.000462436059024, 9.73996939138e-05, 0.000183223659405, 4.09257700085e-05, 5.24727292941e-05, 1.3907731045e-05, 8.4833271103e-05, 0.000103914891952, 0.000108727173938, 6.84880142217e-05, 5.2432413213e-05, 3.14559583785e-05, 2.78323750535e-05, 2.72694451269e-05, 7.88187116996e-06],
        "stdev": [0.00731691624969, 0.0117847938091, 0.0172116011381, 0.015524238348, 0.00639999005944, 0.00425891112536, 0.0542990453541, 0.0298124086112, 0.00654132291675, 0.000242372014327, 0.00488152448088, 0.00020965274598, 0.000834260310512, 0.000124170503113, 0.000413146830397, 4.85734162794e-05, 5.81038293603e-05, 1.59749506565e-05, 5.81830026931e-05, 7.91802667663e-05, 9.77450981736e-05, 6.6691020038e-05, 4.3920463213e-05, 2.84499674308e-05, 2.10864800465e-05, 1.20752420116e-05, 5.16152158525e-06]
    },
    "mfcc": {
        "mean": [-596.535827637, 158.132156372, 58.6236686707, 38.2256736755, -13.813085556, 4.21261882782, 0.400918155909, -2.24718666077, 2.92230463028, 20.9049835205, 18.0930023193, 18.9870185852, 8.55422592163],
        "stdev": [38.2529792786, 19.2496757507, 17.7364616394, 19.0310382843, 9.46804618835, 8.88754749298, 8.90355396271, 6.44580745697, 6.97721099854, 9.05518913269, 10.9540205002, 8.03298377991, 7.28333950043]
    },
    "sccoeffs": {
        "mean": [-0.536527514458, -0.542055726051, -0.658625364304, -0.769093513489, -0.785680472851, -0.811502218246],
        "stdev": [0.105044052005, 0.12902572751, 0.0938346087933, 0.0556143857539, 0.0285708140582, 0.0168009158224]
    },
    "scvalleys": {
        "mean": [-3.36777830124, -4.26212882996, -6.25657320023, -6.90018033981, -7.32061910629, -8.00936031342],
        "stdev": [0.519070267677, 0.544234931469, 0.808842837811, 0.596049189568, 0.281832903624, 0.283167034388]
    }
},
"rhythm": {
    "bpm": 0,
    "confidence": 0,
    "first_peak_bpm": {
        "mean": 0,
        "stdev": 0
    },
    "first_peak_spread": {
        "mean": 0,
        "stdev": 0
    },
    "first_peak_weight": {
        "mean": 0,
        "stdev": 0
    },
    "onset_rate": 2.00527453423,
    "second_peak_bpm": {
        "mean": 0,
        "stdev": 0
    },
    "second_peak_spread": {
        "mean": 0,
        "stdev": 0
    },
    "second_peak_weight": {
        "mean": 0,
        "stdev": 0
    }
},
"sfx": {
    "inharmonicity": {
        "mean": 0.0328818261623,
        "stdev": 0.0667171031237
    },
    "oddtoevenharmonicenergyratio": {
        "mean": 19.0505218506,
        "stdev": 123.819610596
    },
    "pitch_after_max_to_before_max_energy_ratio": 5.80685520172,
    "pitch_centroid": 70.4403915405,
    "pitch_max_to_total": 0.276923090219,
    "pitch_min_to_total": 0.330769240856,
    "tristimulus": {
        "mean": [0.632359623909, 0.247242391109, 0.120397984982],
        "stdev": [0.349861502647, 0.282539516687, 0.151164978743]
    }
},
"tonal": {
    "chords_changes_rate": 0.0588235296309,
    "chords_number_rate": 0.088235296309,
    "chords_strength": {
        "mean": 0.406445622444,
        "stdev": 0.0558142252266
    },
    "key_strength": 0.722353875637,
    "tuning_diatonic_strength": 0.4835242033,
    "tuning_equal_tempered_deviation": 0.076339662075,
    "tuning_frequency": 438.224517822,
    "tuning_nontempered_energy_ratio": 0.660936594009,
    "hpcp": {
        "mean": [0.0364118516445, 0.110072493553, 0.361662089825, 0.407685518265, 0.139333218336, 0.0195061657578, 0.00792381539941, 0.017750961706, 0.243320122361, 0.380396515131, 0.152527093887, 0.00216020853259, 0.00114384666085, 0.000925584114157, 0.00154147460125, 0.00796157401055, 0.0491072833538, 0.328962683678, 0.45436835289, 0.17199331522, 0.00484129693359, 0.00124556792434, 0.00688334321603, 0.0361875742674, 0.0579231306911, 0.0296846702695, 0.00314465980045, 0.00229344889522, 0.0115250991657, 0.0196692273021, 0.0227206200361, 0.0342971496284, 0.0362128093839, 0.0311755780131, 0.0256195366383, 0.0142413675785],
        "stdev": [0.134947672486, 0.19815506041, 0.40245577693, 0.460427045822, 0.160347282887, 0.0566149838269, 0.0285568162799, 0.029259223491, 0.206728368998, 0.309186369181, 0.13678970933, 0.00366525817662, 0.0018496576231, 0.00110217963811, 0.00567480549216, 0.0433129183948, 0.170587837696, 0.355440527201, 0.486244410276, 0.188452333212, 0.0203956756741, 0.00137145852204, 0.0179299432784, 0.0699463933706, 0.0754656121135, 0.0318553745747, 0.00706673692912, 0.00778836943209, 0.063242405653, 0.101509205997, 0.0751311182976, 0.16845856607, 0.112025871873, 0.0290912035853, 0.0649337023497, 0.0538189746439]
    },
    "chords_histogram": [0, 0, 0, 0, 8.82352924347, 2.94117641449, 0, 0, 0, 0, 0, 0, 0, 0, 0, 0, 0, 0, 0, 0, 0, 0, 88.2352905273, 0],