{
"metadata": {
    "version": {
        "essentia": "2.1-beta5-dev"
    }
},
"lowLevel": {
    "average_loudness": 0.99068403244,
    "barkbands_kurtosis": {
        "mean": 20.4410820007,
        "stdev": 28.0614585876
    },
    "barkbands_skewness": {
        "mean": 2.57346868515,
        "stdev": 1.94536590576
    },
    "barkbands_spread": {
        "mean": 4.6900639534,
        "stdev": 2.94629621506
    },
    "dissonance": {
        "mean": 0.169503480196,
        "stdev": 0.0766419246793
    },
    "hfc": {
        "mean": 113.160324097,
        "stdev": 115.688728333
    },
    "pitch": {
        "mean": 551.460144043,
        "stdev": 484.493103027
    },
    "pitch_instantaneous_confidence": {
        "mean": 0.756001830101,
        "stdev": 0.265118390322
    },
    "pitch_salience": {
        "mean": 0.415186107159,
        "stdev": 0.100617930293
    },
    "silence_rate_20dB": {
        "mean": 0.543478250504,
        "stdev": 0.498105973005
    },
    "silence_rate_30dB": {
        "mean": 0.173913046718,
        "stdev": 0.379034757614
    },
    "silence_rate_60dB": {
        "mean": 0,
        "stdev": 0
    },
    "spectral_centroid": {
        "mean": 424.602722168,
        "stdev": 257.714447021
    },
    "spectral_complexity": {
        "mean": 7.38043498993,
        "stdev": 1.91016924381
    },
    "spectral_crest": {
        "mean": 13.6346340179,
        "stdev": 3.5464155674
    },
    "spectral_decrease": {
        "mean": -1.47349538793e-07,
        "stdev": 9.41752489325e-08
    },
    "spectral_energy": {
        "mean": 0.289143264294,
        "stdev": 0.184445217252
    },
    "spectral_energyband_high": {
        "mean": 0.000426371814683,
        "stdev": 0.000241824949626
    },
    "spectral_energyband_low": {
        "mean": 0.130319416523,
        "stdev": 0.162284195423
    },
    "spectral_energyband_middle_high": {
        "mean": 0.0165000613779,
        "stdev": 0.0327372550964
    },
    "spectral_energyband_middle_low": {
        "mean": 0.153632938862,
        "stdev": 0.131206765771
    },
    "spectral_flatness_db": {
        "mean": 0.276120573282,
        "stdev": 0.0483981072903
    },
    "spectral_flux": {
        "mean": 0.14984293282,
        "stdev": 0.12768368423
    },
    "spectral_kurtosis": {
        "mean": 8.50862026215,
        "stdev": 4.04127550125
    },
    "spectral_rms": {
        "mean": 0.0222902372479,
        "stdev": 0.00817172694951
    },
    "spectral_rolloff": {
        "mean": 525.222900391,
        "stdev": 253.852081299
    },
    "spectral_skewness": {
        "mean": 2.83402705193,
        "stdev": 0.625411331654
    },
    "spectral_spread": {
        "mean": 12738695,
        "stdev": 3966291.75
    },
    "spectral_strongpeak": {
        "mean": 2.94226503372,
        "stdev": 2.78292632103
    },
    "zerocrossingrate": {
        "mean": 0.0223972480744,
        "stdev": 0.00854847580194
    },
    "barkbands": {
        "mean": [0.0143054202199, 0.0594365559518, 0.0448570474982, 0.0126256551594, 0.001755815465, 0.000428362662205, 0.0155053837225, 0.0962667539716, 0.0270211081952, 5.98877704761e-05, 0.000516923086252, 0.0114427609369, 0.00255056913011, 4.40388139396e-05, 0.00154041836504, 3.46452216036e-05, 0.000184551157872, 1.62663982337e-05, 9.04746702872e-05, 8.39376298245e-05, 0.000131162523758, 8.14935410745e-05, 5.20416979271e-05, 3.4606859117e-05, 3.80129313271e-05, 3.03647320834e-05, 8.81941559783e-06],
        "stdev": [0.0243916045874, 0.0708051770926, 0.0638799145818, 0.0159688554704, 0.00231112237088, 0.00149075954687, 0.0300308633596, 0.128288760781, 0.0325232371688, 0.000101810415799, 0.00112272938713, 0.0316947326064, 0.00411966862157, 6.07684123679e-05, 0.0021265479736, 2.75070105999e-05, 0.000250578596024, 1.49811949086e-05, 5.24497772858e-05, 4.63057949673e-05, 0.000108523745439, 6.64562103339e-05, 3.7764377339e-05, 2.76696791843e-05, 2.54202568613e-05, 1.91589570022e-05, 7.2602056207e-06]
    },
    "mfcc": {
        "mean": [-604.916992188, 131.624389648, 32.4964561462, 24.3965854645, -11.9272890091, 5.98032855988, -2.94699835777, -3.01617670059, 9.62254619598, 25.3492851257, 23.6076602936, 23.6857852936, 13.6799659729],
        "stdev": [26.2504711151, 23.8927650452, 37.5270080566, 29.9197502136, 13.7522668839, 11.4465999603, 14.0107107162, 10.8091945648, 9.23134231567, 13.8899869919, 12.6610507965, 10.4761419296, 11.3990802765]
    },
    "sccoeffs": {
        "mean": [-0.552489817142, -0.400821894407, -0.628523111343, -0.630058646202, -0.777740955353, -0.814169943333],
        "stdev": [0.226916909218, 0.210280671716, 0.140607997775, 0.149634584785, 0.0330537222326, 0.0156963542104]
    },
    "scvalleys": {
        "mean": [-4.20037794113, -5.01173210144, -6.58814668655, -7.17794179916, -7.24100446701, -7.88504648209],
        "stdev": [0.835121333599, 0.630390703678, 0.472633481026, 0.369287729263, 0.252497851849, 0.304280340672]
    }
},
"rhythm": {
    "bpm": 129.19921875,
    "confidence": 0,
    "first_peak_bpm": {
        "mean": 129,
        "stdev": 0
    },
    "first_peak_spread": {
        "mean": 0,
        "stdev": 0
    },
    "first_peak_weight": {
        "mean": 1,
        "stdev": 0
    },
    "onset_rate": 4.75000524521,
    "second_peak_bpm": {
        "mean": 0,
        "stdev": 0
    },
    "second_peak_spread": {
        "mean": 0,
        "stdev": 0
    },
    "second_peak_weight": {
        "mean": 0,
        "stdev": 0
    }
},
"sfx": {
    "inharmonicity": {
        "mean": 0.0130550572649,
        "stdev": 0.0342274866998
    },
    "oddtoevenharmonicenergyratio": {
        "mean": 21.0732383728,
        "stdev": 113.848236084
    },
    "pitch_after_max_to_before_max_energy_ratio": 2.06653428078,
    "pitch_centroid": 36.0165481567,
    "pitch_max_to_total": 0,
    "pitch_min_to_total": 0.706521749496,
    "tristimulus": {
        "mean": [0.644908308983, 0.280555158854, 0.07453661412],
        "stdev": [0.258208036423, 0.196327701211, 0.0939319729805]
    }
},
"tonal": {
    "chords_changes_rate": 0.0416666679084,
    "chords_number_rate": 0.0833333358169,
    "chords_strength": {
        "mean": 0.496059060097,
        "stdev": 0.00855872407556
    },
    "key_strength": 0.386376738548,
    "tuning_diatonic_strength": 0.3677559793,
    "tuning_equal_tempered_deviation": 0.104389086366,
    "tuning_frequency": 435.197479248,
    "tuning_nontempered_energy_ratio": 0.738676726818,
    "hpcp": {
        "mean": [0.339666962624, 0.205577537417, 0.0979771986604, 0.113430500031, 0.0529957450926, 0.00812502671033, 0.0158345624804, 0.0228554084897, 0.04522594437, 0.0591439008713, 0.0246345307678, 0.00161675096024, 0.0013048449764, 0.00116587721277, 0.0388697199523, 0.0893984809518, 0.0843425765634, 0.234073683619, 0.370352625847, 0.194304704666, 0.0260428134352, 0.00371512607671, 0.00295805442147, 0.00110179022886, 0.000836296647321, 0.000751954328734, 0.000576595251914, 0.00107103900518, 0.00159840623382, 0.00264905602671, 0.00380664994009, 0.0243152230978, 0.0451291687787, 0.0637594014406, 0.0981412529945, 0.223238542676],
        "stdev": [0.453597307205, 0.27309024334, 0.228858977556, 0.235454291105, 0.110983900726, 0.023546949029, 0.0655368641019, 0.0684638023376, 0.0667342171073, 0.0866635665298, 0.0372649878263, 0.00254055159166, 0.00263143680058, 0.00260562682524, 0.122804008424, 0.275602042675, 0.203636318445, 0.300274372101, 0.458188980818, 0.269521594048, 0.11916488409, 0.0105763683096, 0.0087216636166, 0.00307875755243, 0.00148510653526, 0.00153678550851, 0.000839630025439, 0.00229868432507, 0.00402041571215, 0.00375246023759, 0.00484002474695, 0.104365438223, 0.199309825897, 0.160674437881, 0.274950355291, 0.287079900503]
    },
    "chords_histogram": [0, 0, 0, 0, 4.16666650772, 0, 0, 0, 0, 0, 0, 0, 0, 0, 0, 0, 0, 0, 0, 0, 0, 0, 95.8333358765, 0],