{
"metadata": {
    "version": {
        "essentia": "2.1-beta5-dev"
    }
},
"lowLevel": {
    "average_loudness": 0.99068403244,
    "barkbands_kurtosis": {
        "mean": 20.0169582367,
        "stdev": 12.4834766388
    },
    "barkbands_skewness": {
        "mean": 3.27145648003,
        "stdev": 1.17493438721
    },
    "barkbands_spread": {
        "mean": 7.61490011215,
        "stdev": 5.81073617935
    },
    "dissonance": {
        "mean": 0.246322736144,
        "stdev": 0.045766480267
    },
    "hfc": {
        "mean": 44.0363006592,
        "stdev": 17.3386116028
    },
    "pitch": {
        "mean": 203.759979248,
        "stdev": 181.763839722
    },
    "pitch_instantaneous_confidence": {
        "mean": 0.259418398142,
        "stdev": 0.093392662704
    },
    "pitch_salience": {
        "mean": 0.582132637501,
        "stdev": 0.09010938555
    },
    "silence_rate_20dB": {
        "mean": 0.881355941296,
        "stdev": 0.323369026184
    },
    "silence_rate_30dB": {
        "mean": 0.0508474558592,
        "stdev": 0.219686001539
    },
    "silence_rate_60dB": {
        "mean": 0,
        "stdev": 0
    },
    "spectral_centroid": {
        "mean": 220.716522217,
        "stdev": 187.697235107
    },
    "spectral_complexity": {
        "mean": 13.1186437607,
        "stdev": 3.15736842155
    },
    "spectral_crest": {
        "mean": 8.99342441559,
        "stdev": 1.47529482841
    },
    "spectral_decrease": {
        "mean": -1.32665476826e-07,
        "stdev": 6.6085917183e-08
    },
    "spectral_energy": {
        "mean": 0.255082011223,
        "stdev": 0.126244157553
    },
    "spectral_energyband_high": {
        "mean": 0.00120173965115,
        "stdev": 0.000965902931057
    },
    "spectral_energyband_low": {
        "mean": 0.191572964191,
        "stdev": 0.114792361856
    },
    "spectral_energyband_middle_high": {
        "mean": 0.00240550376475,
        "stdev": 0.00112445710693
    },
    "spectral_energyband_middle_low": {
        "mean": 0.0828731879592,
        "stdev": 0.0472043119371
    },
    "spectral_flatness_db": {
        "mean": 0.19781960547,
        "stdev": 0.0382735617459
    },
    "spectral_flux": {
        "mean": 0.299469739199,
        "stdev": 0.105327814817
    },
    "spectral_kurtosis": {
        "mean": 5.48526000977,
        "stdev": 2.92210912704
    },
    "spectral_rms": {
        "mean": 0.0214662700891,
        "stdev": 0.006036139559
    },
    "spectral_rolloff": {
        "mean": 305.844482422,
        "stdev": 322.152038574
    },
    "spectral_skewness": {
        "mean": 2.36521291733,
        "stdev": 0.541832029819
    },
    "spectral_spread": {
        "mean": 16110698,
        "stdev": 4411918
    },
    "spectral_strongpeak": {
        "mean": 0.226866468787,
        "stdev": 0.305928826332
    },
    "zerocrossingrate": {
        "mean": 0.0271285753697,
        "stdev": 0.0144065096974
    },
    "barkbands": {
        "mean": [0.0327119454741, 0.0762966498733, 0.0596440397203, 0.0340807028115, 0.0148962847888, 0.0147796524689, 0.00710287550464, 0.00831296667457, 0.00357710360549, 0.000330528971972, 0.00055940070888, 0.00035361488699, 0.000497933418956, 0.000171940409928, 6.69472792652e-05, 5.68396280869e-05, 4.60065239167e-05, 2.72979941656e-05, 0.000259127351455, 0.000226656164159, 0.000311646668706, 0.000292083306704, 0.00013906082313, 9.78101015789e-05, 0.000114359500003, 9.87660896499e-05, 2.84860452666e-05],
        "stdev": [0.0282629989088, 0.0365805141628, 0.0527236051857, 0.0280353929847, 0.0152541548014, 0.0148226432502, 0.00380509742536, 0.00610382016748, 0.00287630246021, 0.000200955226319, 0.000519560067914, 0.000267030118266, 0.000417282106355, 0.000201838905923, 4.70346494694e-05, 3.24921056745e-05, 3.74027840735e-05, 2.34881317738e-05, 0.000225017545745, 0.000108074200398, 0.000245790521149, 0.00045234450954, 0.000100641911558, 8.10925266705e-05, 8.19230772322e-05, 7.72215425968e-05, 2.87169332296e-05]
    },
    "mfcc": {
        "mean": [-553.687805176, 144.975692749, 63.0248985291, 38.3933525085, -14.9418563843, 9.42055702209, 9.80941295624, -0.779847383499, -1.84207439423, 9.58669376373, 8.05447769165, 7.69286584854, 5.75397157669],
        "stdev": [26.435377121, 21.4199085236, 7.68795394897, 10.3993253708, 6.83531236649, 7.34905385971, 7.06544446945, 7.0886516571, 6.29522895813, 8.88471603394, 6.14085674286, 6.76599311829, 6.29049873352]
    },
    "sccoeffs": {
        "mean": [-0.525844752789, -0.736839711666, -0.745577871799, -0.725706040859, -0.773058891296, -0.801876187325],
        "stdev": [0.133988142014, 0.0647392719984, 0.0549197904766, 0.0472964420915, 0.0332832485437, 0.0171757042408]
    },
    "scvalleys": {
        "mean": [-2.87670183182, -3.62757277489, -5.45309495926, -6.63449859619, -6.91333675385, -7.38672399521],
        "stdev": [0.578046500683, 0.541399896145, 0.375254303217, 0.35895806551, 0.2879537642, 0.355686485767]
    }
},
"rhythm": {
    "bpm": 0,
    "confidence": 0,
    "first_peak_bpm": {
        "mean": 0,
        "stdev": 0
    },
    "first_peak_spread": {
        "mean": 0,
        "stdev": 0
    },
    "first_peak_weight": {
        "mean": 0,
        "stdev": 0
    },
    "onset_rate": 4.48398590088,
    "second_peak_bpm": {
        "mean": 0,
        "stdev": 0
    },
    "second_peak_spread": {
        "mean": 0,
        "stdev": 0
    },
    "second_peak_weight": {
        "mean": 0,
        "stdev": 0
    }
},
"sfx": {
    "inharmonicity": {
        "mean": 0.0738777145743,
        "stdev": 0.0443118289113
    },
    "oddtoevenharmonicenergyratio": {
        "mean": 6.77710294724,
        "stdev": 41.301158905
    },
    "pitch_after_max_to_before_max_energy_ratio": 0.500483691692,
    "pitch_centroid": 31.2539653778,
    "pitch_max_to_total": 0.983050823212,
    "pitch_min_to_total": 0.966101706028,
    "tristimulus": {
        "mean": [0.194376215339, 0.563146829605, 0.242476955056],
        "stdev": [0.214566484094, 0.154349043965, 0.142614096403]
    }
},
"tonal": {
    "chords_changes_rate": 0,
    "chords_number_rate": 0.0625,
    "chords_strength": {
        "mean": 0.588349223137,
        "stdev": 5.96046447754e-08
    },
    "key_strength": 0.515663921833,
    "tuning_diatonic_strength": 0.398789465427,
    "tuning_equal_tempered_deviation": 0.151394337416,
    "tuning_frequency": 434.193115234,
    "tuning_nontempered_energy_ratio": 0.909736335278,
    "hpcp": {
        "mean": [0.0354352667928, 0.0162208154798, 0.00828096549958, 0.00515646627173, 0.0031434930861, 0.0118330847472, 0.0804138630629, 0.0940521880984, 0.0313543453813, 0.0247839540243, 0.022436933592, 0.00566529296339, 0.00255227438174, 0.00490811886266, 0.00807260163128, 0.0331751331687, 0.0490313097835, 0.0355256199837, 0.0580580942333, 0.056934915483, 0.014277677983, 0.00140513037331, 0.00278153130785, 0.221981942654, 0.476972550154, 0.292803287506, 0.0391139984131, 0.00549841066822, 0.0118108103052, 0.16600304842, 0.654341638088, 0.668981730938, 0.176159888506, 0.00574229238555, 0.0108317630365, 0.0343978628516],
        "stdev": [0.119462132454, 0.0360562168062, 0.0188008546829, 0.00911972019821, 0.00502249086276, 0.010389582254, 0.0790766999125, 0.0917377769947, 0.0272418409586, 0.0461514480412, 0.0300450678915, 0.0053726057522, 0.00499226432294, 0.0122791398317, 0.0104161323979, 0.0170999485999, 0.0265453401953, 0.0316199064255, 0.0439945869148, 0.0476894825697, 0.0108261918649, 0.00282471254468, 0.00785919185728, 0.240103602409, 0.461688488722, 0.259216666222, 0.0582877323031, 0.00736988289282, 0.0360893569887, 0.0911508798599, 0.299878299236, 0.344640761614, 0.18883036077, 0.0127469161525, 0.0392977073789, 0.127002060413]
    },
    "chords_histogram": [100, 0, 0, 0, 0, 0, 0, 0, 0, 0, 0, 0, 0, 0, 0, 0, 0, 0, 0, 0, 0, 0, 0, 0],